2026-08-19T21:37:17.324+09:00  INFO 83049 --- [schedule-api] [nio-8080-exec-1] o.a.c.c.C.[Tomcat].[localhost].[/]       : Initializing Spring DispatcherServlet 'dispatcherServlet'
2026-08-19T21:37:17.341+09:00  INFO 83049 --- [schedule-api] [nio-8080-exec-1] o.s.web.servlet.DispatcherServlet        : Initializing Servlet 'dispatcherServlet'
2026-08-19T21:37:17.525+09:00  INFO 83049 --- [schedule-api] [nio-8080-exec-1] o.s.web.servlet.DispatcherServlet        : Completed initialization in 180 ms
2026-08-19T21:37:18.955+09:00 DEBUG 83049 --- [schedule-api] [nio-8080-exec-1] org.hibernate.SQL                        :
    select
        s1_0.schedule_id,
        s1_0.category_id,
        s1_0.content,
        s1_0.created_at,
        s1_0.end_at,
        s1_0.member_id,
        s1_0.start_at,
        s1_0.title,
        s1_0.updated_at
    from
        schedule s1_0
2026-08-19T21:37:19.623+09:00 DEBUG 83049 --- [schedule-api] [nio-8080-exec-1] org.hibernate.SQL                        :
    select
        m1_0.member_id,
        m1_0.created_at,
        m1_0.email,
        m1_0.name,
        m1_0.updated_at
    from
        member m1_0
    where
        m1_0.member_id=?
2026-08-19T21:37:19.627+09:00 TRACE 83049 --- [schedule-api] [nio-8080-exec-1] org.hibernate.orm.jdbc.bind              : binding parameter (1:BIGINT) <- [1]
2026-08-19T21:37:19.643+09:00 DEBUG 83049 --- [schedule-api] [nio-8080-exec-1] org.hibernate.SQL                        :
    select
        c1_0.category_id,
        c1_0.color,
        c1_0.created_at,
        c1_0.name,
        c1_0.updated_at
    from
        category c1_0
    where
        c1_0.category_id=?
2026-08-19T21:37:19.644+09:00 TRACE 83049 --- [schedule-api] [nio-8080-exec-1] org.hibernate.orm.jdbc.bind              : binding parameter (1:BIGINT) <- [1]
2026-08-19T21:37:19.648+09:00 DEBUG 83049 --- [schedule-api] [nio-8080-exec-1] org.hibernate.SQL                        :
    select
        c1_0.category_id,
        c1_0.color,
        c1_0.created_at,
        c1_0.name,
        c1_0.updated_at
    from
        category c1_0
    where
        c1_0.category_id=?
2026-08-19T21:37:19.648+09:00 TRACE 83049 --- [schedule-api] [nio-8080-exec-1] org.hibernate.orm.jdbc.bind              : binding parameter (1:BIGINT) <- [2]
2026-08-19T21:37:19.650+09:00 DEBUG 83049 --- [schedule-api] [nio-8080-exec-1] org.hibernate.SQL                        :
    select
        m1_0.member_id,
        m1_0.created_at,
        m1_0.email,
        m1_0.name,
        m1_0.updated_at
    from
        member m1_0
    where
        m1_0.member_id=?
2026-08-19T21:37:19.650+09:00 TRACE 83049 --- [schedule-api] [nio-8080-exec-1] org.hibernate.orm.jdbc.bind              : binding parameter (1:BIGINT) <- [2]
2026-08-19T21:37:19.651+09:00 DEBUG 83049 --- [schedule-api] [nio-8080-exec-1] org.hibernate.SQL                        :
    select
        m1_0.member_id,
        m1_0.created_at,
        m1_0.email,
        m1_0.name,
        m1_0.updated_at
    from
        member m1_0
    where
        m1_0.member_id=?
2026-08-19T21:37:19.651+09:00 TRACE 83049 --- [schedule-api] [nio-8080-exec-1] org.hibernate.orm.jdbc.bind              : binding parameter (1:BIGINT) <- [3]
2026-08-19T21:37:19.651+09:00 DEBUG 83049 --- [schedule-api] [nio-8080-exec-1] org.hibernate.SQL                        :
    select
        m1_0.member_id,
        m1_0.created_at,
        m1_0.email,
        m1_0.name,
        m1_0.updated_at
    from
        member m1_0
    where
        m1_0.member_id=?
2026-08-19T21:37:19.651+09:00 TRACE 83049 --- [schedule-api] [nio-8080-exec-1] org.hibernate.orm.jdbc.bind              : binding parameter (1:BIGINT) <- [4]
2026-08-19T21:37:19.651+09:00 DEBUG 83049 --- [schedule-api] [nio-8080-exec-1] org.hibernate.SQL                        :
    select
        m1_0.member_id,
        m1_0.created_at,
        m1_0.email,
        m1_0.name,
        m1_0.updated_at
    from
        member m1_0
    where
        m1_0.member_id=?
2026-08-19T21:37:19.651+09:00 TRACE 83049 --- [schedule-api] [nio-8080-exec-1] org.hibernate.orm.jdbc.bind              : binding parameter (1:BIGINT) <- [5]
2026-08-19T21:37:19.651+09:00 DEBUG 83049 --- [schedule-api] [nio-8080-exec-1] org.hibernate.SQL                        :
    select
        m1_0.member_id,
        m1_0.created_at,
        m1_0.email,
        m1_0.name,
        m1_0.updated_at
    from
        member m1_0
    where
        m1_0.member_id=?
2026-08-19T21:37:19.651+09:00 TRACE 83049 --- [schedule-api] [nio-8080-exec-1] org.hibernate.orm.jdbc.bind              : binding parameter (1:BIGINT) <- [6]
2026-08-19T21:37:19.651+09:00 DEBUG 83049 --- [schedule-api] [nio-8080-exec-1] org.hibernate.SQL                        :
    select
        m1_0.member_id,
        m1_0.created_at,
        m1_0.email,
        m1_0.name,
        m1_0.updated_at
    from
        member m1_0
    where
        m1_0.member_id=?
2026-08-19T21:37:19.651+09:00 TRACE 83049 --- [schedule-api] [nio-8080-exec-1] org.hibernate.orm.jdbc.bind              : binding parameter (1:BIGINT) <- [7]
2026-08-19T21:37:19.652+09:00 DEBUG 83049 --- [schedule-api] [nio-8080-exec-1] org.hibernate.SQL                        :
    select
        m1_0.member_id,
        m1_0.created_at,
        m1_0.email,
        m1_0.name,
        m1_0.updated_at
    from
        member m1_0
    where
        m1_0.member_id=?
2026-08-19T21:37:19.652+09:00 TRACE 83049 --- [schedule-api] [nio-8080-exec-1] org.hibernate.orm.jdbc.bind              : binding parameter (1:BIGINT) <- [8]
2026-08-19T21:37:19.652+09:00 DEBUG 83049 --- [schedule-api] [nio-8080-exec-1] org.hibernate.SQL                        :
    select
        m1_0.member_id,
        m1_0.created_at,
        m1_0.email,
        m1_0.name,
        m1_0.updated_at
    from
        member m1_0
    where
        m1_0.member_id=?
2026-08-19T21:37:19.652+09:00 TRACE 83049 --- [schedule-api] [nio-8080-exec-1] org.hibernate.orm.jdbc.bind              : binding parameter (1:BIGINT) <- [9]
2026-08-19T21:37:19.653+09:00 DEBUG 83049 --- [schedule-api] [nio-8080-exec-1] org.hibernate.SQL                        :
    select
        m1_0.member_id,
        m1_0.created_at,
        m1_0.email,
        m1_0.name,
        m1_0.updated_at
    from
        member m1_0
    where
        m1_0.member_id=?
2026-08-19T21:37:19.653+09:00 TRACE 83049 --- [schedule-api] [nio-8080-exec-1] org.hibernate.orm.jdbc.bind              : binding parameter (1:BIGINT) <- [10]
2026-08-19T21:37:19.656+09:00 DEBUG 83049 --- [schedule-api] [nio-8080-exec-1] org.hibernate.SQL                        :
    select
        m1_0.member_id,
        m1_0.created_at,
        m1_0.email,
        m1_0.name,
        m1_0.updated_at
    from
        member m1_0
    where
        m1_0.member_id=?
2026-08-19T21:37:19.656+09:00 TRACE 83049 --- [schedule-api] [nio-8080-exec-1] org.hibernate.orm.jdbc.bind              : binding parameter (1:BIGINT) <- [11]
2026-08-19T21:37:19.657+09:00 DEBUG 83049 --- [schedule-api] [nio-8080-exec-1] org.hibernate.SQL                        :
    select
        m1_0.member_id,
        m1_0.created_at,
        m1_0.email,
        m1_0.name,
        m1_0.updated_at
    from
        member m1_0
    where
        m1_0.member_id=?
2026-08-19T21:37:19.657+09:00 TRACE 83049 --- [schedule-api] [nio-8080-exec-1] org.hibernate.orm.jdbc.bind              : binding parameter (1:BIGINT) <- [12]
2026-08-19T21:37:19.657+09:00 DEBUG 83049 --- [schedule-api] [nio-8080-exec-1] org.hibernate.SQL                        :
    select
        m1_0.member_id,
        m1_0.created_at,
        m1_0.email,
        m1_0.name,
        m1_0.updated_at
    from
        member m1_0
    where
        m1_0.member_id=?
2026-08-19T21:37:19.657+09:00 TRACE 83049 --- [schedule-api] [nio-8080-exec-1] org.hibernate.orm.jdbc.bind              : binding parameter (1:BIGINT) <- [13]
2026-08-19T21:37:19.657+09:00 DEBUG 83049 --- [schedule-api] [nio-8080-exec-1] org.hibernate.SQL                        :
    select
        m1_0.member_id,
        m1_0.created_at,
        m1_0.email,
        m1_0.name,
        m1_0.updated_at
    from
        member m1_0
    where
        m1_0.member_id=?
2026-08-19T21:37:19.657+09:00 TRACE 83049 --- [schedule-api] [nio-8080-exec-1] org.hibernate.orm.jdbc.bind              : binding parameter (1:BIGINT) <- [14]
2026-08-19T21:37:19.657+09:00 DEBUG 83049 --- [schedule-api] [nio-8080-exec-1] org.hibernate.SQL                        :
    select
        m1_0.member_id,
        m1_0.created_at,
        m1_0.email,
        m1_0.name,
        m1_0.updated_at
    from
        member m1_0
    where
        m1_0.member_id=?
2026-08-19T21:37:19.657+09:00 TRACE 83049 --- [schedule-api] [nio-8080-exec-1] org.hibernate.orm.jdbc.bind              : binding parameter (1:BIGINT) <- [15]
2026-08-19T21:37:19.658+09:00 DEBUG 83049 --- [schedule-api] [nio-8080-exec-1] org.hibernate.SQL                        :
    select
        m1_0.member_id,
        m1_0.created_at,
        m1_0.email,
        m1_0.name,
        m1_0.updated_at
    from
        member m1_0
    where
        m1_0.member_id=?
2026-08-19T21:37:19.658+09:00 TRACE 83049 --- [schedule-api] [nio-8080-exec-1] org.hibernate.orm.jdbc.bind              : binding parameter (1:BIGINT) <- [16]
2026-08-19T21:37:19.658+09:00 DEBUG 83049 --- [schedule-api] [nio-8080-exec-1] org.hibernate.SQL                        :
    select
        m1_0.member_id,
        m1_0.created_at,
        m1_0.email,
        m1_0.name,
        m1_0.updated_at
    from
        member m1_0
    where
        m1_0.member_id=?
2026-08-19T21:37:19.658+09:00 TRACE 83049 --- [schedule-api] [nio-8080-exec-1] org.hibernate.orm.jdbc.bind              : binding parameter (1:BIGINT) <- [17]
2026-08-19T21:37:19.658+09:00 DEBUG 83049 --- [schedule-api] [nio-8080-exec-1] org.hibernate.SQL                        :
    select
        m1_0.member_id,
        m1_0.created_at,
        m1_0.email,
        m1_0.name,
        m1_0.updated_at
    from
        member m1_0
    where
        m1_0.member_id=?
2026-08-19T21:37:19.658+09:00 TRACE 83049 --- [schedule-api] [nio-8080-exec-1] org.hibernate.orm.jdbc.bind              : binding parameter (1:BIGINT) <- [18]
2026-08-19T21:37:19.659+09:00 DEBUG 83049 --- [schedule-api] [nio-8080-exec-1] org.hibernate.SQL                        :
    select
        m1_0.member_id,
        m1_0.created_at,
        m1_0.email,
        m1_0.name,
        m1_0.updated_at
    from
        member m1_0
    where
        m1_0.member_id=?
2026-08-19T21:37:19.659+09:00 TRACE 83049 --- [schedule-api] [nio-8080-exec-1] org.hibernate.orm.jdbc.bind              : binding parameter (1:BIGINT) <- [19]
2026-08-19T21:37:19.659+09:00 DEBUG 83049 --- [schedule-api] [nio-8080-exec-1] org.hibernate.SQL                        :
    select
        m1_0.member_id,
        m1_0.created_at,
        m1_0.email,
        m1_0.name,
        m1_0.updated_at
    from
        member m1_0
    where
        m1_0.member_id=?
2026-08-19T21:37:19.659+09:00 TRACE 83049 --- [schedule-api] [nio-8080-exec-1] org.hibernate.orm.jdbc.bind              : binding parameter (1:BIGINT) <- [20]
2026-08-19T21:37:19.659+09:00 DEBUG 83049 --- [schedule-api] [nio-8080-exec-1] org.hibernate.SQL                        :
    select
        m1_0.member_id,
        m1_0.created_at,
        m1_0.email,
        m1_0.name,
        m1_0.updated_at
    from
        member m1_0
    where
        m1_0.member_id=?
2026-08-19T21:37:19.659+09:00 TRACE 83049 --- [schedule-api] [nio-8080-exec-1] org.hibernate.orm.jdbc.bind              : binding parameter (1:BIGINT) <- [21]
2026-08-19T21:37:19.659+09:00 DEBUG 83049 --- [schedule-api] [nio-8080-exec-1] org.hibernate.SQL                        :
    select
        m1_0.member_id,
        m1_0.created_at,
        m1_0.email,
        m1_0.name,
        m1_0.updated_at
    from
        member m1_0
    where
        m1_0.member_id=?
2026-08-19T21:37:19.659+09:00 TRACE 83049 --- [schedule-api] [nio-8080-exec-1] org.hibernate.orm.jdbc.bind              : binding parameter (1:BIGINT) <- [22]
2026-08-19T21:37:19.659+09:00 DEBUG 83049 --- [schedule-api] [nio-8080-exec-1] org.hibernate.SQL                        :
    select
        m1_0.member_id,
        m1_0.created_at,
        m1_0.email,
        m1_0.name,
        m1_0.updated_at
    from
        member m1_0
    where
        m1_0.member_id=?
2026-08-19T21:37:19.659+09:00 TRACE 83049 --- [schedule-api] [nio-8080-exec-1] org.hibernate.orm.jdbc.bind              : binding parameter (1:BIGINT) <- [23]
2026-08-19T21:37:19.660+09:00 DEBUG 83049 --- [schedule-api] [nio-8080-exec-1] org.hibernate.SQL                        :
    select
        m1_0.member_id,
        m1_0.created_at,
        m1_0.email,
        m1_0.name,
        m1_0.updated_at
    from
        member m1_0
    where
        m1_0.member_id=?
2026-08-19T21:37:19.660+09:00 TRACE 83049 --- [schedule-api] [nio-8080-exec-1] org.hibernate.orm.jdbc.bind              : binding parameter (1:BIGINT) <- [24]
2026-08-19T21:37:19.660+09:00 DEBUG 83049 --- [schedule-api] [nio-8080-exec-1] org.hibernate.SQL                        :
    select
        m1_0.member_id,
        m1_0.created_at,
        m1_0.email,
        m1_0.name,
        m1_0.updated_at
    from
        member m1_0
    where
        m1_0.member_id=?
2026-08-19T21:37:19.660+09:00 TRACE 83049 --- [schedule-api] [nio-8080-exec-1] org.hibernate.orm.jdbc.bind              : binding parameter (1:BIGINT) <- [25]
2026-08-19T21:37:19.660+09:00 DEBUG 83049 --- [schedule-api] [nio-8080-exec-1] org.hibernate.SQL                        :
    select
        m1_0.member_id,
        m1_0.created_at,
        m1_0.email,
        m1_0.name,
        m1_0.updated_at
    from
        member m1_0
    where
        m1_0.member_id=?
2026-08-19T21:37:19.660+09:00 TRACE 83049 --- [schedule-api] [nio-8080-exec-1] org.hibernate.orm.jdbc.bind              : binding parameter (1:BIGINT) <- [26]
2026-08-19T21:37:19.660+09:00 DEBUG 83049 --- [schedule-api] [nio-8080-exec-1] org.hibernate.SQL                        :
    select
        m1_0.member_id,
        m1_0.created_at,
        m1_0.email,
        m1_0.name,
        m1_0.updated_at
    from
        member m1_0
    where
        m1_0.member_id=?
2026-08-19T21:37:19.660+09:00 TRACE 83049 --- [schedule-api] [nio-8080-exec-1] org.hibernate.orm.jdbc.bind              : binding parameter (1:BIGINT) <- [27]
2026-08-19T21:37:19.661+09:00 DEBUG 83049 --- [schedule-api] [nio-8080-exec-1] org.hibernate.SQL                        :
    select
        m1_0.member_id,
        m1_0.created_at,
        m1_0.email,
        m1_0.name,
        m1_0.updated_at
    from
        member m1_0
    where
        m1_0.member_id=?
2026-08-19T21:37:19.661+09:00 TRACE 83049 --- [schedule-api] [nio-8080-exec-1] org.hibernate.orm.jdbc.bind              : binding parameter (1:BIGINT) <- [28]
2026-08-19T21:37:19.661+09:00 DEBUG 83049 --- [schedule-api] [nio-8080-exec-1] org.hibernate.SQL                        :
    select
        m1_0.member_id,
        m1_0.created_at,
        m1_0.email,
        m1_0.name,
        m1_0.updated_at
    from
        member m1_0
    where
        m1_0.member_id=?
2026-08-19T21:37:19.662+09:00 TRACE 83049 --- [schedule-api] [nio-8080-exec-1] org.hibernate.orm.jdbc.bind              : binding parameter (1:BIGINT) <- [29]
2026-08-19T21:37:19.662+09:00 DEBUG 83049 --- [schedule-api] [nio-8080-exec-1] org.hibernate.SQL                        :
    select
        m1_0.member_id,
        m1_0.created_at,
        m1_0.email,
        m1_0.name,
        m1_0.updated_at
    from
        member m1_0
    where
        m1_0.member_id=?
2026-08-19T21:37:19.662+09:00 TRACE 83049 --- [schedule-api] [nio-8080-exec-1] org.hibernate.orm.jdbc.bind              : binding parameter (1:BIGINT) <- [30]
2026-08-19T21:37:19.662+09:00 DEBUG 83049 --- [schedule-api] [nio-8080-exec-1] org.hibernate.SQL                        :
    select
        m1_0.member_id,
        m1_0.created_at,
        m1_0.email,
        m1_0.name,
        m1_0.updated_at
    from
        member m1_0
    where
        m1_0.member_id=?
2026-08-19T21:37:19.662+09:00 TRACE 83049 --- [schedule-api] [nio-8080-exec-1] org.hibernate.orm.jdbc.bind              : binding parameter (1:BIGINT) <- [31]
2026-08-19T21:37:19.663+09:00 DEBUG 83049 --- [schedule-api] [nio-8080-exec-1] org.hibernate.SQL                        :
    select
        m1_0.member_id,
        m1_0.created_at,
        m1_0.email,
        m1_0.name,
        m1_0.updated_at
    from
        member m1_0
    where
        m1_0.member_id=?
2026-08-19T21:37:19.663+09:00 TRACE 83049 --- [schedule-api] [nio-8080-exec-1] org.hibernate.orm.jdbc.bind              : binding parameter (1:BIGINT) <- [32]
2026-08-19T21:37:19.663+09:00 DEBUG 83049 --- [schedule-api] [nio-8080-exec-1] org.hibernate.SQL                        :
    select
        m1_0.member_id,
        m1_0.created_at,
        m1_0.email,
        m1_0.name,
        m1_0.updated_at
    from
        member m1_0
    where
        m1_0.member_id=?
2026-08-19T21:37:19.663+09:00 TRACE 83049 --- [schedule-api] [nio-8080-exec-1] org.hibernate.orm.jdbc.bind              : binding parameter (1:BIGINT) <- [33]
2026-08-19T21:37:19.663+09:00 DEBUG 83049 --- [schedule-api] [nio-8080-exec-1] org.hibernate.SQL                        :
    select
        m1_0.member_id,
        m1_0.created_at,
        m1_0.email,
        m1_0.name,
        m1_0.updated_at
    from
        member m1_0
    where
        m1_0.member_id=?
2026-08-19T21:37:19.663+09:00 TRACE 83049 --- [schedule-api] [nio-8080-exec-1] org.hibernate.orm.jdbc.bind              : binding parameter (1:BIGINT) <- [34]
2026-08-19T21:37:19.664+09:00 DEBUG 83049 --- [schedule-api] [nio-8080-exec-1] org.hibernate.SQL                        :
    select
        m1_0.member_id,
        m1_0.created_at,
        m1_0.email,
        m1_0.name,
        m1_0.updated_at
    from
        member m1_0
    where
        m1_0.member_id=?
2026-08-19T21:37:19.664+09:00 TRACE 83049 --- [schedule-api] [nio-8080-exec-1] org.hibernate.orm.jdbc.bind              : binding parameter (1:BIGINT) <- [35]
2026-08-19T21:37:19.664+09:00 DEBUG 83049 --- [schedule-api] [nio-8080-exec-1] org.hibernate.SQL                        :
    select
        m1_0.member_id,
        m1_0.created_at,
        m1_0.email,
        m1_0.name,
        m1_0.updated_at
    from
        member m1_0
    where
        m1_0.member_id=?
2026-08-19T21:37:19.664+09:00 TRACE 83049 --- [schedule-api] [nio-8080-exec-1] org.hibernate.orm.jdbc.bind              : binding parameter (1:BIGINT) <- [36]
2026-08-19T21:37:19.664+09:00 DEBUG 83049 --- [schedule-api] [nio-8080-exec-1] org.hibernate.SQL                        :
    select
        m1_0.member_id,
        m1_0.created_at,
        m1_0.email,
        m1_0.name,
        m1_0.updated_at
    from
        member m1_0
    where
        m1_0.member_id=?
2026-08-19T21:37:19.664+09:00 TRACE 83049 --- [schedule-api] [nio-8080-exec-1] org.hibernate.orm.jdbc.bind              : binding parameter (1:BIGINT) <- [37]
2026-08-19T21:37:19.664+09:00 DEBUG 83049 --- [schedule-api] [nio-8080-exec-1] org.hibernate.SQL                        :
    select
        m1_0.member_id,
        m1_0.created_at,
        m1_0.email,
        m1_0.name,
        m1_0.updated_at
    from
        member m1_0
    where
        m1_0.member_id=?
2026-08-19T21:37:19.664+09:00 TRACE 83049 --- [schedule-api] [nio-8080-exec-1] org.hibernate.orm.jdbc.bind              : binding parameter (1:BIGINT) <- [38]
2026-08-19T21:37:19.665+09:00 DEBUG 83049 --- [schedule-api] [nio-8080-exec-1] org.hibernate.SQL                        :
    select
        m1_0.member_id,
        m1_0.created_at,
        m1_0.email,
        m1_0.name,
        m1_0.updated_at
    from
        member m1_0
    where
        m1_0.member_id=?
2026-08-19T21:37:19.665+09:00 TRACE 83049 --- [schedule-api] [nio-8080-exec-1] org.hibernate.orm.jdbc.bind              : binding parameter (1:BIGINT) <- [39]
2026-08-19T21:37:19.665+09:00 DEBUG 83049 --- [schedule-api] [nio-8080-exec-1] org.hibernate.SQL                        :
    select
        m1_0.member_id,
        m1_0.created_at,
        m1_0.email,
        m1_0.name,
        m1_0.updated_at
    from
        member m1_0
    where
        m1_0.member_id=?
2026-08-19T21:37:19.665+09:00 TRACE 83049 --- [schedule-api] [nio-8080-exec-1] org.hibernate.orm.jdbc.bind              : binding parameter (1:BIGINT) <- [40]
2026-08-19T21:37:19.665+09:00 DEBUG 83049 --- [schedule-api] [nio-8080-exec-1] org.hibernate.SQL                        :
    select
        m1_0.member_id,
        m1_0.created_at,
        m1_0.email,
        m1_0.name,
        m1_0.updated_at
    from
        member m1_0
    where
        m1_0.member_id=?
2026-08-19T21:37:19.665+09:00 TRACE 83049 --- [schedule-api] [nio-8080-exec-1] org.hibernate.orm.jdbc.bind              : binding parameter (1:BIGINT) <- [41]
2026-08-19T21:37:19.665+09:00 DEBUG 83049 --- [schedule-api] [nio-8080-exec-1] org.hibernate.SQL                        :
    select
        m1_0.member_id,
        m1_0.created_at,
        m1_0.email,
        m1_0.name,
        m1_0.updated_at
    from
        member m1_0
    where
        m1_0.member_id=?
2026-08-19T21:37:19.665+09:00 TRACE 83049 --- [schedule-api] [nio-8080-exec-1] org.hibernate.orm.jdbc.bind              : binding parameter (1:BIGINT) <- [42]
2026-08-19T21:37:19.665+09:00 DEBUG 83049 --- [schedule-api] [nio-8080-exec-1] org.hibernate.SQL                        :
    select
        m1_0.member_id,
        m1_0.created_at,
        m1_0.email,
        m1_0.name,
        m1_0.updated_at
    from
        member m1_0
    where
        m1_0.member_id=?
2026-08-19T21:37:19.665+09:00 TRACE 83049 --- [schedule-api] [nio-8080-exec-1] org.hibernate.orm.jdbc.bind              : binding parameter (1:BIGINT) <- [43]
2026-08-19T21:37:19.666+09:00 DEBUG 83049 --- [schedule-api] [nio-8080-exec-1] org.hibernate.SQL                        :
    select
        m1_0.member_id,
        m1_0.created_at,
        m1_0.email,
        m1_0.name,
        m1_0.updated_at
    from
        member m1_0
    where
        m1_0.member_id=?
2026-08-19T21:37:19.666+09:00 TRACE 83049 --- [schedule-api] [nio-8080-exec-1] org.hibernate.orm.jdbc.bind              : binding parameter (1:BIGINT) <- [44]
2026-08-19T21:37:19.666+09:00 DEBUG 83049 --- [schedule-api] [nio-8080-exec-1] org.hibernate.SQL                        :
    select
        m1_0.member_id,
        m1_0.created_at,
        m1_0.email,
        m1_0.name,
        m1_0.updated_at
    from
        member m1_0
    where
        m1_0.member_id=?
2026-08-19T21:37:19.666+09:00 TRACE 83049 --- [schedule-api] [nio-8080-exec-1] org.hibernate.orm.jdbc.bind              : binding parameter (1:BIGINT) <- [45]
2026-08-19T21:37:19.666+09:00 DEBUG 83049 --- [schedule-api] [nio-8080-exec-1] org.hibernate.SQL                        :
    select
        m1_0.member_id,
        m1_0.created_at,
        m1_0.email,
        m1_0.name,
        m1_0.updated_at
    from
        member m1_0
    where
        m1_0.member_id=?
2026-08-19T21:37:19.666+09:00 TRACE 83049 --- [schedule-api] [nio-8080-exec-1] org.hibernate.orm.jdbc.bind              : binding parameter (1:BIGINT) <- [46]
2026-08-19T21:37:19.666+09:00 DEBUG 83049 --- [schedule-api] [nio-8080-exec-1] org.hibernate.SQL                        :
    select
        m1_0.member_id,
        m1_0.created_at,
        m1_0.email,
        m1_0.name,
        m1_0.updated_at
    from
        member m1_0
    where
        m1_0.member_id=?
2026-08-19T21:37:19.666+09:00 TRACE 83049 --- [schedule-api] [nio-8080-exec-1] org.hibernate.orm.jdbc.bind              : binding parameter (1:BIGINT) <- [47]
2026-08-19T21:37:19.666+09:00 DEBUG 83049 --- [schedule-api] [nio-8080-exec-1] org.hibernate.SQL                        :
    select
        m1_0.member_id,
        m1_0.created_at,
        m1_0.email,
        m1_0.name,
        m1_0.updated_at
    from
        member m1_0
    where
        m1_0.member_id=?
2026-08-19T21:37:19.666+09:00 TRACE 83049 --- [schedule-api] [nio-8080-exec-1] org.hibernate.orm.jdbc.bind              : binding parameter (1:BIGINT) <- [48]
2026-08-19T21:37:19.666+09:00 DEBUG 83049 --- [schedule-api] [nio-8080-exec-1] org.hibernate.SQL                        :
    select
        m1_0.member_id,
        m1_0.created_at,
        m1_0.email,
        m1_0.name,
        m1_0.updated_at
    from
        member m1_0
    where
        m1_0.member_id=?
2026-08-19T21:37:19.667+09:00 TRACE 83049 --- [schedule-api] [nio-8080-exec-1] org.hibernate.orm.jdbc.bind              : binding parameter (1:BIGINT) <- [49]
2026-08-19T21:37:19.667+09:00 DEBUG 83049 --- [schedule-api] [nio-8080-exec-1] org.hibernate.SQL                        :
    select
        m1_0.member_id,
        m1_0.created_at,
        m1_0.email,
        m1_0.name,
        m1_0.updated_at
    from
        member m1_0
    where
        m1_0.member_id=?
2026-08-19T21:37:19.667+09:00 TRACE 83049 --- [schedule-api] [nio-8080-exec-1] org.hibernate.orm.jdbc.bind              : binding parameter (1:BIGINT) <- [50]
2026-08-19T21:37:19.667+09:00 DEBUG 83049 --- [schedule-api] [nio-8080-exec-1] org.hibernate.SQL                        :
    select
        m1_0.member_id,
        m1_0.created_at,
        m1_0.email,
        m1_0.name,
        m1_0.updated_at
    from
        member m1_0
    where
        m1_0.member_id=?
2026-08-19T21:37:19.667+09:00 TRACE 83049 --- [schedule-api] [nio-8080-exec-1] org.hibernate.orm.jdbc.bind              : binding parameter (1:BIGINT) <- [51]
2026-08-19T21:37:19.667+09:00 DEBUG 83049 --- [schedule-api] [nio-8080-exec-1] org.hibernate.SQL                        :
    select
        m1_0.member_id,
        m1_0.created_at,
        m1_0.email,
        m1_0.name,
        m1_0.updated_at
    from
        member m1_0
    where
        m1_0.member_id=?
2026-08-19T21:37:19.667+09:00 TRACE 83049 --- [schedule-api] [nio-8080-exec-1] org.hibernate.orm.jdbc.bind              : binding parameter (1:BIGINT) <- [52]
2026-08-19T21:37:19.667+09:00 DEBUG 83049 --- [schedule-api] [nio-8080-exec-1] org.hibernate.SQL                        :
    select
        m1_0.member_id,
        m1_0.created_at,
        m1_0.email,
        m1_0.name,
        m1_0.updated_at
    from
        member m1_0
    where
        m1_0.member_id=?
2026-08-19T21:37:19.667+09:00 TRACE 83049 --- [schedule-api] [nio-8080-exec-1] org.hibernate.orm.jdbc.bind              : binding parameter (1:BIGINT) <- [53]
2026-08-19T21:37:19.668+09:00 DEBUG 83049 --- [schedule-api] [nio-8080-exec-1] org.hibernate.SQL                        :
    select
        m1_0.member_id,
        m1_0.created_at,
        m1_0.email,
        m1_0.name,
        m1_0.updated_at
    from
        member m1_0
    where
        m1_0.member_id=?
2026-08-19T21:37:19.668+09:00 TRACE 83049 --- [schedule-api] [nio-8080-exec-1] org.hibernate.orm.jdbc.bind              : binding parameter (1:BIGINT) <- [54]
2026-08-19T21:37:19.668+09:00 DEBUG 83049 --- [schedule-api] [nio-8080-exec-1] org.hibernate.SQL                        :
    select
        m1_0.member_id,
        m1_0.created_at,
        m1_0.email,
        m1_0.name,
        m1_0.updated_at
    from
        member m1_0
    where
        m1_0.member_id=?
2026-08-19T21:37:19.668+09:00 TRACE 83049 --- [schedule-api] [nio-8080-exec-1] org.hibernate.orm.jdbc.bind              : binding parameter (1:BIGINT) <- [55]
2026-08-19T21:37:19.668+09:00 DEBUG 83049 --- [schedule-api] [nio-8080-exec-1] org.hibernate.SQL                        :
    select
        m1_0.member_id,
        m1_0.created_at,
        m1_0.email,
        m1_0.name,
        m1_0.updated_at
    from
        member m1_0
    where
        m1_0.member_id=?
2026-08-19T21:37:19.668+09:00 TRACE 83049 --- [schedule-api] [nio-8080-exec-1] org.hibernate.orm.jdbc.bind              : binding parameter (1:BIGINT) <- [56]
2026-08-19T21:37:19.669+09:00 DEBUG 83049 --- [schedule-api] [nio-8080-exec-1] org.hibernate.SQL                        :
    select
        m1_0.member_id,
        m1_0.created_at,
        m1_0.email,
        m1_0.name,
        m1_0.updated_at
    from
        member m1_0
    where
        m1_0.member_id=?
2026-08-19T21:37:19.669+09:00 TRACE 83049 --- [schedule-api] [nio-8080-exec-1] org.hibernate.orm.jdbc.bind              : binding parameter (1:BIGINT) <- [57]
2026-08-19T21:37:19.672+09:00 DEBUG 83049 --- [schedule-api] [nio-8080-exec-1] org.hibernate.SQL                        :
    select
        m1_0.member_id,
        m1_0.created_at,
        m1_0.email,
        m1_0.name,
        m1_0.updated_at
    from
        member m1_0
    where
        m1_0.member_id=?
2026-08-19T21:37:19.672+09:00 TRACE 83049 --- [schedule-api] [nio-8080-exec-1] org.hibernate.orm.jdbc.bind              : binding parameter (1:BIGINT) <- [58]
2026-08-19T21:37:19.672+09:00 DEBUG 83049 --- [schedule-api] [nio-8080-exec-1] org.hibernate.SQL                        :
    select
        m1_0.member_id,
        m1_0.created_at,
        m1_0.email,
        m1_0.name,
        m1_0.updated_at
    from
        member m1_0
    where
        m1_0.member_id=?
2026-08-19T21:37:19.672+09:00 TRACE 83049 --- [schedule-api] [nio-8080-exec-1] org.hibernate.orm.jdbc.bind              : binding parameter (1:BIGINT) <- [59]
2026-08-19T21:37:19.672+09:00 DEBUG 83049 --- [schedule-api] [nio-8080-exec-1] org.hibernate.SQL                        :
    select
        m1_0.member_id,
        m1_0.created_at,
        m1_0.email,
        m1_0.name,
        m1_0.updated_at
    from
        member m1_0
    where
        m1_0.member_id=?
2026-08-19T21:37:19.672+09:00 TRACE 83049 --- [schedule-api] [nio-8080-exec-1] org.hibernate.orm.jdbc.bind              : binding parameter (1:BIGINT) <- [60]
2026-08-19T21:37:19.673+09:00 DEBUG 83049 --- [schedule-api] [nio-8080-exec-1] org.hibernate.SQL                        :
    select
        m1_0.member_id,
        m1_0.created_at,
        m1_0.email,
        m1_0.name,
        m1_0.updated_at
    from
        member m1_0
    where
        m1_0.member_id=?
2026-08-19T21:37:19.673+09:00 TRACE 83049 --- [schedule-api] [nio-8080-exec-1] org.hibernate.orm.jdbc.bind              : binding parameter (1:BIGINT) <- [61]
2026-08-19T21:37:19.673+09:00 DEBUG 83049 --- [schedule-api] [nio-8080-exec-1] org.hibernate.SQL                        :
    select
        m1_0.member_id,
        m1_0.created_at,
        m1_0.email,
        m1_0.name,
        m1_0.updated_at
    from
        member m1_0
    where
        m1_0.member_id=?
2026-08-19T21:37:19.673+09:00 TRACE 83049 --- [schedule-api] [nio-8080-exec-1] org.hibernate.orm.jdbc.bind              : binding parameter (1:BIGINT) <- [62]
2026-08-19T21:37:19.674+09:00 DEBUG 83049 --- [schedule-api] [nio-8080-exec-1] org.hibernate.SQL                        :
    select
        m1_0.member_id,
        m1_0.created_at,
        m1_0.email,
        m1_0.name,
        m1_0.updated_at
    from
        member m1_0
    where
        m1_0.member_id=?
2026-08-19T21:37:19.674+09:00 TRACE 83049 --- [schedule-api] [nio-8080-exec-1] org.hibernate.orm.jdbc.bind              : binding parameter (1:BIGINT) <- [63]
2026-08-19T21:37:19.674+09:00 DEBUG 83049 --- [schedule-api] [nio-8080-exec-1] org.hibernate.SQL                        :
    select
        m1_0.member_id,
        m1_0.created_at,
        m1_0.email,
        m1_0.name,
        m1_0.updated_at
    from
        member m1_0
    where
        m1_0.member_id=?
2026-08-19T21:37:19.674+09:00 TRACE 83049 --- [schedule-api] [nio-8080-exec-1] org.hibernate.orm.jdbc.bind              : binding parameter (1:BIGINT) <- [64]
2026-08-19T21:37:19.676+09:00 DEBUG 83049 --- [schedule-api] [nio-8080-exec-1] org.hibernate.SQL                        :
    select
        m1_0.member_id,
        m1_0.created_at,
        m1_0.email,
        m1_0.name,
        m1_0.updated_at
    from
        member m1_0
    where
        m1_0.member_id=?
2026-08-19T21:37:19.676+09:00 TRACE 83049 --- [schedule-api] [nio-8080-exec-1] org.hibernate.orm.jdbc.bind              : binding parameter (1:BIGINT) <- [65]
2026-08-19T21:37:19.676+09:00 DEBUG 83049 --- [schedule-api] [nio-8080-exec-1] org.hibernate.SQL                        :
    select
        m1_0.member_id,
        m1_0.created_at,
        m1_0.email,
        m1_0.name,
        m1_0.updated_at
    from
        member m1_0
    where
        m1_0.member_id=?
2026-08-19T21:37:19.676+09:00 TRACE 83049 --- [schedule-api] [nio-8080-exec-1] org.hibernate.orm.jdbc.bind              : binding parameter (1:BIGINT) <- [66]
2026-08-19T21:37:19.677+09:00 DEBUG 83049 --- [schedule-api] [nio-8080-exec-1] org.hibernate.SQL                        :
    select
        m1_0.member_id,
        m1_0.created_at,
        m1_0.email,
        m1_0.name,
        m1_0.updated_at
    from
        member m1_0
    where
        m1_0.member_id=?
2026-08-19T21:37:19.677+09:00 TRACE 83049 --- [schedule-api] [nio-8080-exec-1] org.hibernate.orm.jdbc.bind              : binding parameter (1:BIGINT) <- [67]
2026-08-19T21:37:19.678+09:00 DEBUG 83049 --- [schedule-api] [nio-8080-exec-1] org.hibernate.SQL                        :
    select
        m1_0.member_id,
        m1_0.created_at,
        m1_0.email,
        m1_0.name,
        m1_0.updated_at
    from
        member m1_0
    where
        m1_0.member_id=?
2026-08-19T21:37:19.678+09:00 TRACE 83049 --- [schedule-api] [nio-8080-exec-1] org.hibernate.orm.jdbc.bind              : binding parameter (1:BIGINT) <- [68]
2026-08-19T21:37:19.678+09:00 DEBUG 83049 --- [schedule-api] [nio-8080-exec-1] org.hibernate.SQL                        :
    select
        m1_0.member_id,
        m1_0.created_at,
        m1_0.email,
        m1_0.name,
        m1_0.updated_at
    from
        member m1_0
    where
        m1_0.member_id=?
2026-08-19T21:37:19.678+09:00 TRACE 83049 --- [schedule-api] [nio-8080-exec-1] org.hibernate.orm.jdbc.bind              : binding parameter (1:BIGINT) <- [69]
2026-08-19T21:37:19.678+09:00 DEBUG 83049 --- [schedule-api] [nio-8080-exec-1] org.hibernate.SQL                        :
    select
        m1_0.member_id,
        m1_0.created_at,
        m1_0.email,
        m1_0.name,
        m1_0.updated_at
    from
        member m1_0
    where
        m1_0.member_id=?
2026-08-19T21:37:19.678+09:00 TRACE 83049 --- [schedule-api] [nio-8080-exec-1] org.hibernate.orm.jdbc.bind              : binding parameter (1:BIGINT) <- [70]
2026-08-19T21:37:19.679+09:00 DEBUG 83049 --- [schedule-api] [nio-8080-exec-1] org.hibernate.SQL                        :
    select
        m1_0.member_id,
        m1_0.created_at,
        m1_0.email,
        m1_0.name,
        m1_0.updated_at
    from
        member m1_0
    where
        m1_0.member_id=?
2026-08-19T21:37:19.679+09:00 TRACE 83049 --- [schedule-api] [nio-8080-exec-1] org.hibernate.orm.jdbc.bind              : binding parameter (1:BIGINT) <- [71]
2026-08-19T21:37:19.679+09:00 DEBUG 83049 --- [schedule-api] [nio-8080-exec-1] org.hibernate.SQL                        :
    select
        m1_0.member_id,
        m1_0.created_at,
        m1_0.email,
        m1_0.name,
        m1_0.updated_at
    from
        member m1_0
    where
        m1_0.member_id=?
2026-08-19T21:37:19.679+09:00 TRACE 83049 --- [schedule-api] [nio-8080-exec-1] org.hibernate.orm.jdbc.bind              : binding parameter (1:BIGINT) <- [72]
2026-08-19T21:37:19.679+09:00 DEBUG 83049 --- [schedule-api] [nio-8080-exec-1] org.hibernate.SQL                        :
    select
        m1_0.member_id,
        m1_0.created_at,
        m1_0.email,
        m1_0.name,
        m1_0.updated_at
    from
        member m1_0
    where
        m1_0.member_id=?
2026-08-19T21:37:19.679+09:00 TRACE 83049 --- [schedule-api] [nio-8080-exec-1] org.hibernate.orm.jdbc.bind              : binding parameter (1:BIGINT) <- [73]
2026-08-19T21:37:19.679+09:00 DEBUG 83049 --- [schedule-api] [nio-8080-exec-1] org.hibernate.SQL                        :
    select
        m1_0.member_id,
        m1_0.created_at,
        m1_0.email,
        m1_0.name,
        m1_0.updated_at
    from
        member m1_0
    where
        m1_0.member_id=?
2026-08-19T21:37:19.679+09:00 TRACE 83049 --- [schedule-api] [nio-8080-exec-1] org.hibernate.orm.jdbc.bind              : binding parameter (1:BIGINT) <- [74]
2026-08-19T21:37:19.679+09:00 DEBUG 83049 --- [schedule-api] [nio-8080-exec-1] org.hibernate.SQL                        :
    select
        m1_0.member_id,
        m1_0.created_at,
        m1_0.email,
        m1_0.name,
        m1_0.updated_at
    from
        member m1_0
    where
        m1_0.member_id=?
2026-08-19T21:37:19.679+09:00 TRACE 83049 --- [schedule-api] [nio-8080-exec-1] org.hibernate.orm.jdbc.bind              : binding parameter (1:BIGINT) <- [75]
2026-08-19T21:37:19.679+09:00 DEBUG 83049 --- [schedule-api] [nio-8080-exec-1] org.hibernate.SQL                        :
    select
        m1_0.member_id,
        m1_0.created_at,
        m1_0.email,
        m1_0.name,
        m1_0.updated_at
    from
        member m1_0
    where
        m1_0.member_id=?
2026-08-19T21:37:19.680+09:00 TRACE 83049 --- [schedule-api] [nio-8080-exec-1] org.hibernate.orm.jdbc.bind              : binding parameter (1:BIGINT) <- [76]
2026-08-19T21:37:19.680+09:00 DEBUG 83049 --- [schedule-api] [nio-8080-exec-1] org.hibernate.SQL                        :
    select
        m1_0.member_id,
        m1_0.created_at,
        m1_0.email,
        m1_0.name,
        m1_0.updated_at
    from
        member m1_0
    where
        m1_0.member_id=?
2026-08-19T21:37:19.680+09:00 TRACE 83049 --- [schedule-api] [nio-8080-exec-1] org.hibernate.orm.jdbc.bind              : binding parameter (1:BIGINT) <- [77]
2026-08-19T21:37:19.680+09:00 DEBUG 83049 --- [schedule-api] [nio-8080-exec-1] org.hibernate.SQL                        :
    select
        m1_0.member_id,
        m1_0.created_at,
        m1_0.email,
        m1_0.name,
        m1_0.updated_at
    from
        member m1_0
    where
        m1_0.member_id=?
2026-08-19T21:37:19.680+09:00 TRACE 83049 --- [schedule-api] [nio-8080-exec-1] org.hibernate.orm.jdbc.bind              : binding parameter (1:BIGINT) <- [78]
2026-08-19T21:37:19.680+09:00 DEBUG 83049 --- [schedule-api] [nio-8080-exec-1] org.hibernate.SQL                        :
    select
        m1_0.member_id,
        m1_0.created_at,
        m1_0.email,
        m1_0.name,
        m1_0.updated_at
    from
        member m1_0
    where
        m1_0.member_id=?
2026-08-19T21:37:19.680+09:00 TRACE 83049 --- [schedule-api] [nio-8080-exec-1] org.hibernate.orm.jdbc.bind              : binding parameter (1:BIGINT) <- [79]
2026-08-19T21:37:19.680+09:00 DEBUG 83049 --- [schedule-api] [nio-8080-exec-1] org.hibernate.SQL                        :
    select
        m1_0.member_id,
        m1_0.created_at,
        m1_0.email,
        m1_0.name,
        m1_0.updated_at
    from
        member m1_0
    where
        m1_0.member_id=?
2026-08-19T21:37:19.680+09:00 TRACE 83049 --- [schedule-api] [nio-8080-exec-1] org.hibernate.orm.jdbc.bind              : binding parameter (1:BIGINT) <- [80]
2026-08-19T21:37:19.680+09:00 DEBUG 83049 --- [schedule-api] [nio-8080-exec-1] org.hibernate.SQL                        :
    select
        m1_0.member_id,
        m1_0.created_at,
        m1_0.email,
        m1_0.name,
        m1_0.updated_at
    from
        member m1_0
    where
        m1_0.member_id=?
2026-08-19T21:37:19.680+09:00 TRACE 83049 --- [schedule-api] [nio-8080-exec-1] org.hibernate.orm.jdbc.bind              : binding parameter (1:BIGINT) <- [81]
2026-08-19T21:37:19.681+09:00 DEBUG 83049 --- [schedule-api] [nio-8080-exec-1] org.hibernate.SQL                        :
    select
        m1_0.member_id,
        m1_0.created_at,
        m1_0.email,
        m1_0.name,
        m1_0.updated_at
    from
        member m1_0
    where
        m1_0.member_id=?
2026-08-19T21:37:19.681+09:00 TRACE 83049 --- [schedule-api] [nio-8080-exec-1] org.hibernate.orm.jdbc.bind              : binding parameter (1:BIGINT) <- [82]
2026-08-19T21:37:19.681+09:00 DEBUG 83049 --- [schedule-api] [nio-8080-exec-1] org.hibernate.SQL                        :
    select
        m1_0.member_id,
        m1_0.created_at,
        m1_0.email,
        m1_0.name,
        m1_0.updated_at
    from
        member m1_0
    where
        m1_0.member_id=?
2026-08-19T21:37:19.681+09:00 TRACE 83049 --- [schedule-api] [nio-8080-exec-1] org.hibernate.orm.jdbc.bind              : binding parameter (1:BIGINT) <- [83]
2026-08-19T21:37:19.681+09:00 DEBUG 83049 --- [schedule-api] [nio-8080-exec-1] org.hibernate.SQL                        :
    select
        m1_0.member_id,
        m1_0.created_at,
        m1_0.email,
        m1_0.name,
        m1_0.updated_at
    from
        member m1_0
    where
        m1_0.member_id=?
2026-08-19T21:37:19.681+09:00 TRACE 83049 --- [schedule-api] [nio-8080-exec-1] org.hibernate.orm.jdbc.bind              : binding parameter (1:BIGINT) <- [84]
2026-08-19T21:37:19.681+09:00 DEBUG 83049 --- [schedule-api] [nio-8080-exec-1] org.hibernate.SQL                        :
    select
        m1_0.member_id,
        m1_0.created_at,
        m1_0.email,
        m1_0.name,
        m1_0.updated_at
    from
        member m1_0
    where
        m1_0.member_id=?
2026-08-19T21:37:19.681+09:00 TRACE 83049 --- [schedule-api] [nio-8080-exec-1] org.hibernate.orm.jdbc.bind              : binding parameter (1:BIGINT) <- [85]
2026-08-19T21:37:19.681+09:00 DEBUG 83049 --- [schedule-api] [nio-8080-exec-1] org.hibernate.SQL                        :
    select
        m1_0.member_id,
        m1_0.created_at,
        m1_0.email,
        m1_0.name,
        m1_0.updated_at
    from
        member m1_0
    where
        m1_0.member_id=?
2026-08-19T21:37:19.681+09:00 TRACE 83049 --- [schedule-api] [nio-8080-exec-1] org.hibernate.orm.jdbc.bind              : binding parameter (1:BIGINT) <- [86]
2026-08-19T21:37:19.682+09:00 DEBUG 83049 --- [schedule-api] [nio-8080-exec-1] org.hibernate.SQL                        :
    select
        m1_0.member_id,
        m1_0.created_at,
        m1_0.email,
        m1_0.name,
        m1_0.updated_at
    from
        member m1_0
    where
        m1_0.member_id=?
2026-08-19T21:37:19.682+09:00 TRACE 83049 --- [schedule-api] [nio-8080-exec-1] org.hibernate.orm.jdbc.bind              : binding parameter (1:BIGINT) <- [87]
2026-08-19T21:37:19.682+09:00 DEBUG 83049 --- [schedule-api] [nio-8080-exec-1] org.hibernate.SQL                        :
    select
        m1_0.member_id,
        m1_0.created_at,
        m1_0.email,
        m1_0.name,
        m1_0.updated_at
    from
        member m1_0
    where
        m1_0.member_id=?
2026-08-19T21:37:19.682+09:00 TRACE 83049 --- [schedule-api] [nio-8080-exec-1] org.hibernate.orm.jdbc.bind              : binding parameter (1:BIGINT) <- [88]
2026-08-19T21:37:19.682+09:00 DEBUG 83049 --- [schedule-api] [nio-8080-exec-1] org.hibernate.SQL                        :
    select
        m1_0.member_id,
        m1_0.created_at,
        m1_0.email,
        m1_0.name,
        m1_0.updated_at
    from
        member m1_0
    where
        m1_0.member_id=?
2026-08-19T21:37:19.682+09:00 TRACE 83049 --- [schedule-api] [nio-8080-exec-1] org.hibernate.orm.jdbc.bind              : binding parameter (1:BIGINT) <- [89]
2026-08-19T21:37:19.682+09:00 DEBUG 83049 --- [schedule-api] [nio-8080-exec-1] org.hibernate.SQL                        :
    select
        m1_0.member_id,
        m1_0.created_at,
        m1_0.email,
        m1_0.name,
        m1_0.updated_at
    from
        member m1_0
    where
        m1_0.member_id=?
2026-08-19T21:37:19.682+09:00 TRACE 83049 --- [schedule-api] [nio-8080-exec-1] org.hibernate.orm.jdbc.bind              : binding parameter (1:BIGINT) <- [90]
2026-08-19T21:37:19.682+09:00 DEBUG 83049 --- [schedule-api] [nio-8080-exec-1] org.hibernate.SQL                        :
    select
        m1_0.member_id,
        m1_0.created_at,
        m1_0.email,
        m1_0.name,
        m1_0.updated_at
    from
        member m1_0
    where
        m1_0.member_id=?
2026-08-19T21:37:19.682+09:00 TRACE 83049 --- [schedule-api] [nio-8080-exec-1] org.hibernate.orm.jdbc.bind              : binding parameter (1:BIGINT) <- [91]
2026-08-19T21:37:19.683+09:00 DEBUG 83049 --- [schedule-api] [nio-8080-exec-1] org.hibernate.SQL                        :
    select
        m1_0.member_id,
        m1_0.created_at,
        m1_0.email,
        m1_0.name,
        m1_0.updated_at
    from
        member m1_0
    where
        m1_0.member_id=?
2026-08-19T21:37:19.683+09:00 TRACE 83049 --- [schedule-api] [nio-8080-exec-1] org.hibernate.orm.jdbc.bind              : binding parameter (1:BIGINT) <- [92]
2026-08-19T21:37:19.683+09:00 DEBUG 83049 --- [schedule-api] [nio-8080-exec-1] org.hibernate.SQL                        :
    select
        m1_0.member_id,
        m1_0.created_at,
        m1_0.email,
        m1_0.name,
        m1_0.updated_at
    from
        member m1_0
    where
        m1_0.member_id=?
2026-08-19T21:37:19.683+09:00 TRACE 83049 --- [schedule-api] [nio-8080-exec-1] org.hibernate.orm.jdbc.bind              : binding parameter (1:BIGINT) <- [93]
2026-08-19T21:37:19.683+09:00 DEBUG 83049 --- [schedule-api] [nio-8080-exec-1] org.hibernate.SQL                        :
    select
        m1_0.member_id,
        m1_0.created_at,
        m1_0.email,
        m1_0.name,
        m1_0.updated_at
    from
        member m1_0
    where
        m1_0.member_id=?
2026-08-19T21:37:19.683+09:00 TRACE 83049 --- [schedule-api] [nio-8080-exec-1] org.hibernate.orm.jdbc.bind              : binding parameter (1:BIGINT) <- [94]
2026-08-19T21:37:19.683+09:00 DEBUG 83049 --- [schedule-api] [nio-8080-exec-1] org.hibernate.SQL                        :
    select
        m1_0.member_id,
        m1_0.created_at,
        m1_0.email,
        m1_0.name,
        m1_0.updated_at
    from
        member m1_0
    where
        m1_0.member_id=?
2026-08-19T21:37:19.683+09:00 TRACE 83049 --- [schedule-api] [nio-8080-exec-1] org.hibernate.orm.jdbc.bind              : binding parameter (1:BIGINT) <- [95]
2026-08-19T21:37:19.683+09:00 DEBUG 83049 --- [schedule-api] [nio-8080-exec-1] org.hibernate.SQL                        :
    select
        m1_0.member_id,
        m1_0.created_at,
        m1_0.email,
        m1_0.name,
        m1_0.updated_at
    from
        member m1_0
    where
        m1_0.member_id=?
2026-08-19T21:37:19.683+09:00 TRACE 83049 --- [schedule-api] [nio-8080-exec-1] org.hibernate.orm.jdbc.bind              : binding parameter (1:BIGINT) <- [96]
2026-08-19T21:37:19.684+09:00 DEBUG 83049 --- [schedule-api] [nio-8080-exec-1] org.hibernate.SQL                        :
    select
        m1_0.member_id,
        m1_0.created_at,
        m1_0.email,
        m1_0.name,
        m1_0.updated_at
    from
        member m1_0
    where
        m1_0.member_id=?
2026-08-19T21:37:19.684+09:00 TRACE 83049 --- [schedule-api] [nio-8080-exec-1] org.hibernate.orm.jdbc.bind              : binding parameter (1:BIGINT) <- [97]
2026-08-19T21:37:19.684+09:00 DEBUG 83049 --- [schedule-api] [nio-8080-exec-1] org.hibernate.SQL                        :
    select
        m1_0.member_id,
        m1_0.created_at,
        m1_0.email,
        m1_0.name,
        m1_0.updated_at
    from
        member m1_0
    where
        m1_0.member_id=?
2026-08-19T21:37:19.684+09:00 TRACE 83049 --- [schedule-api] [nio-8080-exec-1] org.hibernate.orm.jdbc.bind              : binding parameter (1:BIGINT) <- [98]
2026-08-19T21:37:19.684+09:00 DEBUG 83049 --- [schedule-api] [nio-8080-exec-1] org.hibernate.SQL                        :
    select
        m1_0.member_id,
        m1_0.created_at,
        m1_0.email,
        m1_0.name,
        m1_0.updated_at
    from
        member m1_0
    where
        m1_0.member_id=?
2026-08-19T21:37:19.684+09:00 TRACE 83049 --- [schedule-api] [nio-8080-exec-1] org.hibernate.orm.jdbc.bind              : binding parameter (1:BIGINT) <- [99]
2026-08-19T21:37:19.685+09:00 DEBUG 83049 --- [schedule-api] [nio-8080-exec-1] org.hibernate.SQL                        :
    select
        m1_0.member_id,
        m1_0.created_at,
        m1_0.email,
        m1_0.name,
        m1_0.updated_at
    from
        member m1_0
    where
        m1_0.member_id=?
2026-08-19T21:37:19.685+09:00 TRACE 83049 --- [schedule-api] [nio-8080-exec-1] org.hibernate.orm.jdbc.bind              : binding parameter (1:BIGINT) <- [100]
2026-08-19T21:37:19.685+09:00 DEBUG 83049 --- [schedule-api] [nio-8080-exec-1] org.hibernate.SQL                        :
    select
        m1_0.member_id,
        m1_0.created_at,
        m1_0.email,
        m1_0.name,
        m1_0.updated_at
    from
        member m1_0
    where
        m1_0.member_id=?
2026-08-19T21:37:19.685+09:00 TRACE 83049 --- [schedule-api] [nio-8080-exec-1] org.hibernate.orm.jdbc.bind              : binding parameter (1:BIGINT) <- [101]
2026-08-19T21:37:19.685+09:00 DEBUG 83049 --- [schedule-api] [nio-8080-exec-1] org.hibernate.SQL                        :
    select
        m1_0.member_id,
        m1_0.created_at,
        m1_0.email,
        m1_0.name,
        m1_0.updated_at
    from
        member m1_0
    where
        m1_0.member_id=?
2026-08-19T21:37:19.685+09:00 TRACE 83049 --- [schedule-api] [nio-8080-exec-1] org.hibernate.orm.jdbc.bind              : binding parameter (1:BIGINT) <- [102]
2026-08-19T21:37:19.687+09:00 DEBUG 83049 --- [schedule-api] [nio-8080-exec-1] org.hibernate.SQL                        :
    select
        m1_0.member_id,
        m1_0.created_at,
        m1_0.email,
        m1_0.name,
        m1_0.updated_at
    from
        member m1_0
    where
        m1_0.member_id=?
2026-08-19T21:37:19.688+09:00 TRACE 83049 --- [schedule-api] [nio-8080-exec-1] org.hibernate.orm.jdbc.bind              : binding parameter (1:BIGINT) <- [103]
2026-08-19T21:37:19.689+09:00 DEBUG 83049 --- [schedule-api] [nio-8080-exec-1] org.hibernate.SQL                        :
    select
        m1_0.member_id,
        m1_0.created_at,
        m1_0.email,
        m1_0.name,
        m1_0.updated_at
    from
        member m1_0
    where
        m1_0.member_id=?
2026-08-19T21:37:19.689+09:00 TRACE 83049 --- [schedule-api] [nio-8080-exec-1] org.hibernate.orm.jdbc.bind              : binding parameter (1:BIGINT) <- [104]
2026-08-19T21:37:19.689+09:00 DEBUG 83049 --- [schedule-api] [nio-8080-exec-1] org.hibernate.SQL                        :
    select
        m1_0.member_id,
        m1_0.created_at,
        m1_0.email,
        m1_0.name,
        m1_0.updated_at
    from
        member m1_0
    where
        m1_0.member_id=?
2026-08-19T21:37:19.689+09:00 TRACE 83049 --- [schedule-api] [nio-8080-exec-1] org.hibernate.orm.jdbc.bind              : binding parameter (1:BIGINT) <- [105]
2026-08-19T21:37:19.689+09:00 DEBUG 83049 --- [schedule-api] [nio-8080-exec-1] org.hibernate.SQL                        :
    select
        m1_0.member_id,
        m1_0.created_at,
        m1_0.email,
        m1_0.name,
        m1_0.updated_at
    from
        member m1_0
    where
        m1_0.member_id=?
2026-08-19T21:37:19.689+09:00 TRACE 83049 --- [schedule-api] [nio-8080-exec-1] org.hibernate.orm.jdbc.bind              : binding parameter (1:BIGINT) <- [106]
2026-08-19T21:37:19.689+09:00 DEBUG 83049 --- [schedule-api] [nio-8080-exec-1] org.hibernate.SQL                        :
    select
        m1_0.member_id,
        m1_0.created_at,
        m1_0.email,
        m1_0.name,
        m1_0.updated_at
    from
        member m1_0
    where
        m1_0.member_id=?
2026-08-19T21:37:19.689+09:00 TRACE 83049 --- [schedule-api] [nio-8080-exec-1] org.hibernate.orm.jdbc.bind              : binding parameter (1:BIGINT) <- [107]
2026-08-19T21:37:19.690+09:00 DEBUG 83049 --- [schedule-api] [nio-8080-exec-1] org.hibernate.SQL                        :
    select
        m1_0.member_id,
        m1_0.created_at,
        m1_0.email,
        m1_0.name,
        m1_0.updated_at
    from
        member m1_0
    where
        m1_0.member_id=?
2026-08-19T21:37:19.690+09:00 TRACE 83049 --- [schedule-api] [nio-8080-exec-1] org.hibernate.orm.jdbc.bind              : binding parameter (1:BIGINT) <- [108]
2026-08-19T21:37:19.690+09:00 DEBUG 83049 --- [schedule-api] [nio-8080-exec-1] org.hibernate.SQL                        :
    select
        m1_0.member_id,
        m1_0.created_at,
        m1_0.email,
        m1_0.name,
        m1_0.updated_at
    from
        member m1_0
    where
        m1_0.member_id=?
2026-08-19T21:37:19.690+09:00 TRACE 83049 --- [schedule-api] [nio-8080-exec-1] org.hibernate.orm.jdbc.bind              : binding parameter (1:BIGINT) <- [109]
2026-08-19T21:37:19.691+09:00 DEBUG 83049 --- [schedule-api] [nio-8080-exec-1] org.hibernate.SQL                        :
    select
        m1_0.member_id,
        m1_0.created_at,
        m1_0.email,
        m1_0.name,
        m1_0.updated_at
    from
        member m1_0
    where
        m1_0.member_id=?
2026-08-19T21:37:19.691+09:00 TRACE 83049 --- [schedule-api] [nio-8080-exec-1] org.hibernate.orm.jdbc.bind              : binding parameter (1:BIGINT) <- [110]
2026-08-19T21:37:19.691+09:00 DEBUG 83049 --- [schedule-api] [nio-8080-exec-1] org.hibernate.SQL                        :
    select
        m1_0.member_id,
        m1_0.created_at,
        m1_0.email,
        m1_0.name,
        m1_0.updated_at
    from
        member m1_0
    where
        m1_0.member_id=?
2026-08-19T21:37:19.691+09:00 TRACE 83049 --- [schedule-api] [nio-8080-exec-1] org.hibernate.orm.jdbc.bind              : binding parameter (1:BIGINT) <- [111]
2026-08-19T21:37:19.692+09:00 DEBUG 83049 --- [schedule-api] [nio-8080-exec-1] org.hibernate.SQL                        :
    select
        m1_0.member_id,
        m1_0.created_at,
        m1_0.email,
        m1_0.name,
        m1_0.updated_at
    from
        member m1_0
    where
        m1_0.member_id=?
2026-08-19T21:37:19.692+09:00 TRACE 83049 --- [schedule-api] [nio-8080-exec-1] org.hibernate.orm.jdbc.bind              : binding parameter (1:BIGINT) <- [112]
2026-08-19T21:37:19.692+09:00 DEBUG 83049 --- [schedule-api] [nio-8080-exec-1] org.hibernate.SQL                        :
    select
        m1_0.member_id,
        m1_0.created_at,
        m1_0.email,
        m1_0.name,
        m1_0.updated_at
    from
        member m1_0
    where
        m1_0.member_id=?
2026-08-19T21:37:19.692+09:00 TRACE 83049 --- [schedule-api] [nio-8080-exec-1] org.hibernate.orm.jdbc.bind              : binding parameter (1:BIGINT) <- [113]
2026-08-19T21:37:19.692+09:00 DEBUG 83049 --- [schedule-api] [nio-8080-exec-1] org.hibernate.SQL                        :
    select
        m1_0.member_id,
        m1_0.created_at,
        m1_0.email,
        m1_0.name,
        m1_0.updated_at
    from
        member m1_0
    where
        m1_0.member_id=?
2026-08-19T21:37:19.692+09:00 TRACE 83049 --- [schedule-api] [nio-8080-exec-1] org.hibernate.orm.jdbc.bind              : binding parameter (1:BIGINT) <- [114]
2026-08-19T21:37:19.693+09:00 DEBUG 83049 --- [schedule-api] [nio-8080-exec-1] org.hibernate.SQL                        :
    select
        m1_0.member_id,
        m1_0.created_at,
        m1_0.email,
        m1_0.name,
        m1_0.updated_at
    from
        member m1_0
    where
        m1_0.member_id=?
2026-08-19T21:37:19.693+09:00 TRACE 83049 --- [schedule-api] [nio-8080-exec-1] org.hibernate.orm.jdbc.bind              : binding parameter (1:BIGINT) <- [115]
2026-08-19T21:37:19.693+09:00 DEBUG 83049 --- [schedule-api] [nio-8080-exec-1] org.hibernate.SQL                        :
    select
        m1_0.member_id,
        m1_0.created_at,
        m1_0.email,
        m1_0.name,
        m1_0.updated_at
    from
        member m1_0
    where
        m1_0.member_id=?
2026-08-19T21:37:19.693+09:00 TRACE 83049 --- [schedule-api] [nio-8080-exec-1] org.hibernate.orm.jdbc.bind              : binding parameter (1:BIGINT) <- [116]
2026-08-19T21:37:19.693+09:00 DEBUG 83049 --- [schedule-api] [nio-8080-exec-1] org.hibernate.SQL                        :
    select
        m1_0.member_id,
        m1_0.created_at,
        m1_0.email,
        m1_0.name,
        m1_0.updated_at
    from
        member m1_0
    where
        m1_0.member_id=?
2026-08-19T21:37:19.693+09:00 TRACE 83049 --- [schedule-api] [nio-8080-exec-1] org.hibernate.orm.jdbc.bind              : binding parameter (1:BIGINT) <- [117]
2026-08-19T21:37:19.693+09:00 DEBUG 83049 --- [schedule-api] [nio-8080-exec-1] org.hibernate.SQL                        :
    select
        m1_0.member_id,
        m1_0.created_at,
        m1_0.email,
        m1_0.name,
        m1_0.updated_at
    from
        member m1_0
    where
        m1_0.member_id=?
2026-08-19T21:37:19.693+09:00 TRACE 83049 --- [schedule-api] [nio-8080-exec-1] org.hibernate.orm.jdbc.bind              : binding parameter (1:BIGINT) <- [118]
2026-08-19T21:37:19.693+09:00 DEBUG 83049 --- [schedule-api] [nio-8080-exec-1] org.hibernate.SQL                        :
    select
        m1_0.member_id,
        m1_0.created_at,
        m1_0.email,
        m1_0.name,
        m1_0.updated_at
    from
        member m1_0
    where
        m1_0.member_id=?
2026-08-19T21:37:19.693+09:00 TRACE 83049 --- [schedule-api] [nio-8080-exec-1] org.hibernate.orm.jdbc.bind              : binding parameter (1:BIGINT) <- [119]
2026-08-19T21:37:19.694+09:00 DEBUG 83049 --- [schedule-api] [nio-8080-exec-1] org.hibernate.SQL                        :
    select
        m1_0.member_id,
        m1_0.created_at,
        m1_0.email,
        m1_0.name,
        m1_0.updated_at
    from
        member m1_0
    where
        m1_0.member_id=?
2026-08-19T21:37:19.694+09:00 TRACE 83049 --- [schedule-api] [nio-8080-exec-1] org.hibernate.orm.jdbc.bind              : binding parameter (1:BIGINT) <- [120]
2026-08-19T21:37:19.694+09:00 DEBUG 83049 --- [schedule-api] [nio-8080-exec-1] org.hibernate.SQL                        :
    select
        m1_0.member_id,
        m1_0.created_at,
        m1_0.email,
        m1_0.name,
        m1_0.updated_at
    from
        member m1_0
    where
        m1_0.member_id=?
2026-08-19T21:37:19.694+09:00 TRACE 83049 --- [schedule-api] [nio-8080-exec-1] org.hibernate.orm.jdbc.bind              : binding parameter (1:BIGINT) <- [121]
2026-08-19T21:37:19.694+09:00 DEBUG 83049 --- [schedule-api] [nio-8080-exec-1] org.hibernate.SQL                        :
    select
        m1_0.member_id,
        m1_0.created_at,
        m1_0.email,
        m1_0.name,
        m1_0.updated_at
    from
        member m1_0
    where
        m1_0.member_id=?
2026-08-19T21:37:19.694+09:00 TRACE 83049 --- [schedule-api] [nio-8080-exec-1] org.hibernate.orm.jdbc.bind              : binding parameter (1:BIGINT) <- [122]
2026-08-19T21:37:19.694+09:00 DEBUG 83049 --- [schedule-api] [nio-8080-exec-1] org.hibernate.SQL                        :
    select
        m1_0.member_id,
        m1_0.created_at,
        m1_0.email,
        m1_0.name,
        m1_0.updated_at
    from
        member m1_0
    where
        m1_0.member_id=?
2026-08-19T21:37:19.694+09:00 TRACE 83049 --- [schedule-api] [nio-8080-exec-1] org.hibernate.orm.jdbc.bind              : binding parameter (1:BIGINT) <- [123]
2026-08-19T21:37:19.695+09:00 DEBUG 83049 --- [schedule-api] [nio-8080-exec-1] org.hibernate.SQL                        :
    select
        m1_0.member_id,
        m1_0.created_at,
        m1_0.email,
        m1_0.name,
        m1_0.updated_at
    from
        member m1_0
    where
        m1_0.member_id=?
2026-08-19T21:37:19.695+09:00 TRACE 83049 --- [schedule-api] [nio-8080-exec-1] org.hibernate.orm.jdbc.bind              : binding parameter (1:BIGINT) <- [124]
2026-08-19T21:37:19.695+09:00 DEBUG 83049 --- [schedule-api] [nio-8080-exec-1] org.hibernate.SQL                        :
    select
        m1_0.member_id,
        m1_0.created_at,
        m1_0.email,
        m1_0.name,
        m1_0.updated_at
    from
        member m1_0
    where
        m1_0.member_id=?
2026-08-19T21:37:19.695+09:00 TRACE 83049 --- [schedule-api] [nio-8080-exec-1] org.hibernate.orm.jdbc.bind              : binding parameter (1:BIGINT) <- [125]
2026-08-19T21:37:19.695+09:00 DEBUG 83049 --- [schedule-api] [nio-8080-exec-1] org.hibernate.SQL                        :
    select
        m1_0.member_id,
        m1_0.created_at,
        m1_0.email,
        m1_0.name,
        m1_0.updated_at
    from
        member m1_0
    where
        m1_0.member_id=?
2026-08-19T21:37:19.695+09:00 TRACE 83049 --- [schedule-api] [nio-8080-exec-1] org.hibernate.orm.jdbc.bind              : binding parameter (1:BIGINT) <- [126]
2026-08-19T21:37:19.696+09:00 DEBUG 83049 --- [schedule-api] [nio-8080-exec-1] org.hibernate.SQL                        :
    select
        m1_0.member_id,
        m1_0.created_at,
        m1_0.email,
        m1_0.name,
        m1_0.updated_at
    from
        member m1_0
    where
        m1_0.member_id=?
2026-08-19T21:37:19.696+09:00 TRACE 83049 --- [schedule-api] [nio-8080-exec-1] org.hibernate.orm.jdbc.bind              : binding parameter (1:BIGINT) <- [127]
2026-08-19T21:37:19.696+09:00 DEBUG 83049 --- [schedule-api] [nio-8080-exec-1] org.hibernate.SQL                        :
    select
        m1_0.member_id,
        m1_0.created_at,
        m1_0.email,
        m1_0.name,
        m1_0.updated_at
    from
        member m1_0
    where
        m1_0.member_id=?
2026-08-19T21:37:19.696+09:00 TRACE 83049 --- [schedule-api] [nio-8080-exec-1] org.hibernate.orm.jdbc.bind              : binding parameter (1:BIGINT) <- [128]
2026-08-19T21:37:19.700+09:00 DEBUG 83049 --- [schedule-api] [nio-8080-exec-1] org.hibernate.SQL                        :
    select
        m1_0.member_id,
        m1_0.created_at,
        m1_0.email,
        m1_0.name,
        m1_0.updated_at
    from
        member m1_0
    where
        m1_0.member_id=?
2026-08-19T21:37:19.700+09:00 TRACE 83049 --- [schedule-api] [nio-8080-exec-1] org.hibernate.orm.jdbc.bind              : binding parameter (1:BIGINT) <- [129]
2026-08-19T21:37:19.704+09:00 DEBUG 83049 --- [schedule-api] [nio-8080-exec-1] org.hibernate.SQL                        :
    select
        m1_0.member_id,
        m1_0.created_at,
        m1_0.email,
        m1_0.name,
        m1_0.updated_at
    from
        member m1_0
    where
        m1_0.member_id=?
2026-08-19T21:37:19.704+09:00 TRACE 83049 --- [schedule-api] [nio-8080-exec-1] org.hibernate.orm.jdbc.bind              : binding parameter (1:BIGINT) <- [130]
2026-08-19T21:37:19.706+09:00 DEBUG 83049 --- [schedule-api] [nio-8080-exec-1] org.hibernate.SQL                        :
    select
        m1_0.member_id,
        m1_0.created_at,
        m1_0.email,
        m1_0.name,
        m1_0.updated_at
    from
        member m1_0
    where
        m1_0.member_id=?
2026-08-19T21:37:19.706+09:00 TRACE 83049 --- [schedule-api] [nio-8080-exec-1] org.hibernate.orm.jdbc.bind              : binding parameter (1:BIGINT) <- [131]
2026-08-19T21:37:19.707+09:00 DEBUG 83049 --- [schedule-api] [nio-8080-exec-1] org.hibernate.SQL                        :
    select
        m1_0.member_id,
        m1_0.created_at,
        m1_0.email,
        m1_0.name,
        m1_0.updated_at
    from
        member m1_0
    where
        m1_0.member_id=?
2026-08-19T21:37:19.707+09:00 TRACE 83049 --- [schedule-api] [nio-8080-exec-1] org.hibernate.orm.jdbc.bind              : binding parameter (1:BIGINT) <- [132]
2026-08-19T21:37:19.707+09:00 DEBUG 83049 --- [schedule-api] [nio-8080-exec-1] org.hibernate.SQL                        :
    select
        m1_0.member_id,
        m1_0.created_at,
        m1_0.email,
        m1_0.name,
        m1_0.updated_at
    from
        member m1_0
    where
        m1_0.member_id=?
2026-08-19T21:37:19.707+09:00 TRACE 83049 --- [schedule-api] [nio-8080-exec-1] org.hibernate.orm.jdbc.bind              : binding parameter (1:BIGINT) <- [133]
2026-08-19T21:37:19.707+09:00 DEBUG 83049 --- [schedule-api] [nio-8080-exec-1] org.hibernate.SQL                        :
    select
        m1_0.member_id,
        m1_0.created_at,
        m1_0.email,
        m1_0.name,
        m1_0.updated_at
    from
        member m1_0
    where
        m1_0.member_id=?
2026-08-19T21:37:19.707+09:00 TRACE 83049 --- [schedule-api] [nio-8080-exec-1] org.hibernate.orm.jdbc.bind              : binding parameter (1:BIGINT) <- [134]
2026-08-19T21:37:19.707+09:00 DEBUG 83049 --- [schedule-api] [nio-8080-exec-1] org.hibernate.SQL                        :
    select
        m1_0.member_id,
        m1_0.created_at,
        m1_0.email,
        m1_0.name,
        m1_0.updated_at
    from
        member m1_0
    where
        m1_0.member_id=?
2026-08-19T21:37:19.707+09:00 TRACE 83049 --- [schedule-api] [nio-8080-exec-1] org.hibernate.orm.jdbc.bind              : binding parameter (1:BIGINT) <- [135]
2026-08-19T21:37:19.708+09:00 DEBUG 83049 --- [schedule-api] [nio-8080-exec-1] org.hibernate.SQL                        :
    select
        m1_0.member_id,
        m1_0.created_at,
        m1_0.email,
        m1_0.name,
        m1_0.updated_at
    from
        member m1_0
    where
        m1_0.member_id=?
2026-08-19T21:37:19.708+09:00 TRACE 83049 --- [schedule-api] [nio-8080-exec-1] org.hibernate.orm.jdbc.bind              : binding parameter (1:BIGINT) <- [136]
2026-08-19T21:37:19.708+09:00 DEBUG 83049 --- [schedule-api] [nio-8080-exec-1] org.hibernate.SQL                        :
    select
        m1_0.member_id,
        m1_0.created_at,
        m1_0.email,
        m1_0.name,
        m1_0.updated_at
    from
        member m1_0
    where
        m1_0.member_id=?
2026-08-19T21:37:19.708+09:00 TRACE 83049 --- [schedule-api] [nio-8080-exec-1] org.hibernate.orm.jdbc.bind              : binding parameter (1:BIGINT) <- [137]
2026-08-19T21:37:19.708+09:00 DEBUG 83049 --- [schedule-api] [nio-8080-exec-1] org.hibernate.SQL                        :
    select
        m1_0.member_id,
        m1_0.created_at,
        m1_0.email,
        m1_0.name,
        m1_0.updated_at
    from
        member m1_0
    where
        m1_0.member_id=?
2026-08-19T21:37:19.708+09:00 TRACE 83049 --- [schedule-api] [nio-8080-exec-1] org.hibernate.orm.jdbc.bind              : binding parameter (1:BIGINT) <- [138]
2026-08-19T21:37:19.708+09:00 DEBUG 83049 --- [schedule-api] [nio-8080-exec-1] org.hibernate.SQL                        :
    select
        m1_0.member_id,
        m1_0.created_at,
        m1_0.email,
        m1_0.name,
        m1_0.updated_at
    from
        member m1_0
    where
        m1_0.member_id=?
2026-08-19T21:37:19.708+09:00 TRACE 83049 --- [schedule-api] [nio-8080-exec-1] org.hibernate.orm.jdbc.bind              : binding parameter (1:BIGINT) <- [139]
2026-08-19T21:37:19.709+09:00 DEBUG 83049 --- [schedule-api] [nio-8080-exec-1] org.hibernate.SQL                        :
    select
        m1_0.member_id,
        m1_0.created_at,
        m1_0.email,
        m1_0.name,
        m1_0.updated_at
    from
        member m1_0
    where
        m1_0.member_id=?
2026-08-19T21:37:19.709+09:00 TRACE 83049 --- [schedule-api] [nio-8080-exec-1] org.hibernate.orm.jdbc.bind              : binding parameter (1:BIGINT) <- [140]
2026-08-19T21:37:19.709+09:00 DEBUG 83049 --- [schedule-api] [nio-8080-exec-1] org.hibernate.SQL                        :
    select
        m1_0.member_id,
        m1_0.created_at,
        m1_0.email,
        m1_0.name,
        m1_0.updated_at
    from
        member m1_0
    where
        m1_0.member_id=?
2026-08-19T21:37:19.709+09:00 TRACE 83049 --- [schedule-api] [nio-8080-exec-1] org.hibernate.orm.jdbc.bind              : binding parameter (1:BIGINT) <- [141]
2026-08-19T21:37:19.709+09:00 DEBUG 83049 --- [schedule-api] [nio-8080-exec-1] org.hibernate.SQL                        :
    select
        m1_0.member_id,
        m1_0.created_at,
        m1_0.email,
        m1_0.name,
        m1_0.updated_at
    from
        member m1_0
    where
        m1_0.member_id=?
2026-08-19T21:37:19.709+09:00 TRACE 83049 --- [schedule-api] [nio-8080-exec-1] org.hibernate.orm.jdbc.bind              : binding parameter (1:BIGINT) <- [142]
2026-08-19T21:37:19.709+09:00 DEBUG 83049 --- [schedule-api] [nio-8080-exec-1] org.hibernate.SQL                        :
    select
        m1_0.member_id,
        m1_0.created_at,
        m1_0.email,
        m1_0.name,
        m1_0.updated_at
    from
        member m1_0
    where
        m1_0.member_id=?
2026-08-19T21:37:19.710+09:00 TRACE 83049 --- [schedule-api] [nio-8080-exec-1] org.hibernate.orm.jdbc.bind              : binding parameter (1:BIGINT) <- [143]
2026-08-19T21:37:19.710+09:00 DEBUG 83049 --- [schedule-api] [nio-8080-exec-1] org.hibernate.SQL                        :
    select
        m1_0.member_id,
        m1_0.created_at,
        m1_0.email,
        m1_0.name,
        m1_0.updated_at
    from
        member m1_0
    where
        m1_0.member_id=?
2026-08-19T21:37:19.710+09:00 TRACE 83049 --- [schedule-api] [nio-8080-exec-1] org.hibernate.orm.jdbc.bind              : binding parameter (1:BIGINT) <- [144]
2026-08-19T21:37:19.710+09:00 DEBUG 83049 --- [schedule-api] [nio-8080-exec-1] org.hibernate.SQL                        :
    select
        m1_0.member_id,
        m1_0.created_at,
        m1_0.email,
        m1_0.name,
        m1_0.updated_at
    from
        member m1_0
    where
        m1_0.member_id=?
2026-08-19T21:37:19.710+09:00 TRACE 83049 --- [schedule-api] [nio-8080-exec-1] org.hibernate.orm.jdbc.bind              : binding parameter (1:BIGINT) <- [145]
2026-08-19T21:37:19.710+09:00 DEBUG 83049 --- [schedule-api] [nio-8080-exec-1] org.hibernate.SQL                        :
    select
        m1_0.member_id,
        m1_0.created_at,
        m1_0.email,
        m1_0.name,
        m1_0.updated_at
    from
        member m1_0
    where
        m1_0.member_id=?
2026-08-19T21:37:19.710+09:00 TRACE 83049 --- [schedule-api] [nio-8080-exec-1] org.hibernate.orm.jdbc.bind              : binding parameter (1:BIGINT) <- [146]
2026-08-19T21:37:19.710+09:00 DEBUG 83049 --- [schedule-api] [nio-8080-exec-1] org.hibernate.SQL                        :
    select
        m1_0.member_id,
        m1_0.created_at,
        m1_0.email,
        m1_0.name,
        m1_0.updated_at
    from
        member m1_0
    where
        m1_0.member_id=?
2026-08-19T21:37:19.710+09:00 TRACE 83049 --- [schedule-api] [nio-8080-exec-1] org.hibernate.orm.jdbc.bind              : binding parameter (1:BIGINT) <- [147]
2026-08-19T21:37:19.710+09:00 DEBUG 83049 --- [schedule-api] [nio-8080-exec-1] org.hibernate.SQL                        :
    select
        m1_0.member_id,
        m1_0.created_at,
        m1_0.email,
        m1_0.name,
        m1_0.updated_at
    from
        member m1_0
    where
        m1_0.member_id=?
2026-08-19T21:37:19.710+09:00 TRACE 83049 --- [schedule-api] [nio-8080-exec-1] org.hibernate.orm.jdbc.bind              : binding parameter (1:BIGINT) <- [148]
2026-08-19T21:37:19.711+09:00 DEBUG 83049 --- [schedule-api] [nio-8080-exec-1] org.hibernate.SQL                        :
    select
        m1_0.member_id,
        m1_0.created_at,
        m1_0.email,
        m1_0.name,
        m1_0.updated_at
    from
        member m1_0
    where
        m1_0.member_id=?
2026-08-19T21:37:19.711+09:00 TRACE 83049 --- [schedule-api] [nio-8080-exec-1] org.hibernate.orm.jdbc.bind              : binding parameter (1:BIGINT) <- [149]
2026-08-19T21:37:19.711+09:00 DEBUG 83049 --- [schedule-api] [nio-8080-exec-1] org.hibernate.SQL                        :
    select
        m1_0.member_id,
        m1_0.created_at,
        m1_0.email,
        m1_0.name,
        m1_0.updated_at
    from
        member m1_0
    where
        m1_0.member_id=?
2026-08-19T21:37:19.711+09:00 TRACE 83049 --- [schedule-api] [nio-8080-exec-1] org.hibernate.orm.jdbc.bind              : binding parameter (1:BIGINT) <- [150]
2026-08-19T21:37:19.711+09:00 DEBUG 83049 --- [schedule-api] [nio-8080-exec-1] org.hibernate.SQL                        :
    select
        m1_0.member_id,
        m1_0.created_at,
        m1_0.email,
        m1_0.name,
        m1_0.updated_at
    from
        member m1_0
    where
        m1_0.member_id=?
2026-08-19T21:37:19.711+09:00 TRACE 83049 --- [schedule-api] [nio-8080-exec-1] org.hibernate.orm.jdbc.bind              : binding parameter (1:BIGINT) <- [151]
2026-08-19T21:37:19.711+09:00 DEBUG 83049 --- [schedule-api] [nio-8080-exec-1] org.hibernate.SQL                        :
    select
        m1_0.member_id,
        m1_0.created_at,
        m1_0.email,
        m1_0.name,
        m1_0.updated_at
    from
        member m1_0
    where
        m1_0.member_id=?
2026-08-19T21:37:19.711+09:00 TRACE 83049 --- [schedule-api] [nio-8080-exec-1] org.hibernate.orm.jdbc.bind              : binding parameter (1:BIGINT) <- [152]
2026-08-19T21:37:19.711+09:00 DEBUG 83049 --- [schedule-api] [nio-8080-exec-1] org.hibernate.SQL                        :
    select
        m1_0.member_id,
        m1_0.created_at,
        m1_0.email,
        m1_0.name,
        m1_0.updated_at
    from
        member m1_0
    where
        m1_0.member_id=?
2026-08-19T21:37:19.711+09:00 TRACE 83049 --- [schedule-api] [nio-8080-exec-1] org.hibernate.orm.jdbc.bind              : binding parameter (1:BIGINT) <- [153]
2026-08-19T21:37:19.711+09:00 DEBUG 83049 --- [schedule-api] [nio-8080-exec-1] org.hibernate.SQL                        :
    select
        m1_0.member_id,
        m1_0.created_at,
        m1_0.email,
        m1_0.name,
        m1_0.updated_at
    from
        member m1_0
    where
        m1_0.member_id=?
2026-08-19T21:37:19.711+09:00 TRACE 83049 --- [schedule-api] [nio-8080-exec-1] org.hibernate.orm.jdbc.bind              : binding parameter (1:BIGINT) <- [154]
2026-08-19T21:37:19.712+09:00 DEBUG 83049 --- [schedule-api] [nio-8080-exec-1] org.hibernate.SQL                        :
    select
        m1_0.member_id,
        m1_0.created_at,
        m1_0.email,
        m1_0.name,
        m1_0.updated_at
    from
        member m1_0
    where
        m1_0.member_id=?
2026-08-19T21:37:19.712+09:00 TRACE 83049 --- [schedule-api] [nio-8080-exec-1] org.hibernate.orm.jdbc.bind              : binding parameter (1:BIGINT) <- [155]
2026-08-19T21:37:19.712+09:00 DEBUG 83049 --- [schedule-api] [nio-8080-exec-1] org.hibernate.SQL                        :
    select
        m1_0.member_id,
        m1_0.created_at,
        m1_0.email,
        m1_0.name,
        m1_0.updated_at
    from
        member m1_0
    where
        m1_0.member_id=?
2026-08-19T21:37:19.712+09:00 TRACE 83049 --- [schedule-api] [nio-8080-exec-1] org.hibernate.orm.jdbc.bind              : binding parameter (1:BIGINT) <- [156]
2026-08-19T21:37:19.712+09:00 DEBUG 83049 --- [schedule-api] [nio-8080-exec-1] org.hibernate.SQL                        :
    select
        m1_0.member_id,
        m1_0.created_at,
        m1_0.email,
        m1_0.name,
        m1_0.updated_at
    from
        member m1_0
    where
        m1_0.member_id=?
2026-08-19T21:37:19.712+09:00 TRACE 83049 --- [schedule-api] [nio-8080-exec-1] org.hibernate.orm.jdbc.bind              : binding parameter (1:BIGINT) <- [157]
2026-08-19T21:37:19.712+09:00 DEBUG 83049 --- [schedule-api] [nio-8080-exec-1] org.hibernate.SQL                        :
    select
        m1_0.member_id,
        m1_0.created_at,
        m1_0.email,
        m1_0.name,
        m1_0.updated_at
    from
        member m1_0
    where
        m1_0.member_id=?
2026-08-19T21:37:19.713+09:00 TRACE 83049 --- [schedule-api] [nio-8080-exec-1] org.hibernate.orm.jdbc.bind              : binding parameter (1:BIGINT) <- [158]
2026-08-19T21:37:19.713+09:00 DEBUG 83049 --- [schedule-api] [nio-8080-exec-1] org.hibernate.SQL                        :
    select
        m1_0.member_id,
        m1_0.created_at,
        m1_0.email,
        m1_0.name,
        m1_0.updated_at
    from
        member m1_0
    where
        m1_0.member_id=?
2026-08-19T21:37:19.713+09:00 TRACE 83049 --- [schedule-api] [nio-8080-exec-1] org.hibernate.orm.jdbc.bind              : binding parameter (1:BIGINT) <- [159]
2026-08-19T21:37:19.713+09:00 DEBUG 83049 --- [schedule-api] [nio-8080-exec-1] org.hibernate.SQL                        :
    select
        m1_0.member_id,
        m1_0.created_at,
        m1_0.email,
        m1_0.name,
        m1_0.updated_at
    from
        member m1_0
    where
        m1_0.member_id=?
2026-08-19T21:37:19.713+09:00 TRACE 83049 --- [schedule-api] [nio-8080-exec-1] org.hibernate.orm.jdbc.bind              : binding parameter (1:BIGINT) <- [160]
2026-08-19T21:37:19.713+09:00 DEBUG 83049 --- [schedule-api] [nio-8080-exec-1] org.hibernate.SQL                        :
    select
        m1_0.member_id,
        m1_0.created_at,
        m1_0.email,
        m1_0.name,
        m1_0.updated_at
    from
        member m1_0
    where
        m1_0.member_id=?
2026-08-19T21:37:19.713+09:00 TRACE 83049 --- [schedule-api] [nio-8080-exec-1] org.hibernate.orm.jdbc.bind              : binding parameter (1:BIGINT) <- [161]
2026-08-19T21:37:19.713+09:00 DEBUG 83049 --- [schedule-api] [nio-8080-exec-1] org.hibernate.SQL                        :
    select
        m1_0.member_id,
        m1_0.created_at,
        m1_0.email,
        m1_0.name,
        m1_0.updated_at
    from
        member m1_0
    where
        m1_0.member_id=?
2026-08-19T21:37:19.713+09:00 TRACE 83049 --- [schedule-api] [nio-8080-exec-1] org.hibernate.orm.jdbc.bind              : binding parameter (1:BIGINT) <- [162]
2026-08-19T21:37:19.713+09:00 DEBUG 83049 --- [schedule-api] [nio-8080-exec-1] org.hibernate.SQL                        :
    select
        m1_0.member_id,
        m1_0.created_at,
        m1_0.email,
        m1_0.name,
        m1_0.updated_at
    from
        member m1_0
    where
        m1_0.member_id=?
2026-08-19T21:37:19.713+09:00 TRACE 83049 --- [schedule-api] [nio-8080-exec-1] org.hibernate.orm.jdbc.bind              : binding parameter (1:BIGINT) <- [163]
2026-08-19T21:37:19.714+09:00 DEBUG 83049 --- [schedule-api] [nio-8080-exec-1] org.hibernate.SQL                        :
    select
        m1_0.member_id,
        m1_0.created_at,
        m1_0.email,
        m1_0.name,
        m1_0.updated_at
    from
        member m1_0
    where
        m1_0.member_id=?
2026-08-19T21:37:19.714+09:00 TRACE 83049 --- [schedule-api] [nio-8080-exec-1] org.hibernate.orm.jdbc.bind              : binding parameter (1:BIGINT) <- [164]
2026-08-19T21:37:19.714+09:00 DEBUG 83049 --- [schedule-api] [nio-8080-exec-1] org.hibernate.SQL                        :
    select
        m1_0.member_id,
        m1_0.created_at,
        m1_0.email,
        m1_0.name,
        m1_0.updated_at
    from
        member m1_0
    where
        m1_0.member_id=?
2026-08-19T21:37:19.714+09:00 TRACE 83049 --- [schedule-api] [nio-8080-exec-1] org.hibernate.orm.jdbc.bind              : binding parameter (1:BIGINT) <- [165]
2026-08-19T21:37:19.714+09:00 DEBUG 83049 --- [schedule-api] [nio-8080-exec-1] org.hibernate.SQL                        :
    select
        m1_0.member_id,
        m1_0.created_at,
        m1_0.email,
        m1_0.name,
        m1_0.updated_at
    from
        member m1_0
    where
        m1_0.member_id=?
2026-08-19T21:37:19.714+09:00 TRACE 83049 --- [schedule-api] [nio-8080-exec-1] org.hibernate.orm.jdbc.bind              : binding parameter (1:BIGINT) <- [166]
2026-08-19T21:37:19.714+09:00 DEBUG 83049 --- [schedule-api] [nio-8080-exec-1] org.hibernate.SQL                        :
    select
        m1_0.member_id,
        m1_0.created_at,
        m1_0.email,
        m1_0.name,
        m1_0.updated_at
    from
        member m1_0
    where
        m1_0.member_id=?
2026-08-19T21:37:19.714+09:00 TRACE 83049 --- [schedule-api] [nio-8080-exec-1] org.hibernate.orm.jdbc.bind              : binding parameter (1:BIGINT) <- [167]
2026-08-19T21:37:19.714+09:00 DEBUG 83049 --- [schedule-api] [nio-8080-exec-1] org.hibernate.SQL                        :
    select
        m1_0.member_id,
        m1_0.created_at,
        m1_0.email,
        m1_0.name,
        m1_0.updated_at
    from
        member m1_0
    where
        m1_0.member_id=?
2026-08-19T21:37:19.714+09:00 TRACE 83049 --- [schedule-api] [nio-8080-exec-1] org.hibernate.orm.jdbc.bind              : binding parameter (1:BIGINT) <- [168]
2026-08-19T21:37:19.714+09:00 DEBUG 83049 --- [schedule-api] [nio-8080-exec-1] org.hibernate.SQL                        :
    select
        m1_0.member_id,
        m1_0.created_at,
        m1_0.email,
        m1_0.name,
        m1_0.updated_at
    from
        member m1_0
    where
        m1_0.member_id=?
2026-08-19T21:37:19.714+09:00 TRACE 83049 --- [schedule-api] [nio-8080-exec-1] org.hibernate.orm.jdbc.bind              : binding parameter (1:BIGINT) <- [169]
2026-08-19T21:37:19.715+09:00 DEBUG 83049 --- [schedule-api] [nio-8080-exec-1] org.hibernate.SQL                        :
    select
        m1_0.member_id,
        m1_0.created_at,
        m1_0.email,
        m1_0.name,
        m1_0.updated_at
    from
        member m1_0
    where
        m1_0.member_id=?
2026-08-19T21:37:19.715+09:00 TRACE 83049 --- [schedule-api] [nio-8080-exec-1] org.hibernate.orm.jdbc.bind              : binding parameter (1:BIGINT) <- [170]
2026-08-19T21:37:19.715+09:00 DEBUG 83049 --- [schedule-api] [nio-8080-exec-1] org.hibernate.SQL                        :
    select
        m1_0.member_id,
        m1_0.created_at,
        m1_0.email,
        m1_0.name,
        m1_0.updated_at
    from
        member m1_0
    where
        m1_0.member_id=?
2026-08-19T21:37:19.715+09:00 TRACE 83049 --- [schedule-api] [nio-8080-exec-1] org.hibernate.orm.jdbc.bind              : binding parameter (1:BIGINT) <- [171]
2026-08-19T21:37:19.715+09:00 DEBUG 83049 --- [schedule-api] [nio-8080-exec-1] org.hibernate.SQL                        :
    select
        m1_0.member_id,
        m1_0.created_at,
        m1_0.email,
        m1_0.name,
        m1_0.updated_at
    from
        member m1_0
    where
        m1_0.member_id=?
2026-08-19T21:37:19.715+09:00 TRACE 83049 --- [schedule-api] [nio-8080-exec-1] org.hibernate.orm.jdbc.bind              : binding parameter (1:BIGINT) <- [172]
2026-08-19T21:37:19.715+09:00 DEBUG 83049 --- [schedule-api] [nio-8080-exec-1] org.hibernate.SQL                        :
    select
        m1_0.member_id,
        m1_0.created_at,
        m1_0.email,
        m1_0.name,
        m1_0.updated_at
    from
        member m1_0
    where
        m1_0.member_id=?
2026-08-19T21:37:19.715+09:00 TRACE 83049 --- [schedule-api] [nio-8080-exec-1] org.hibernate.orm.jdbc.bind              : binding parameter (1:BIGINT) <- [173]
2026-08-19T21:37:19.715+09:00 DEBUG 83049 --- [schedule-api] [nio-8080-exec-1] org.hibernate.SQL                        :
    select
        m1_0.member_id,
        m1_0.created_at,
        m1_0.email,
        m1_0.name,
        m1_0.updated_at
    from
        member m1_0
    where
        m1_0.member_id=?
2026-08-19T21:37:19.715+09:00 TRACE 83049 --- [schedule-api] [nio-8080-exec-1] org.hibernate.orm.jdbc.bind              : binding parameter (1:BIGINT) <- [174]
2026-08-19T21:37:19.715+09:00 DEBUG 83049 --- [schedule-api] [nio-8080-exec-1] org.hibernate.SQL                        :
    select
        m1_0.member_id,
        m1_0.created_at,
        m1_0.email,
        m1_0.name,
        m1_0.updated_at
    from
        member m1_0
    where
        m1_0.member_id=?
2026-08-19T21:37:19.715+09:00 TRACE 83049 --- [schedule-api] [nio-8080-exec-1] org.hibernate.orm.jdbc.bind              : binding parameter (1:BIGINT) <- [175]
2026-08-19T21:37:19.716+09:00 DEBUG 83049 --- [schedule-api] [nio-8080-exec-1] org.hibernate.SQL                        :
    select
        m1_0.member_id,
        m1_0.created_at,
        m1_0.email,
        m1_0.name,
        m1_0.updated_at
    from
        member m1_0
    where
        m1_0.member_id=?
2026-08-19T21:37:19.716+09:00 TRACE 83049 --- [schedule-api] [nio-8080-exec-1] org.hibernate.orm.jdbc.bind              : binding parameter (1:BIGINT) <- [176]
2026-08-19T21:37:19.716+09:00 DEBUG 83049 --- [schedule-api] [nio-8080-exec-1] org.hibernate.SQL                        :
    select
        m1_0.member_id,
        m1_0.created_at,
        m1_0.email,
        m1_0.name,
        m1_0.updated_at
    from
        member m1_0
    where
        m1_0.member_id=?
2026-08-19T21:37:19.716+09:00 TRACE 83049 --- [schedule-api] [nio-8080-exec-1] org.hibernate.orm.jdbc.bind              : binding parameter (1:BIGINT) <- [177]
2026-08-19T21:37:19.716+09:00 DEBUG 83049 --- [schedule-api] [nio-8080-exec-1] org.hibernate.SQL                        :
    select
        m1_0.member_id,
        m1_0.created_at,
        m1_0.email,
        m1_0.name,
        m1_0.updated_at
    from
        member m1_0
    where
        m1_0.member_id=?
2026-08-19T21:37:19.716+09:00 TRACE 83049 --- [schedule-api] [nio-8080-exec-1] org.hibernate.orm.jdbc.bind              : binding parameter (1:BIGINT) <- [178]
2026-08-19T21:37:19.716+09:00 DEBUG 83049 --- [schedule-api] [nio-8080-exec-1] org.hibernate.SQL                        :
    select
        m1_0.member_id,
        m1_0.created_at,
        m1_0.email,
        m1_0.name,
        m1_0.updated_at
    from
        member m1_0
    where
        m1_0.member_id=?
2026-08-19T21:37:19.716+09:00 TRACE 83049 --- [schedule-api] [nio-8080-exec-1] org.hibernate.orm.jdbc.bind              : binding parameter (1:BIGINT) <- [179]
2026-08-19T21:37:19.716+09:00 DEBUG 83049 --- [schedule-api] [nio-8080-exec-1] org.hibernate.SQL                        :
    select
        m1_0.member_id,
        m1_0.created_at,
        m1_0.email,
        m1_0.name,
        m1_0.updated_at
    from
        member m1_0
    where
        m1_0.member_id=?
2026-08-19T21:37:19.716+09:00 TRACE 83049 --- [schedule-api] [nio-8080-exec-1] org.hibernate.orm.jdbc.bind              : binding parameter (1:BIGINT) <- [180]
2026-08-19T21:37:19.716+09:00 DEBUG 83049 --- [schedule-api] [nio-8080-exec-1] org.hibernate.SQL                        :
    select
        m1_0.member_id,
        m1_0.created_at,
        m1_0.email,
        m1_0.name,
        m1_0.updated_at
    from
        member m1_0
    where
        m1_0.member_id=?
2026-08-19T21:37:19.716+09:00 TRACE 83049 --- [schedule-api] [nio-8080-exec-1] org.hibernate.orm.jdbc.bind              : binding parameter (1:BIGINT) <- [181]
2026-08-19T21:37:19.717+09:00 DEBUG 83049 --- [schedule-api] [nio-8080-exec-1] org.hibernate.SQL                        :
    select
        m1_0.member_id,
        m1_0.created_at,
        m1_0.email,
        m1_0.name,
        m1_0.updated_at
    from
        member m1_0
    where
        m1_0.member_id=?
2026-08-19T21:37:19.717+09:00 TRACE 83049 --- [schedule-api] [nio-8080-exec-1] org.hibernate.orm.jdbc.bind              : binding parameter (1:BIGINT) <- [182]
2026-08-19T21:37:19.717+09:00 DEBUG 83049 --- [schedule-api] [nio-8080-exec-1] org.hibernate.SQL                        :
    select
        m1_0.member_id,
        m1_0.created_at,
        m1_0.email,
        m1_0.name,
        m1_0.updated_at
    from
        member m1_0
    where
        m1_0.member_id=?
2026-08-19T21:37:19.717+09:00 TRACE 83049 --- [schedule-api] [nio-8080-exec-1] org.hibernate.orm.jdbc.bind              : binding parameter (1:BIGINT) <- [183]
2026-08-19T21:37:19.717+09:00 DEBUG 83049 --- [schedule-api] [nio-8080-exec-1] org.hibernate.SQL                        :
    select
        m1_0.member_id,
        m1_0.created_at,
        m1_0.email,
        m1_0.name,
        m1_0.updated_at
    from
        member m1_0
    where
        m1_0.member_id=?
2026-08-19T21:37:19.717+09:00 TRACE 83049 --- [schedule-api] [nio-8080-exec-1] org.hibernate.orm.jdbc.bind              : binding parameter (1:BIGINT) <- [184]
2026-08-19T21:37:19.717+09:00 DEBUG 83049 --- [schedule-api] [nio-8080-exec-1] org.hibernate.SQL                        :
    select
        m1_0.member_id,
        m1_0.created_at,
        m1_0.email,
        m1_0.name,
        m1_0.updated_at
    from
        member m1_0
    where
        m1_0.member_id=?
2026-08-19T21:37:19.717+09:00 TRACE 83049 --- [schedule-api] [nio-8080-exec-1] org.hibernate.orm.jdbc.bind              : binding parameter (1:BIGINT) <- [185]
2026-08-19T21:37:19.717+09:00 DEBUG 83049 --- [schedule-api] [nio-8080-exec-1] org.hibernate.SQL                        :
    select
        m1_0.member_id,
        m1_0.created_at,
        m1_0.email,
        m1_0.name,
        m1_0.updated_at
    from
        member m1_0
    where
        m1_0.member_id=?
2026-08-19T21:37:19.717+09:00 TRACE 83049 --- [schedule-api] [nio-8080-exec-1] org.hibernate.orm.jdbc.bind              : binding parameter (1:BIGINT) <- [186]
2026-08-19T21:37:19.718+09:00 DEBUG 83049 --- [schedule-api] [nio-8080-exec-1] org.hibernate.SQL                        :
    select
        m1_0.member_id,
        m1_0.created_at,
        m1_0.email,
        m1_0.name,
        m1_0.updated_at
    from
        member m1_0
    where
        m1_0.member_id=?
2026-08-19T21:37:19.718+09:00 TRACE 83049 --- [schedule-api] [nio-8080-exec-1] org.hibernate.orm.jdbc.bind              : binding parameter (1:BIGINT) <- [187]
2026-08-19T21:37:19.718+09:00 DEBUG 83049 --- [schedule-api] [nio-8080-exec-1] org.hibernate.SQL                        :
    select
        m1_0.member_id,
        m1_0.created_at,
        m1_0.email,
        m1_0.name,
        m1_0.updated_at
    from
        member m1_0
    where
        m1_0.member_id=?
2026-08-19T21:37:19.718+09:00 TRACE 83049 --- [schedule-api] [nio-8080-exec-1] org.hibernate.orm.jdbc.bind              : binding parameter (1:BIGINT) <- [188]
2026-08-19T21:37:19.718+09:00 DEBUG 83049 --- [schedule-api] [nio-8080-exec-1] org.hibernate.SQL                        :
    select
        m1_0.member_id,
        m1_0.created_at,
        m1_0.email,
        m1_0.name,
        m1_0.updated_at
    from
        member m1_0
    where
        m1_0.member_id=?
2026-08-19T21:37:19.718+09:00 TRACE 83049 --- [schedule-api] [nio-8080-exec-1] org.hibernate.orm.jdbc.bind              : binding parameter (1:BIGINT) <- [189]
2026-08-19T21:37:19.718+09:00 DEBUG 83049 --- [schedule-api] [nio-8080-exec-1] org.hibernate.SQL                        :
    select
        m1_0.member_id,
        m1_0.created_at,
        m1_0.email,
        m1_0.name,
        m1_0.updated_at
    from
        member m1_0
    where
        m1_0.member_id=?
2026-08-19T21:37:19.718+09:00 TRACE 83049 --- [schedule-api] [nio-8080-exec-1] org.hibernate.orm.jdbc.bind              : binding parameter (1:BIGINT) <- [190]
2026-08-19T21:37:19.719+09:00 DEBUG 83049 --- [schedule-api] [nio-8080-exec-1] org.hibernate.SQL                        :
    select
        m1_0.member_id,
        m1_0.created_at,
        m1_0.email,
        m1_0.name,
        m1_0.updated_at
    from
        member m1_0
    where
        m1_0.member_id=?
2026-08-19T21:37:19.719+09:00 TRACE 83049 --- [schedule-api] [nio-8080-exec-1] org.hibernate.orm.jdbc.bind              : binding parameter (1:BIGINT) <- [191]
2026-08-19T21:37:19.719+09:00 DEBUG 83049 --- [schedule-api] [nio-8080-exec-1] org.hibernate.SQL                        :
    select
        m1_0.member_id,
        m1_0.created_at,
        m1_0.email,
        m1_0.name,
        m1_0.updated_at
    from
        member m1_0
    where
        m1_0.member_id=?
2026-08-19T21:37:19.719+09:00 TRACE 83049 --- [schedule-api] [nio-8080-exec-1] org.hibernate.orm.jdbc.bind              : binding parameter (1:BIGINT) <- [192]
2026-08-19T21:37:19.720+09:00 DEBUG 83049 --- [schedule-api] [nio-8080-exec-1] org.hibernate.SQL                        :
    select
        m1_0.member_id,
        m1_0.created_at,
        m1_0.email,
        m1_0.name,
        m1_0.updated_at
    from
        member m1_0
    where
        m1_0.member_id=?
2026-08-19T21:37:19.720+09:00 TRACE 83049 --- [schedule-api] [nio-8080-exec-1] org.hibernate.orm.jdbc.bind              : binding parameter (1:BIGINT) <- [193]
2026-08-19T21:37:19.720+09:00 DEBUG 83049 --- [schedule-api] [nio-8080-exec-1] org.hibernate.SQL                        :
    select
        m1_0.member_id,
        m1_0.created_at,
        m1_0.email,
        m1_0.name,
        m1_0.updated_at
    from
        member m1_0
    where
        m1_0.member_id=?
2026-08-19T21:37:19.720+09:00 TRACE 83049 --- [schedule-api] [nio-8080-exec-1] org.hibernate.orm.jdbc.bind              : binding parameter (1:BIGINT) <- [194]
2026-08-19T21:37:19.722+09:00 DEBUG 83049 --- [schedule-api] [nio-8080-exec-1] org.hibernate.SQL                        :
    select
        m1_0.member_id,
        m1_0.created_at,
        m1_0.email,
        m1_0.name,
        m1_0.updated_at
    from
        member m1_0
    where
        m1_0.member_id=?
2026-08-19T21:37:19.722+09:00 TRACE 83049 --- [schedule-api] [nio-8080-exec-1] org.hibernate.orm.jdbc.bind              : binding parameter (1:BIGINT) <- [195]
2026-08-19T21:37:19.723+09:00 DEBUG 83049 --- [schedule-api] [nio-8080-exec-1] org.hibernate.SQL                        :
    select
        m1_0.member_id,
        m1_0.created_at,
        m1_0.email,
        m1_0.name,
        m1_0.updated_at
    from
        member m1_0
    where
        m1_0.member_id=?
2026-08-19T21:37:19.723+09:00 TRACE 83049 --- [schedule-api] [nio-8080-exec-1] org.hibernate.orm.jdbc.bind              : binding parameter (1:BIGINT) <- [196]
2026-08-19T21:37:19.724+09:00 DEBUG 83049 --- [schedule-api] [nio-8080-exec-1] org.hibernate.SQL                        :
    select
        m1_0.member_id,
        m1_0.created_at,
        m1_0.email,
        m1_0.name,
        m1_0.updated_at
    from
        member m1_0
    where
        m1_0.member_id=?
2026-08-19T21:37:19.724+09:00 TRACE 83049 --- [schedule-api] [nio-8080-exec-1] org.hibernate.orm.jdbc.bind              : binding parameter (1:BIGINT) <- [197]
2026-08-19T21:37:19.725+09:00 DEBUG 83049 --- [schedule-api] [nio-8080-exec-1] org.hibernate.SQL                        :
    select
        m1_0.member_id,
        m1_0.created_at,
        m1_0.email,
        m1_0.name,
        m1_0.updated_at
    from
        member m1_0
    where
        m1_0.member_id=?
2026-08-19T21:37:19.725+09:00 TRACE 83049 --- [schedule-api] [nio-8080-exec-1] org.hibernate.orm.jdbc.bind              : binding parameter (1:BIGINT) <- [198]
2026-08-19T21:37:19.725+09:00 DEBUG 83049 --- [schedule-api] [nio-8080-exec-1] org.hibernate.SQL                        :
    select
        m1_0.member_id,
        m1_0.created_at,
        m1_0.email,
        m1_0.name,
        m1_0.updated_at
    from
        member m1_0
    where
        m1_0.member_id=?
2026-08-19T21:37:19.725+09:00 TRACE 83049 --- [schedule-api] [nio-8080-exec-1] org.hibernate.orm.jdbc.bind              : binding parameter (1:BIGINT) <- [199]
2026-08-19T21:37:19.725+09:00 DEBUG 83049 --- [schedule-api] [nio-8080-exec-1] org.hibernate.SQL                        :
    select
        m1_0.member_id,
        m1_0.created_at,
        m1_0.email,
        m1_0.name,
        m1_0.updated_at
    from
        member m1_0
    where
        m1_0.member_id=?
2026-08-19T21:37:19.725+09:00 TRACE 83049 --- [schedule-api] [nio-8080-exec-1] org.hibernate.orm.jdbc.bind              : binding parameter (1:BIGINT) <- [200]
2026-08-19T21:37:19.725+09:00 DEBUG 83049 --- [schedule-api] [nio-8080-exec-1] org.hibernate.SQL                        :
    select
        m1_0.member_id,
        m1_0.created_at,
        m1_0.email,
        m1_0.name,
        m1_0.updated_at
    from
        member m1_0
    where
        m1_0.member_id=?
2026-08-19T21:37:19.725+09:00 TRACE 83049 --- [schedule-api] [nio-8080-exec-1] org.hibernate.orm.jdbc.bind              : binding parameter (1:BIGINT) <- [201]
2026-08-19T21:37:19.726+09:00 DEBUG 83049 --- [schedule-api] [nio-8080-exec-1] org.hibernate.SQL                        :
    select
        m1_0.member_id,
        m1_0.created_at,
        m1_0.email,
        m1_0.name,
        m1_0.updated_at
    from
        member m1_0
    where
        m1_0.member_id=?
2026-08-19T21:37:19.726+09:00 TRACE 83049 --- [schedule-api] [nio-8080-exec-1] org.hibernate.orm.jdbc.bind              : binding parameter (1:BIGINT) <- [202]
2026-08-19T21:37:19.726+09:00 DEBUG 83049 --- [schedule-api] [nio-8080-exec-1] org.hibernate.SQL                        :
    select
        m1_0.member_id,
        m1_0.created_at,
        m1_0.email,
        m1_0.name,
        m1_0.updated_at
    from
        member m1_0
    where
        m1_0.member_id=?
2026-08-19T21:37:19.726+09:00 TRACE 83049 --- [schedule-api] [nio-8080-exec-1] org.hibernate.orm.jdbc.bind              : binding parameter (1:BIGINT) <- [203]
2026-08-19T21:37:19.726+09:00 DEBUG 83049 --- [schedule-api] [nio-8080-exec-1] org.hibernate.SQL                        :
    select
        m1_0.member_id,
        m1_0.created_at,
        m1_0.email,
        m1_0.name,
        m1_0.updated_at
    from
        member m1_0
    where
        m1_0.member_id=?
2026-08-19T21:37:19.726+09:00 TRACE 83049 --- [schedule-api] [nio-8080-exec-1] org.hibernate.orm.jdbc.bind              : binding parameter (1:BIGINT) <- [204]
2026-08-19T21:37:19.726+09:00 DEBUG 83049 --- [schedule-api] [nio-8080-exec-1] org.hibernate.SQL                        :
    select
        m1_0.member_id,
        m1_0.created_at,
        m1_0.email,
        m1_0.name,
        m1_0.updated_at
    from
        member m1_0
    where
        m1_0.member_id=?
2026-08-19T21:37:19.726+09:00 TRACE 83049 --- [schedule-api] [nio-8080-exec-1] org.hibernate.orm.jdbc.bind              : binding parameter (1:BIGINT) <- [205]
2026-08-19T21:37:19.727+09:00 DEBUG 83049 --- [schedule-api] [nio-8080-exec-1] org.hibernate.SQL                        :
    select
        m1_0.member_id,
        m1_0.created_at,
        m1_0.email,
        m1_0.name,
        m1_0.updated_at
    from
        member m1_0
    where
        m1_0.member_id=?
2026-08-19T21:37:19.727+09:00 TRACE 83049 --- [schedule-api] [nio-8080-exec-1] org.hibernate.orm.jdbc.bind              : binding parameter (1:BIGINT) <- [206]
2026-08-19T21:37:19.727+09:00 DEBUG 83049 --- [schedule-api] [nio-8080-exec-1] org.hibernate.SQL                        :
    select
        m1_0.member_id,
        m1_0.created_at,
        m1_0.email,
        m1_0.name,
        m1_0.updated_at
    from
        member m1_0
    where
        m1_0.member_id=?
2026-08-19T21:37:19.727+09:00 TRACE 83049 --- [schedule-api] [nio-8080-exec-1] org.hibernate.orm.jdbc.bind              : binding parameter (1:BIGINT) <- [207]
2026-08-19T21:37:19.727+09:00 DEBUG 83049 --- [schedule-api] [nio-8080-exec-1] org.hibernate.SQL                        :
    select
        m1_0.member_id,
        m1_0.created_at,
        m1_0.email,
        m1_0.name,
        m1_0.updated_at
    from
        member m1_0
    where
        m1_0.member_id=?
2026-08-19T21:37:19.727+09:00 TRACE 83049 --- [schedule-api] [nio-8080-exec-1] org.hibernate.orm.jdbc.bind              : binding parameter (1:BIGINT) <- [208]
2026-08-19T21:37:19.727+09:00 DEBUG 83049 --- [schedule-api] [nio-8080-exec-1] org.hibernate.SQL                        :
    select
        m1_0.member_id,
        m1_0.created_at,
        m1_0.email,
        m1_0.name,
        m1_0.updated_at
    from
        member m1_0
    where
        m1_0.member_id=?
2026-08-19T21:37:19.727+09:00 TRACE 83049 --- [schedule-api] [nio-8080-exec-1] org.hibernate.orm.jdbc.bind              : binding parameter (1:BIGINT) <- [209]
2026-08-19T21:37:19.727+09:00 DEBUG 83049 --- [schedule-api] [nio-8080-exec-1] org.hibernate.SQL                        :
    select
        m1_0.member_id,
        m1_0.created_at,
        m1_0.email,
        m1_0.name,
        m1_0.updated_at
    from
        member m1_0
    where
        m1_0.member_id=?
2026-08-19T21:37:19.727+09:00 TRACE 83049 --- [schedule-api] [nio-8080-exec-1] org.hibernate.orm.jdbc.bind              : binding parameter (1:BIGINT) <- [210]
2026-08-19T21:37:19.727+09:00 DEBUG 83049 --- [schedule-api] [nio-8080-exec-1] org.hibernate.SQL                        :
    select
        m1_0.member_id,
        m1_0.created_at,
        m1_0.email,
        m1_0.name,
        m1_0.updated_at
    from
        member m1_0
    where
        m1_0.member_id=?
2026-08-19T21:37:19.727+09:00 TRACE 83049 --- [schedule-api] [nio-8080-exec-1] org.hibernate.orm.jdbc.bind              : binding parameter (1:BIGINT) <- [211]
2026-08-19T21:37:19.728+09:00 DEBUG 83049 --- [schedule-api] [nio-8080-exec-1] org.hibernate.SQL                        :
    select
        m1_0.member_id,
        m1_0.created_at,
        m1_0.email,
        m1_0.name,
        m1_0.updated_at
    from
        member m1_0
    where
        m1_0.member_id=?
2026-08-19T21:37:19.728+09:00 TRACE 83049 --- [schedule-api] [nio-8080-exec-1] org.hibernate.orm.jdbc.bind              : binding parameter (1:BIGINT) <- [212]
2026-08-19T21:37:19.728+09:00 DEBUG 83049 --- [schedule-api] [nio-8080-exec-1] org.hibernate.SQL                        :
    select
        m1_0.member_id,
        m1_0.created_at,
        m1_0.email,
        m1_0.name,
        m1_0.updated_at
    from
        member m1_0
    where
        m1_0.member_id=?
2026-08-19T21:37:19.728+09:00 TRACE 83049 --- [schedule-api] [nio-8080-exec-1] org.hibernate.orm.jdbc.bind              : binding parameter (1:BIGINT) <- [213]
2026-08-19T21:37:19.728+09:00 DEBUG 83049 --- [schedule-api] [nio-8080-exec-1] org.hibernate.SQL                        :
    select
        m1_0.member_id,
        m1_0.created_at,
        m1_0.email,
        m1_0.name,
        m1_0.updated_at
    from
        member m1_0
    where
        m1_0.member_id=?
2026-08-19T21:37:19.728+09:00 TRACE 83049 --- [schedule-api] [nio-8080-exec-1] org.hibernate.orm.jdbc.bind              : binding parameter (1:BIGINT) <- [214]
2026-08-19T21:37:19.728+09:00 DEBUG 83049 --- [schedule-api] [nio-8080-exec-1] org.hibernate.SQL                        :
    select
        m1_0.member_id,
        m1_0.created_at,
        m1_0.email,
        m1_0.name,
        m1_0.updated_at
    from
        member m1_0
    where
        m1_0.member_id=?
2026-08-19T21:37:19.728+09:00 TRACE 83049 --- [schedule-api] [nio-8080-exec-1] org.hibernate.orm.jdbc.bind              : binding parameter (1:BIGINT) <- [215]
2026-08-19T21:37:19.729+09:00 DEBUG 83049 --- [schedule-api] [nio-8080-exec-1] org.hibernate.SQL                        :
    select
        m1_0.member_id,
        m1_0.created_at,
        m1_0.email,
        m1_0.name,
        m1_0.updated_at
    from
        member m1_0
    where
        m1_0.member_id=?
2026-08-19T21:37:19.729+09:00 TRACE 83049 --- [schedule-api] [nio-8080-exec-1] org.hibernate.orm.jdbc.bind              : binding parameter (1:BIGINT) <- [216]
2026-08-19T21:37:19.729+09:00 DEBUG 83049 --- [schedule-api] [nio-8080-exec-1] org.hibernate.SQL                        :
    select
        m1_0.member_id,
        m1_0.created_at,
        m1_0.email,
        m1_0.name,
        m1_0.updated_at
    from
        member m1_0
    where
        m1_0.member_id=?
2026-08-19T21:37:19.729+09:00 TRACE 83049 --- [schedule-api] [nio-8080-exec-1] org.hibernate.orm.jdbc.bind              : binding parameter (1:BIGINT) <- [217]
2026-08-19T21:37:19.729+09:00 DEBUG 83049 --- [schedule-api] [nio-8080-exec-1] org.hibernate.SQL                        :
    select
        m1_0.member_id,
        m1_0.created_at,
        m1_0.email,
        m1_0.name,
        m1_0.updated_at
    from
        member m1_0
    where
        m1_0.member_id=?
2026-08-19T21:37:19.729+09:00 TRACE 83049 --- [schedule-api] [nio-8080-exec-1] org.hibernate.orm.jdbc.bind              : binding parameter (1:BIGINT) <- [218]
2026-08-19T21:37:19.730+09:00 DEBUG 83049 --- [schedule-api] [nio-8080-exec-1] org.hibernate.SQL                        :
    select
        m1_0.member_id,
        m1_0.created_at,
        m1_0.email,
        m1_0.name,
        m1_0.updated_at
    from
        member m1_0
    where
        m1_0.member_id=?
2026-08-19T21:37:19.730+09:00 TRACE 83049 --- [schedule-api] [nio-8080-exec-1] org.hibernate.orm.jdbc.bind              : binding parameter (1:BIGINT) <- [219]
2026-08-19T21:37:19.730+09:00 DEBUG 83049 --- [schedule-api] [nio-8080-exec-1] org.hibernate.SQL                        :
    select
        m1_0.member_id,
        m1_0.created_at,
        m1_0.email,
        m1_0.name,
        m1_0.updated_at
    from
        member m1_0
    where
        m1_0.member_id=?
2026-08-19T21:37:19.730+09:00 TRACE 83049 --- [schedule-api] [nio-8080-exec-1] org.hibernate.orm.jdbc.bind              : binding parameter (1:BIGINT) <- [220]
2026-08-19T21:37:19.730+09:00 DEBUG 83049 --- [schedule-api] [nio-8080-exec-1] org.hibernate.SQL                        :
    select
        m1_0.member_id,
        m1_0.created_at,
        m1_0.email,
        m1_0.name,
        m1_0.updated_at
    from
        member m1_0
    where
        m1_0.member_id=?
2026-08-19T21:37:19.730+09:00 TRACE 83049 --- [schedule-api] [nio-8080-exec-1] org.hibernate.orm.jdbc.bind              : binding parameter (1:BIGINT) <- [221]
2026-08-19T21:37:19.731+09:00 DEBUG 83049 --- [schedule-api] [nio-8080-exec-1] org.hibernate.SQL                        :
    select
        m1_0.member_id,
        m1_0.created_at,
        m1_0.email,
        m1_0.name,
        m1_0.updated_at
    from
        member m1_0
    where
        m1_0.member_id=?
2026-08-19T21:37:19.731+09:00 TRACE 83049 --- [schedule-api] [nio-8080-exec-1] org.hibernate.orm.jdbc.bind              : binding parameter (1:BIGINT) <- [222]
2026-08-19T21:37:19.731+09:00 DEBUG 83049 --- [schedule-api] [nio-8080-exec-1] org.hibernate.SQL                        :
    select
        m1_0.member_id,
        m1_0.created_at,
        m1_0.email,
        m1_0.name,
        m1_0.updated_at
    from
        member m1_0
    where
        m1_0.member_id=?
2026-08-19T21:37:19.731+09:00 TRACE 83049 --- [schedule-api] [nio-8080-exec-1] org.hibernate.orm.jdbc.bind              : binding parameter (1:BIGINT) <- [223]
2026-08-19T21:37:19.731+09:00 DEBUG 83049 --- [schedule-api] [nio-8080-exec-1] org.hibernate.SQL                        :
    select
        m1_0.member_id,
        m1_0.created_at,
        m1_0.email,
        m1_0.name,
        m1_0.updated_at
    from
        member m1_0
    where
        m1_0.member_id=?
2026-08-19T21:37:19.731+09:00 TRACE 83049 --- [schedule-api] [nio-8080-exec-1] org.hibernate.orm.jdbc.bind              : binding parameter (1:BIGINT) <- [224]
2026-08-19T21:37:19.732+09:00 DEBUG 83049 --- [schedule-api] [nio-8080-exec-1] org.hibernate.SQL                        :
    select
        m1_0.member_id,
        m1_0.created_at,
        m1_0.email,
        m1_0.name,
        m1_0.updated_at
    from
        member m1_0
    where
        m1_0.member_id=?
2026-08-19T21:37:19.732+09:00 TRACE 83049 --- [schedule-api] [nio-8080-exec-1] org.hibernate.orm.jdbc.bind              : binding parameter (1:BIGINT) <- [225]
2026-08-19T21:37:19.732+09:00 DEBUG 83049 --- [schedule-api] [nio-8080-exec-1] org.hibernate.SQL                        :
    select
        m1_0.member_id,
        m1_0.created_at,
        m1_0.email,
        m1_0.name,
        m1_0.updated_at
    from
        member m1_0
    where
        m1_0.member_id=?
2026-08-19T21:37:19.732+09:00 TRACE 83049 --- [schedule-api] [nio-8080-exec-1] org.hibernate.orm.jdbc.bind              : binding parameter (1:BIGINT) <- [226]
2026-08-19T21:37:19.732+09:00 DEBUG 83049 --- [schedule-api] [nio-8080-exec-1] org.hibernate.SQL                        :
    select
        m1_0.member_id,
        m1_0.created_at,
        m1_0.email,
        m1_0.name,
        m1_0.updated_at
    from
        member m1_0
    where
        m1_0.member_id=?
2026-08-19T21:37:19.732+09:00 TRACE 83049 --- [schedule-api] [nio-8080-exec-1] org.hibernate.orm.jdbc.bind              : binding parameter (1:BIGINT) <- [227]
2026-08-19T21:37:19.732+09:00 DEBUG 83049 --- [schedule-api] [nio-8080-exec-1] org.hibernate.SQL                        :
    select
        m1_0.member_id,
        m1_0.created_at,
        m1_0.email,
        m1_0.name,
        m1_0.updated_at
    from
        member m1_0
    where
        m1_0.member_id=?
2026-08-19T21:37:19.732+09:00 TRACE 83049 --- [schedule-api] [nio-8080-exec-1] org.hibernate.orm.jdbc.bind              : binding parameter (1:BIGINT) <- [228]
2026-08-19T21:37:19.732+09:00 DEBUG 83049 --- [schedule-api] [nio-8080-exec-1] org.hibernate.SQL                        :
    select
        m1_0.member_id,
        m1_0.created_at,
        m1_0.email,
        m1_0.name,
        m1_0.updated_at
    from
        member m1_0
    where
        m1_0.member_id=?
2026-08-19T21:37:19.732+09:00 TRACE 83049 --- [schedule-api] [nio-8080-exec-1] org.hibernate.orm.jdbc.bind              : binding parameter (1:BIGINT) <- [229]
2026-08-19T21:37:19.732+09:00 DEBUG 83049 --- [schedule-api] [nio-8080-exec-1] org.hibernate.SQL                        :
    select
        m1_0.member_id,
        m1_0.created_at,
        m1_0.email,
        m1_0.name,
        m1_0.updated_at
    from
        member m1_0
    where
        m1_0.member_id=?
2026-08-19T21:37:19.732+09:00 TRACE 83049 --- [schedule-api] [nio-8080-exec-1] org.hibernate.orm.jdbc.bind              : binding parameter (1:BIGINT) <- [230]
2026-08-19T21:37:19.733+09:00 DEBUG 83049 --- [schedule-api] [nio-8080-exec-1] org.hibernate.SQL                        :
    select
        m1_0.member_id,
        m1_0.created_at,
        m1_0.email,
        m1_0.name,
        m1_0.updated_at
    from
        member m1_0
    where
        m1_0.member_id=?
2026-08-19T21:37:19.733+09:00 TRACE 83049 --- [schedule-api] [nio-8080-exec-1] org.hibernate.orm.jdbc.bind              : binding parameter (1:BIGINT) <- [231]
2026-08-19T21:37:19.733+09:00 DEBUG 83049 --- [schedule-api] [nio-8080-exec-1] org.hibernate.SQL                        :
    select
        m1_0.member_id,
        m1_0.created_at,
        m1_0.email,
        m1_0.name,
        m1_0.updated_at
    from
        member m1_0
    where
        m1_0.member_id=?
2026-08-19T21:37:19.733+09:00 TRACE 83049 --- [schedule-api] [nio-8080-exec-1] org.hibernate.orm.jdbc.bind              : binding parameter (1:BIGINT) <- [232]
2026-08-19T21:37:19.733+09:00 DEBUG 83049 --- [schedule-api] [nio-8080-exec-1] org.hibernate.SQL                        :
    select
        m1_0.member_id,
        m1_0.created_at,
        m1_0.email,
        m1_0.name,
        m1_0.updated_at
    from
        member m1_0
    where
        m1_0.member_id=?
2026-08-19T21:37:19.733+09:00 TRACE 83049 --- [schedule-api] [nio-8080-exec-1] org.hibernate.orm.jdbc.bind              : binding parameter (1:BIGINT) <- [233]
2026-08-19T21:37:19.733+09:00 DEBUG 83049 --- [schedule-api] [nio-8080-exec-1] org.hibernate.SQL                        :
    select
        m1_0.member_id,
        m1_0.created_at,
        m1_0.email,
        m1_0.name,
        m1_0.updated_at
    from
        member m1_0
    where
        m1_0.member_id=?
2026-08-19T21:37:19.733+09:00 TRACE 83049 --- [schedule-api] [nio-8080-exec-1] org.hibernate.orm.jdbc.bind              : binding parameter (1:BIGINT) <- [234]
2026-08-19T21:37:19.733+09:00 DEBUG 83049 --- [schedule-api] [nio-8080-exec-1] org.hibernate.SQL                        :
    select
        m1_0.member_id,
        m1_0.created_at,
        m1_0.email,
        m1_0.name,
        m1_0.updated_at
    from
        member m1_0
    where
        m1_0.member_id=?
2026-08-19T21:37:19.733+09:00 TRACE 83049 --- [schedule-api] [nio-8080-exec-1] org.hibernate.orm.jdbc.bind              : binding parameter (1:BIGINT) <- [235]
2026-08-19T21:37:19.733+09:00 DEBUG 83049 --- [schedule-api] [nio-8080-exec-1] org.hibernate.SQL                        :
    select
        m1_0.member_id,
        m1_0.created_at,
        m1_0.email,
        m1_0.name,
        m1_0.updated_at
    from
        member m1_0
    where
        m1_0.member_id=?
2026-08-19T21:37:19.733+09:00 TRACE 83049 --- [schedule-api] [nio-8080-exec-1] org.hibernate.orm.jdbc.bind              : binding parameter (1:BIGINT) <- [236]
2026-08-19T21:37:19.734+09:00 DEBUG 83049 --- [schedule-api] [nio-8080-exec-1] org.hibernate.SQL                        :
    select
        m1_0.member_id,
        m1_0.created_at,
        m1_0.email,
        m1_0.name,
        m1_0.updated_at
    from
        member m1_0
    where
        m1_0.member_id=?
2026-08-19T21:37:19.734+09:00 TRACE 83049 --- [schedule-api] [nio-8080-exec-1] org.hibernate.orm.jdbc.bind              : binding parameter (1:BIGINT) <- [237]
2026-08-19T21:37:19.734+09:00 DEBUG 83049 --- [schedule-api] [nio-8080-exec-1] org.hibernate.SQL                        :
    select
        m1_0.member_id,
        m1_0.created_at,
        m1_0.email,
        m1_0.name,
        m1_0.updated_at
    from
        member m1_0
    where
        m1_0.member_id=?
2026-08-19T21:37:19.734+09:00 TRACE 83049 --- [schedule-api] [nio-8080-exec-1] org.hibernate.orm.jdbc.bind              : binding parameter (1:BIGINT) <- [238]
2026-08-19T21:37:19.734+09:00 DEBUG 83049 --- [schedule-api] [nio-8080-exec-1] org.hibernate.SQL                        :
    select
        m1_0.member_id,
        m1_0.created_at,
        m1_0.email,
        m1_0.name,
        m1_0.updated_at
    from
        member m1_0
    where
        m1_0.member_id=?
2026-08-19T21:37:19.734+09:00 TRACE 83049 --- [schedule-api] [nio-8080-exec-1] org.hibernate.orm.jdbc.bind              : binding parameter (1:BIGINT) <- [239]
2026-08-19T21:37:19.734+09:00 DEBUG 83049 --- [schedule-api] [nio-8080-exec-1] org.hibernate.SQL                        :
    select
        m1_0.member_id,
        m1_0.created_at,
        m1_0.email,
        m1_0.name,
        m1_0.updated_at
    from
        member m1_0
    where
        m1_0.member_id=?
2026-08-19T21:37:19.734+09:00 TRACE 83049 --- [schedule-api] [nio-8080-exec-1] org.hibernate.orm.jdbc.bind              : binding parameter (1:BIGINT) <- [240]
2026-08-19T21:37:19.735+09:00 DEBUG 83049 --- [schedule-api] [nio-8080-exec-1] org.hibernate.SQL                        :
    select
        m1_0.member_id,
        m1_0.created_at,
        m1_0.email,
        m1_0.name,
        m1_0.updated_at
    from
        member m1_0
    where
        m1_0.member_id=?
2026-08-19T21:37:19.735+09:00 TRACE 83049 --- [schedule-api] [nio-8080-exec-1] org.hibernate.orm.jdbc.bind              : binding parameter (1:BIGINT) <- [241]
2026-08-19T21:37:19.735+09:00 DEBUG 83049 --- [schedule-api] [nio-8080-exec-1] org.hibernate.SQL                        :
    select
        m1_0.member_id,
        m1_0.created_at,
        m1_0.email,
        m1_0.name,
        m1_0.updated_at
    from
        member m1_0
    where
        m1_0.member_id=?
2026-08-19T21:37:19.735+09:00 TRACE 83049 --- [schedule-api] [nio-8080-exec-1] org.hibernate.orm.jdbc.bind              : binding parameter (1:BIGINT) <- [242]
2026-08-19T21:37:19.736+09:00 DEBUG 83049 --- [schedule-api] [nio-8080-exec-1] org.hibernate.SQL                        :
    select
        m1_0.member_id,
        m1_0.created_at,
        m1_0.email,
        m1_0.name,
        m1_0.updated_at
    from
        member m1_0
    where
        m1_0.member_id=?
2026-08-19T21:37:19.736+09:00 TRACE 83049 --- [schedule-api] [nio-8080-exec-1] org.hibernate.orm.jdbc.bind              : binding parameter (1:BIGINT) <- [243]
2026-08-19T21:37:19.736+09:00 DEBUG 83049 --- [schedule-api] [nio-8080-exec-1] org.hibernate.SQL                        :
    select
        m1_0.member_id,
        m1_0.created_at,
        m1_0.email,
        m1_0.name,
        m1_0.updated_at
    from
        member m1_0
    where
        m1_0.member_id=?
2026-08-19T21:37:19.736+09:00 TRACE 83049 --- [schedule-api] [nio-8080-exec-1] org.hibernate.orm.jdbc.bind              : binding parameter (1:BIGINT) <- [244]
2026-08-19T21:37:19.737+09:00 DEBUG 83049 --- [schedule-api] [nio-8080-exec-1] org.hibernate.SQL                        :
    select
        m1_0.member_id,
        m1_0.created_at,
        m1_0.email,
        m1_0.name,
        m1_0.updated_at
    from
        member m1_0
    where
        m1_0.member_id=?
2026-08-19T21:37:19.737+09:00 TRACE 83049 --- [schedule-api] [nio-8080-exec-1] org.hibernate.orm.jdbc.bind              : binding parameter (1:BIGINT) <- [245]
2026-08-19T21:37:19.738+09:00 DEBUG 83049 --- [schedule-api] [nio-8080-exec-1] org.hibernate.SQL                        :
    select
        m1_0.member_id,
        m1_0.created_at,
        m1_0.email,
        m1_0.name,
        m1_0.updated_at
    from
        member m1_0
    where
        m1_0.member_id=?
2026-08-19T21:37:19.738+09:00 TRACE 83049 --- [schedule-api] [nio-8080-exec-1] org.hibernate.orm.jdbc.bind              : binding parameter (1:BIGINT) <- [246]
2026-08-19T21:37:19.738+09:00 DEBUG 83049 --- [schedule-api] [nio-8080-exec-1] org.hibernate.SQL                        :
    select
        m1_0.member_id,
        m1_0.created_at,
        m1_0.email,
        m1_0.name,
        m1_0.updated_at
    from
        member m1_0
    where
        m1_0.member_id=?
2026-08-19T21:37:19.738+09:00 TRACE 83049 --- [schedule-api] [nio-8080-exec-1] org.hibernate.orm.jdbc.bind              : binding parameter (1:BIGINT) <- [247]
2026-08-19T21:37:19.738+09:00 DEBUG 83049 --- [schedule-api] [nio-8080-exec-1] org.hibernate.SQL                        :
    select
        m1_0.member_id,
        m1_0.created_at,
        m1_0.email,
        m1_0.name,
        m1_0.updated_at
    from
        member m1_0
    where
        m1_0.member_id=?
2026-08-19T21:37:19.738+09:00 TRACE 83049 --- [schedule-api] [nio-8080-exec-1] org.hibernate.orm.jdbc.bind              : binding parameter (1:BIGINT) <- [248]
2026-08-19T21:37:19.739+09:00 DEBUG 83049 --- [schedule-api] [nio-8080-exec-1] org.hibernate.SQL                        :
    select
        m1_0.member_id,
        m1_0.created_at,
        m1_0.email,
        m1_0.name,
        m1_0.updated_at
    from
        member m1_0
    where
        m1_0.member_id=?
2026-08-19T21:37:19.739+09:00 TRACE 83049 --- [schedule-api] [nio-8080-exec-1] org.hibernate.orm.jdbc.bind              : binding parameter (1:BIGINT) <- [249]
2026-08-19T21:37:19.739+09:00 DEBUG 83049 --- [schedule-api] [nio-8080-exec-1] org.hibernate.SQL                        :
    select
        m1_0.member_id,
        m1_0.created_at,
        m1_0.email,
        m1_0.name,
        m1_0.updated_at
    from
        member m1_0
    where
        m1_0.member_id=?
2026-08-19T21:37:19.739+09:00 TRACE 83049 --- [schedule-api] [nio-8080-exec-1] org.hibernate.orm.jdbc.bind              : binding parameter (1:BIGINT) <- [250]
2026-08-19T21:37:19.739+09:00 DEBUG 83049 --- [schedule-api] [nio-8080-exec-1] org.hibernate.SQL                        :
    select
        m1_0.member_id,
        m1_0.created_at,
        m1_0.email,
        m1_0.name,
        m1_0.updated_at
    from
        member m1_0
    where
        m1_0.member_id=?
2026-08-19T21:37:19.739+09:00 TRACE 83049 --- [schedule-api] [nio-8080-exec-1] org.hibernate.orm.jdbc.bind              : binding parameter (1:BIGINT) <- [251]
2026-08-19T21:37:19.740+09:00 DEBUG 83049 --- [schedule-api] [nio-8080-exec-1] org.hibernate.SQL                        :
    select
        m1_0.member_id,
        m1_0.created_at,
        m1_0.email,
        m1_0.name,
        m1_0.updated_at
    from
        member m1_0
    where
        m1_0.member_id=?
2026-08-19T21:37:19.740+09:00 TRACE 83049 --- [schedule-api] [nio-8080-exec-1] org.hibernate.orm.jdbc.bind              : binding parameter (1:BIGINT) <- [252]
2026-08-19T21:37:19.740+09:00 DEBUG 83049 --- [schedule-api] [nio-8080-exec-1] org.hibernate.SQL                        :
    select
        m1_0.member_id,
        m1_0.created_at,
        m1_0.email,
        m1_0.name,
        m1_0.updated_at
    from
        member m1_0
    where
        m1_0.member_id=?
2026-08-19T21:37:19.740+09:00 TRACE 83049 --- [schedule-api] [nio-8080-exec-1] org.hibernate.orm.jdbc.bind              : binding parameter (1:BIGINT) <- [253]
2026-08-19T21:37:19.740+09:00 DEBUG 83049 --- [schedule-api] [nio-8080-exec-1] org.hibernate.SQL                        :
    select
        m1_0.member_id,
        m1_0.created_at,
        m1_0.email,
        m1_0.name,
        m1_0.updated_at
    from
        member m1_0
    where
        m1_0.member_id=?
2026-08-19T21:37:19.740+09:00 TRACE 83049 --- [schedule-api] [nio-8080-exec-1] org.hibernate.orm.jdbc.bind              : binding parameter (1:BIGINT) <- [254]
2026-08-19T21:37:19.740+09:00 DEBUG 83049 --- [schedule-api] [nio-8080-exec-1] org.hibernate.SQL                        :
    select
        m1_0.member_id,
        m1_0.created_at,
        m1_0.email,
        m1_0.name,
        m1_0.updated_at
    from
        member m1_0
    where
        m1_0.member_id=?
2026-08-19T21:37:19.740+09:00 TRACE 83049 --- [schedule-api] [nio-8080-exec-1] org.hibernate.orm.jdbc.bind              : binding parameter (1:BIGINT) <- [255]
2026-08-19T21:37:19.741+09:00 DEBUG 83049 --- [schedule-api] [nio-8080-exec-1] org.hibernate.SQL                        :
    select
        m1_0.member_id,
        m1_0.created_at,
        m1_0.email,
        m1_0.name,
        m1_0.updated_at
    from
        member m1_0
    where
        m1_0.member_id=?
2026-08-19T21:37:19.741+09:00 TRACE 83049 --- [schedule-api] [nio-8080-exec-1] org.hibernate.orm.jdbc.bind              : binding parameter (1:BIGINT) <- [256]
2026-08-19T21:37:19.741+09:00 DEBUG 83049 --- [schedule-api] [nio-8080-exec-1] org.hibernate.SQL                        :
    select
        m1_0.member_id,
        m1_0.created_at,
        m1_0.email,
        m1_0.name,
        m1_0.updated_at
    from
        member m1_0
    where
        m1_0.member_id=?
2026-08-19T21:37:19.741+09:00 TRACE 83049 --- [schedule-api] [nio-8080-exec-1] org.hibernate.orm.jdbc.bind              : binding parameter (1:BIGINT) <- [257]
2026-08-19T21:37:19.741+09:00 DEBUG 83049 --- [schedule-api] [nio-8080-exec-1] org.hibernate.SQL                        :
    select
        m1_0.member_id,
        m1_0.created_at,
        m1_0.email,
        m1_0.name,
        m1_0.updated_at
    from
        member m1_0
    where
        m1_0.member_id=?
2026-08-19T21:37:19.741+09:00 TRACE 83049 --- [schedule-api] [nio-8080-exec-1] org.hibernate.orm.jdbc.bind              : binding parameter (1:BIGINT) <- [258]
2026-08-19T21:37:19.741+09:00 DEBUG 83049 --- [schedule-api] [nio-8080-exec-1] org.hibernate.SQL                        :
    select
        m1_0.member_id,
        m1_0.created_at,
        m1_0.email,
        m1_0.name,
        m1_0.updated_at
    from
        member m1_0
    where
        m1_0.member_id=?
2026-08-19T21:37:19.741+09:00 TRACE 83049 --- [schedule-api] [nio-8080-exec-1] org.hibernate.orm.jdbc.bind              : binding parameter (1:BIGINT) <- [259]
2026-08-19T21:37:19.746+09:00 DEBUG 83049 --- [schedule-api] [nio-8080-exec-1] org.hibernate.SQL                        :
    select
        m1_0.member_id,
        m1_0.created_at,
        m1_0.email,
        m1_0.name,
        m1_0.updated_at
    from
        member m1_0
    where
        m1_0.member_id=?
2026-08-19T21:37:19.746+09:00 TRACE 83049 --- [schedule-api] [nio-8080-exec-1] org.hibernate.orm.jdbc.bind              : binding parameter (1:BIGINT) <- [260]
2026-08-19T21:37:19.747+09:00 DEBUG 83049 --- [schedule-api] [nio-8080-exec-1] org.hibernate.SQL                        :
    select
        m1_0.member_id,
        m1_0.created_at,
        m1_0.email,
        m1_0.name,
        m1_0.updated_at
    from
        member m1_0
    where
        m1_0.member_id=?
2026-08-19T21:37:19.747+09:00 TRACE 83049 --- [schedule-api] [nio-8080-exec-1] org.hibernate.orm.jdbc.bind              : binding parameter (1:BIGINT) <- [261]
2026-08-19T21:37:19.747+09:00 DEBUG 83049 --- [schedule-api] [nio-8080-exec-1] org.hibernate.SQL                        :
    select
        m1_0.member_id,
        m1_0.created_at,
        m1_0.email,
        m1_0.name,
        m1_0.updated_at
    from
        member m1_0
    where
        m1_0.member_id=?
2026-08-19T21:37:19.747+09:00 TRACE 83049 --- [schedule-api] [nio-8080-exec-1] org.hibernate.orm.jdbc.bind              : binding parameter (1:BIGINT) <- [262]
2026-08-19T21:37:19.747+09:00 DEBUG 83049 --- [schedule-api] [nio-8080-exec-1] org.hibernate.SQL                        :
    select
        m1_0.member_id,
        m1_0.created_at,
        m1_0.email,
        m1_0.name,
        m1_0.updated_at
    from
        member m1_0
    where
        m1_0.member_id=?
2026-08-19T21:37:19.747+09:00 TRACE 83049 --- [schedule-api] [nio-8080-exec-1] org.hibernate.orm.jdbc.bind              : binding parameter (1:BIGINT) <- [263]
2026-08-19T21:37:19.747+09:00 DEBUG 83049 --- [schedule-api] [nio-8080-exec-1] org.hibernate.SQL                        :
    select
        m1_0.member_id,
        m1_0.created_at,
        m1_0.email,
        m1_0.name,
        m1_0.updated_at
    from
        member m1_0
    where
        m1_0.member_id=?
2026-08-19T21:37:19.747+09:00 TRACE 83049 --- [schedule-api] [nio-8080-exec-1] org.hibernate.orm.jdbc.bind              : binding parameter (1:BIGINT) <- [264]
2026-08-19T21:37:19.747+09:00 DEBUG 83049 --- [schedule-api] [nio-8080-exec-1] org.hibernate.SQL                        :
    select
        m1_0.member_id,
        m1_0.created_at,
        m1_0.email,
        m1_0.name,
        m1_0.updated_at
    from
        member m1_0
    where
        m1_0.member_id=?
2026-08-19T21:37:19.747+09:00 TRACE 83049 --- [schedule-api] [nio-8080-exec-1] org.hibernate.orm.jdbc.bind              : binding parameter (1:BIGINT) <- [265]
2026-08-19T21:37:19.748+09:00 DEBUG 83049 --- [schedule-api] [nio-8080-exec-1] org.hibernate.SQL                        :
    select
        m1_0.member_id,
        m1_0.created_at,
        m1_0.email,
        m1_0.name,
        m1_0.updated_at
    from
        member m1_0
    where
        m1_0.member_id=?
2026-08-19T21:37:19.748+09:00 TRACE 83049 --- [schedule-api] [nio-8080-exec-1] org.hibernate.orm.jdbc.bind              : binding parameter (1:BIGINT) <- [266]
2026-08-19T21:37:19.748+09:00 DEBUG 83049 --- [schedule-api] [nio-8080-exec-1] org.hibernate.SQL                        :
    select
        m1_0.member_id,
        m1_0.created_at,
        m1_0.email,
        m1_0.name,
        m1_0.updated_at
    from
        member m1_0
    where
        m1_0.member_id=?
2026-08-19T21:37:19.748+09:00 TRACE 83049 --- [schedule-api] [nio-8080-exec-1] org.hibernate.orm.jdbc.bind              : binding parameter (1:BIGINT) <- [267]
2026-08-19T21:37:19.748+09:00 DEBUG 83049 --- [schedule-api] [nio-8080-exec-1] org.hibernate.SQL                        :
    select
        m1_0.member_id,
        m1_0.created_at,
        m1_0.email,
        m1_0.name,
        m1_0.updated_at
    from
        member m1_0
    where
        m1_0.member_id=?
2026-08-19T21:37:19.748+09:00 TRACE 83049 --- [schedule-api] [nio-8080-exec-1] org.hibernate.orm.jdbc.bind              : binding parameter (1:BIGINT) <- [268]
2026-08-19T21:37:19.748+09:00 DEBUG 83049 --- [schedule-api] [nio-8080-exec-1] org.hibernate.SQL                        :
    select
        m1_0.member_id,
        m1_0.created_at,
        m1_0.email,
        m1_0.name,
        m1_0.updated_at
    from
        member m1_0
    where
        m1_0.member_id=?
2026-08-19T21:37:19.748+09:00 TRACE 83049 --- [schedule-api] [nio-8080-exec-1] org.hibernate.orm.jdbc.bind              : binding parameter (1:BIGINT) <- [269]
2026-08-19T21:37:19.748+09:00 DEBUG 83049 --- [schedule-api] [nio-8080-exec-1] org.hibernate.SQL                        :
    select
        m1_0.member_id,
        m1_0.created_at,
        m1_0.email,
        m1_0.name,
        m1_0.updated_at
    from
        member m1_0
    where
        m1_0.member_id=?
2026-08-19T21:37:19.748+09:00 TRACE 83049 --- [schedule-api] [nio-8080-exec-1] org.hibernate.orm.jdbc.bind              : binding parameter (1:BIGINT) <- [270]
2026-08-19T21:37:19.748+09:00 DEBUG 83049 --- [schedule-api] [nio-8080-exec-1] org.hibernate.SQL                        :
    select
        m1_0.member_id,
        m1_0.created_at,
        m1_0.email,
        m1_0.name,
        m1_0.updated_at
    from
        member m1_0
    where
        m1_0.member_id=?
2026-08-19T21:37:19.748+09:00 TRACE 83049 --- [schedule-api] [nio-8080-exec-1] org.hibernate.orm.jdbc.bind              : binding parameter (1:BIGINT) <- [271]
2026-08-19T21:37:19.749+09:00 DEBUG 83049 --- [schedule-api] [nio-8080-exec-1] org.hibernate.SQL                        :
    select
        m1_0.member_id,
        m1_0.created_at,
        m1_0.email,
        m1_0.name,
        m1_0.updated_at
    from
        member m1_0
    where
        m1_0.member_id=?
2026-08-19T21:37:19.749+09:00 TRACE 83049 --- [schedule-api] [nio-8080-exec-1] org.hibernate.orm.jdbc.bind              : binding parameter (1:BIGINT) <- [272]
2026-08-19T21:37:19.749+09:00 DEBUG 83049 --- [schedule-api] [nio-8080-exec-1] org.hibernate.SQL                        :
    select
        m1_0.member_id,
        m1_0.created_at,
        m1_0.email,
        m1_0.name,
        m1_0.updated_at
    from
        member m1_0
    where
        m1_0.member_id=?
2026-08-19T21:37:19.749+09:00 TRACE 83049 --- [schedule-api] [nio-8080-exec-1] org.hibernate.orm.jdbc.bind              : binding parameter (1:BIGINT) <- [273]
2026-08-19T21:37:19.749+09:00 DEBUG 83049 --- [schedule-api] [nio-8080-exec-1] org.hibernate.SQL                        :
    select
        m1_0.member_id,
        m1_0.created_at,
        m1_0.email,
        m1_0.name,
        m1_0.updated_at
    from
        member m1_0
    where
        m1_0.member_id=?
2026-08-19T21:37:19.749+09:00 TRACE 83049 --- [schedule-api] [nio-8080-exec-1] org.hibernate.orm.jdbc.bind              : binding parameter (1:BIGINT) <- [274]
2026-08-19T21:37:19.749+09:00 DEBUG 83049 --- [schedule-api] [nio-8080-exec-1] org.hibernate.SQL                        :
    select
        m1_0.member_id,
        m1_0.created_at,
        m1_0.email,
        m1_0.name,
        m1_0.updated_at
    from
        member m1_0
    where
        m1_0.member_id=?
2026-08-19T21:37:19.749+09:00 TRACE 83049 --- [schedule-api] [nio-8080-exec-1] org.hibernate.orm.jdbc.bind              : binding parameter (1:BIGINT) <- [275]
2026-08-19T21:37:19.749+09:00 DEBUG 83049 --- [schedule-api] [nio-8080-exec-1] org.hibernate.SQL                        :
    select
        m1_0.member_id,
        m1_0.created_at,
        m1_0.email,
        m1_0.name,
        m1_0.updated_at
    from
        member m1_0
    where
        m1_0.member_id=?
2026-08-19T21:37:19.749+09:00 TRACE 83049 --- [schedule-api] [nio-8080-exec-1] org.hibernate.orm.jdbc.bind              : binding parameter (1:BIGINT) <- [276]
2026-08-19T21:37:19.749+09:00 DEBUG 83049 --- [schedule-api] [nio-8080-exec-1] org.hibernate.SQL                        :
    select
        m1_0.member_id,
        m1_0.created_at,
        m1_0.email,
        m1_0.name,
        m1_0.updated_at
    from
        member m1_0
    where
        m1_0.member_id=?
2026-08-19T21:37:19.749+09:00 TRACE 83049 --- [schedule-api] [nio-8080-exec-1] org.hibernate.orm.jdbc.bind              : binding parameter (1:BIGINT) <- [277]
2026-08-19T21:37:19.750+09:00 DEBUG 83049 --- [schedule-api] [nio-8080-exec-1] org.hibernate.SQL                        :
    select
        m1_0.member_id,
        m1_0.created_at,
        m1_0.email,
        m1_0.name,
        m1_0.updated_at
    from
        member m1_0
    where
        m1_0.member_id=?
2026-08-19T21:37:19.750+09:00 TRACE 83049 --- [schedule-api] [nio-8080-exec-1] org.hibernate.orm.jdbc.bind              : binding parameter (1:BIGINT) <- [278]
2026-08-19T21:37:19.750+09:00 DEBUG 83049 --- [schedule-api] [nio-8080-exec-1] org.hibernate.SQL                        :
    select
        m1_0.member_id,
        m1_0.created_at,
        m1_0.email,
        m1_0.name,
        m1_0.updated_at
    from
        member m1_0
    where
        m1_0.member_id=?
2026-08-19T21:37:19.750+09:00 TRACE 83049 --- [schedule-api] [nio-8080-exec-1] org.hibernate.orm.jdbc.bind              : binding parameter (1:BIGINT) <- [279]
2026-08-19T21:37:19.750+09:00 DEBUG 83049 --- [schedule-api] [nio-8080-exec-1] org.hibernate.SQL                        :
    select
        m1_0.member_id,
        m1_0.created_at,
        m1_0.email,
        m1_0.name,
        m1_0.updated_at
    from
        member m1_0
    where
        m1_0.member_id=?
2026-08-19T21:37:19.750+09:00 TRACE 83049 --- [schedule-api] [nio-8080-exec-1] org.hibernate.orm.jdbc.bind              : binding parameter (1:BIGINT) <- [280]
2026-08-19T21:37:19.750+09:00 DEBUG 83049 --- [schedule-api] [nio-8080-exec-1] org.hibernate.SQL                        :
    select
        m1_0.member_id,
        m1_0.created_at,
        m1_0.email,
        m1_0.name,
        m1_0.updated_at
    from
        member m1_0
    where
        m1_0.member_id=?
2026-08-19T21:37:19.750+09:00 TRACE 83049 --- [schedule-api] [nio-8080-exec-1] org.hibernate.orm.jdbc.bind              : binding parameter (1:BIGINT) <- [281]
2026-08-19T21:37:19.750+09:00 DEBUG 83049 --- [schedule-api] [nio-8080-exec-1] org.hibernate.SQL                        :
    select
        m1_0.member_id,
        m1_0.created_at,
        m1_0.email,
        m1_0.name,
        m1_0.updated_at
    from
        member m1_0
    where
        m1_0.member_id=?
2026-08-19T21:37:19.750+09:00 TRACE 83049 --- [schedule-api] [nio-8080-exec-1] org.hibernate.orm.jdbc.bind              : binding parameter (1:BIGINT) <- [282]
2026-08-19T21:37:19.750+09:00 DEBUG 83049 --- [schedule-api] [nio-8080-exec-1] org.hibernate.SQL                        :
    select
        m1_0.member_id,
        m1_0.created_at,
        m1_0.email,
        m1_0.name,
        m1_0.updated_at
    from
        member m1_0
    where
        m1_0.member_id=?
2026-08-19T21:37:19.750+09:00 TRACE 83049 --- [schedule-api] [nio-8080-exec-1] org.hibernate.orm.jdbc.bind              : binding parameter (1:BIGINT) <- [283]
2026-08-19T21:37:19.751+09:00 DEBUG 83049 --- [schedule-api] [nio-8080-exec-1] org.hibernate.SQL                        :
    select
        m1_0.member_id,
        m1_0.created_at,
        m1_0.email,
        m1_0.name,
        m1_0.updated_at
    from
        member m1_0
    where
        m1_0.member_id=?
2026-08-19T21:37:19.751+09:00 TRACE 83049 --- [schedule-api] [nio-8080-exec-1] org.hibernate.orm.jdbc.bind              : binding parameter (1:BIGINT) <- [284]
2026-08-19T21:37:19.751+09:00 DEBUG 83049 --- [schedule-api] [nio-8080-exec-1] org.hibernate.SQL                        :
    select
        m1_0.member_id,
        m1_0.created_at,
        m1_0.email,
        m1_0.name,
        m1_0.updated_at
    from
        member m1_0
    where
        m1_0.member_id=?
2026-08-19T21:37:19.751+09:00 TRACE 83049 --- [schedule-api] [nio-8080-exec-1] org.hibernate.orm.jdbc.bind              : binding parameter (1:BIGINT) <- [285]
2026-08-19T21:37:19.751+09:00 DEBUG 83049 --- [schedule-api] [nio-8080-exec-1] org.hibernate.SQL                        :
    select
        m1_0.member_id,
        m1_0.created_at,
        m1_0.email,
        m1_0.name,
        m1_0.updated_at
    from
        member m1_0
    where
        m1_0.member_id=?
2026-08-19T21:37:19.751+09:00 TRACE 83049 --- [schedule-api] [nio-8080-exec-1] org.hibernate.orm.jdbc.bind              : binding parameter (1:BIGINT) <- [286]
2026-08-19T21:37:19.751+09:00 DEBUG 83049 --- [schedule-api] [nio-8080-exec-1] org.hibernate.SQL                        :
    select
        m1_0.member_id,
        m1_0.created_at,
        m1_0.email,
        m1_0.name,
        m1_0.updated_at
    from
        member m1_0
    where
        m1_0.member_id=?
2026-08-19T21:37:19.751+09:00 TRACE 83049 --- [schedule-api] [nio-8080-exec-1] org.hibernate.orm.jdbc.bind              : binding parameter (1:BIGINT) <- [287]
2026-08-19T21:37:19.751+09:00 DEBUG 83049 --- [schedule-api] [nio-8080-exec-1] org.hibernate.SQL                        :
    select
        m1_0.member_id,
        m1_0.created_at,
        m1_0.email,
        m1_0.name,
        m1_0.updated_at
    from
        member m1_0
    where
        m1_0.member_id=?
2026-08-19T21:37:19.751+09:00 TRACE 83049 --- [schedule-api] [nio-8080-exec-1] org.hibernate.orm.jdbc.bind              : binding parameter (1:BIGINT) <- [288]
2026-08-19T21:37:19.751+09:00 DEBUG 83049 --- [schedule-api] [nio-8080-exec-1] org.hibernate.SQL                        :
    select
        m1_0.member_id,
        m1_0.created_at,
        m1_0.email,
        m1_0.name,
        m1_0.updated_at
    from
        member m1_0
    where
        m1_0.member_id=?
2026-08-19T21:37:19.751+09:00 TRACE 83049 --- [schedule-api] [nio-8080-exec-1] org.hibernate.orm.jdbc.bind              : binding parameter (1:BIGINT) <- [289]
2026-08-19T21:37:19.752+09:00 DEBUG 83049 --- [schedule-api] [nio-8080-exec-1] org.hibernate.SQL                        :
    select
        m1_0.member_id,
        m1_0.created_at,
        m1_0.email,
        m1_0.name,
        m1_0.updated_at
    from
        member m1_0
    where
        m1_0.member_id=?
2026-08-19T21:37:19.752+09:00 TRACE 83049 --- [schedule-api] [nio-8080-exec-1] org.hibernate.orm.jdbc.bind              : binding parameter (1:BIGINT) <- [290]
2026-08-19T21:37:19.752+09:00 DEBUG 83049 --- [schedule-api] [nio-8080-exec-1] org.hibernate.SQL                        :
    select
        m1_0.member_id,
        m1_0.created_at,
        m1_0.email,
        m1_0.name,
        m1_0.updated_at
    from
        member m1_0
    where
        m1_0.member_id=?
2026-08-19T21:37:19.752+09:00 TRACE 83049 --- [schedule-api] [nio-8080-exec-1] org.hibernate.orm.jdbc.bind              : binding parameter (1:BIGINT) <- [291]
2026-08-19T21:37:19.752+09:00 DEBUG 83049 --- [schedule-api] [nio-8080-exec-1] org.hibernate.SQL                        :
    select
        m1_0.member_id,
        m1_0.created_at,
        m1_0.email,
        m1_0.name,
        m1_0.updated_at
    from
        member m1_0
    where
        m1_0.member_id=?
2026-08-19T21:37:19.752+09:00 TRACE 83049 --- [schedule-api] [nio-8080-exec-1] org.hibernate.orm.jdbc.bind              : binding parameter (1:BIGINT) <- [292]
2026-08-19T21:37:19.752+09:00 DEBUG 83049 --- [schedule-api] [nio-8080-exec-1] org.hibernate.SQL                        :
    select
        m1_0.member_id,
        m1_0.created_at,
        m1_0.email,
        m1_0.name,
        m1_0.updated_at
    from
        member m1_0
    where
        m1_0.member_id=?
2026-08-19T21:37:19.752+09:00 TRACE 83049 --- [schedule-api] [nio-8080-exec-1] org.hibernate.orm.jdbc.bind              : binding parameter (1:BIGINT) <- [293]
2026-08-19T21:37:19.752+09:00 DEBUG 83049 --- [schedule-api] [nio-8080-exec-1] org.hibernate.SQL                        :
    select
        m1_0.member_id,
        m1_0.created_at,
        m1_0.email,
        m1_0.name,
        m1_0.updated_at
    from
        member m1_0
    where
        m1_0.member_id=?
2026-08-19T21:37:19.752+09:00 TRACE 83049 --- [schedule-api] [nio-8080-exec-1] org.hibernate.orm.jdbc.bind              : binding parameter (1:BIGINT) <- [294]
2026-08-19T21:37:19.752+09:00 DEBUG 83049 --- [schedule-api] [nio-8080-exec-1] org.hibernate.SQL                        :
    select
        m1_0.member_id,
        m1_0.created_at,
        m1_0.email,
        m1_0.name,
        m1_0.updated_at
    from
        member m1_0
    where
        m1_0.member_id=?
2026-08-19T21:37:19.752+09:00 TRACE 83049 --- [schedule-api] [nio-8080-exec-1] org.hibernate.orm.jdbc.bind              : binding parameter (1:BIGINT) <- [295]
2026-08-19T21:37:19.752+09:00 DEBUG 83049 --- [schedule-api] [nio-8080-exec-1] org.hibernate.SQL                        :
    select
        m1_0.member_id,
        m1_0.created_at,
        m1_0.email,
        m1_0.name,
        m1_0.updated_at
    from
        member m1_0
    where
        m1_0.member_id=?
2026-08-19T21:37:19.752+09:00 TRACE 83049 --- [schedule-api] [nio-8080-exec-1] org.hibernate.orm.jdbc.bind              : binding parameter (1:BIGINT) <- [296]
2026-08-19T21:37:19.753+09:00 DEBUG 83049 --- [schedule-api] [nio-8080-exec-1] org.hibernate.SQL                        :
    select
        m1_0.member_id,
        m1_0.created_at,
        m1_0.email,
        m1_0.name,
        m1_0.updated_at
    from
        member m1_0
    where
        m1_0.member_id=?
2026-08-19T21:37:19.753+09:00 TRACE 83049 --- [schedule-api] [nio-8080-exec-1] org.hibernate.orm.jdbc.bind              : binding parameter (1:BIGINT) <- [297]
2026-08-19T21:37:19.753+09:00 DEBUG 83049 --- [schedule-api] [nio-8080-exec-1] org.hibernate.SQL                        :
    select
        m1_0.member_id,
        m1_0.created_at,
        m1_0.email,
        m1_0.name,
        m1_0.updated_at
    from
        member m1_0
    where
        m1_0.member_id=?
2026-08-19T21:37:19.753+09:00 TRACE 83049 --- [schedule-api] [nio-8080-exec-1] org.hibernate.orm.jdbc.bind              : binding parameter (1:BIGINT) <- [298]
2026-08-19T21:37:19.753+09:00 DEBUG 83049 --- [schedule-api] [nio-8080-exec-1] org.hibernate.SQL                        :
    select
        m1_0.member_id,
        m1_0.created_at,
        m1_0.email,
        m1_0.name,
        m1_0.updated_at
    from
        member m1_0
    where
        m1_0.member_id=?
2026-08-19T21:37:19.753+09:00 TRACE 83049 --- [schedule-api] [nio-8080-exec-1] org.hibernate.orm.jdbc.bind              : binding parameter (1:BIGINT) <- [299]
2026-08-19T21:37:19.753+09:00 DEBUG 83049 --- [schedule-api] [nio-8080-exec-1] org.hibernate.SQL                        :
    select
        m1_0.member_id,
        m1_0.created_at,
        m1_0.email,
        m1_0.name,
        m1_0.updated_at
    from
        member m1_0
    where
        m1_0.member_id=?
2026-08-19T21:37:19.753+09:00 TRACE 83049 --- [schedule-api] [nio-8080-exec-1] org.hibernate.orm.jdbc.bind              : binding parameter (1:BIGINT) <- [300]
2026-08-19T21:37:19.753+09:00 DEBUG 83049 --- [schedule-api] [nio-8080-exec-1] org.hibernate.SQL                        :
    select
        m1_0.member_id,
        m1_0.created_at,
        m1_0.email,
        m1_0.name,
        m1_0.updated_at
    from
        member m1_0
    where
        m1_0.member_id=?
2026-08-19T21:37:19.753+09:00 TRACE 83049 --- [schedule-api] [nio-8080-exec-1] org.hibernate.orm.jdbc.bind              : binding parameter (1:BIGINT) <- [301]
2026-08-19T21:37:19.753+09:00 DEBUG 83049 --- [schedule-api] [nio-8080-exec-1] org.hibernate.SQL                        :
    select
        m1_0.member_id,
        m1_0.created_at,
        m1_0.email,
        m1_0.name,
        m1_0.updated_at
    from
        member m1_0
    where
        m1_0.member_id=?
2026-08-19T21:37:19.753+09:00 TRACE 83049 --- [schedule-api] [nio-8080-exec-1] org.hibernate.orm.jdbc.bind              : binding parameter (1:BIGINT) <- [302]
2026-08-19T21:37:19.754+09:00 DEBUG 83049 --- [schedule-api] [nio-8080-exec-1] org.hibernate.SQL                        :
    select
        m1_0.member_id,
        m1_0.created_at,
        m1_0.email,
        m1_0.name,
        m1_0.updated_at
    from
        member m1_0
    where
        m1_0.member_id=?
2026-08-19T21:37:19.754+09:00 TRACE 83049 --- [schedule-api] [nio-8080-exec-1] org.hibernate.orm.jdbc.bind              : binding parameter (1:BIGINT) <- [303]
2026-08-19T21:37:19.754+09:00 DEBUG 83049 --- [schedule-api] [nio-8080-exec-1] org.hibernate.SQL                        :
    select
        m1_0.member_id,
        m1_0.created_at,
        m1_0.email,
        m1_0.name,
        m1_0.updated_at
    from
        member m1_0
    where
        m1_0.member_id=?
2026-08-19T21:37:19.754+09:00 TRACE 83049 --- [schedule-api] [nio-8080-exec-1] org.hibernate.orm.jdbc.bind              : binding parameter (1:BIGINT) <- [304]
2026-08-19T21:37:19.754+09:00 DEBUG 83049 --- [schedule-api] [nio-8080-exec-1] org.hibernate.SQL                        :
    select
        m1_0.member_id,
        m1_0.created_at,
        m1_0.email,
        m1_0.name,
        m1_0.updated_at
    from
        member m1_0
    where
        m1_0.member_id=?
2026-08-19T21:37:19.754+09:00 TRACE 83049 --- [schedule-api] [nio-8080-exec-1] org.hibernate.orm.jdbc.bind              : binding parameter (1:BIGINT) <- [305]
2026-08-19T21:37:19.754+09:00 DEBUG 83049 --- [schedule-api] [nio-8080-exec-1] org.hibernate.SQL                        :
    select
        m1_0.member_id,
        m1_0.created_at,
        m1_0.email,
        m1_0.name,
        m1_0.updated_at
    from
        member m1_0
    where
        m1_0.member_id=?
2026-08-19T21:37:19.754+09:00 TRACE 83049 --- [schedule-api] [nio-8080-exec-1] org.hibernate.orm.jdbc.bind              : binding parameter (1:BIGINT) <- [306]
2026-08-19T21:37:19.754+09:00 DEBUG 83049 --- [schedule-api] [nio-8080-exec-1] org.hibernate.SQL                        :
    select
        m1_0.member_id,
        m1_0.created_at,
        m1_0.email,
        m1_0.name,
        m1_0.updated_at
    from
        member m1_0
    where
        m1_0.member_id=?
2026-08-19T21:37:19.754+09:00 TRACE 83049 --- [schedule-api] [nio-8080-exec-1] org.hibernate.orm.jdbc.bind              : binding parameter (1:BIGINT) <- [307]
2026-08-19T21:37:19.755+09:00 DEBUG 83049 --- [schedule-api] [nio-8080-exec-1] org.hibernate.SQL                        :
    select
        m1_0.member_id,
        m1_0.created_at,
        m1_0.email,
        m1_0.name,
        m1_0.updated_at
    from
        member m1_0
    where
        m1_0.member_id=?
2026-08-19T21:37:19.755+09:00 TRACE 83049 --- [schedule-api] [nio-8080-exec-1] org.hibernate.orm.jdbc.bind              : binding parameter (1:BIGINT) <- [308]
2026-08-19T21:37:19.755+09:00 DEBUG 83049 --- [schedule-api] [nio-8080-exec-1] org.hibernate.SQL                        :
    select
        m1_0.member_id,
        m1_0.created_at,
        m1_0.email,
        m1_0.name,
        m1_0.updated_at
    from
        member m1_0
    where
        m1_0.member_id=?
2026-08-19T21:37:19.755+09:00 TRACE 83049 --- [schedule-api] [nio-8080-exec-1] org.hibernate.orm.jdbc.bind              : binding parameter (1:BIGINT) <- [309]
2026-08-19T21:37:19.755+09:00 DEBUG 83049 --- [schedule-api] [nio-8080-exec-1] org.hibernate.SQL                        :
    select
        m1_0.member_id,
        m1_0.created_at,
        m1_0.email,
        m1_0.name,
        m1_0.updated_at
    from
        member m1_0
    where
        m1_0.member_id=?
2026-08-19T21:37:19.755+09:00 TRACE 83049 --- [schedule-api] [nio-8080-exec-1] org.hibernate.orm.jdbc.bind              : binding parameter (1:BIGINT) <- [310]
2026-08-19T21:37:19.755+09:00 DEBUG 83049 --- [schedule-api] [nio-8080-exec-1] org.hibernate.SQL                        :
    select
        m1_0.member_id,
        m1_0.created_at,
        m1_0.email,
        m1_0.name,
        m1_0.updated_at
    from
        member m1_0
    where
        m1_0.member_id=?
2026-08-19T21:37:19.755+09:00 TRACE 83049 --- [schedule-api] [nio-8080-exec-1] org.hibernate.orm.jdbc.bind              : binding parameter (1:BIGINT) <- [311]
2026-08-19T21:37:19.755+09:00 DEBUG 83049 --- [schedule-api] [nio-8080-exec-1] org.hibernate.SQL                        :
    select
        m1_0.member_id,
        m1_0.created_at,
        m1_0.email,
        m1_0.name,
        m1_0.updated_at
    from
        member m1_0
    where
        m1_0.member_id=?
2026-08-19T21:37:19.755+09:00 TRACE 83049 --- [schedule-api] [nio-8080-exec-1] org.hibernate.orm.jdbc.bind              : binding parameter (1:BIGINT) <- [312]
2026-08-19T21:37:19.755+09:00 DEBUG 83049 --- [schedule-api] [nio-8080-exec-1] org.hibernate.SQL                        :
    select
        m1_0.member_id,
        m1_0.created_at,
        m1_0.email,
        m1_0.name,
        m1_0.updated_at
    from
        member m1_0
    where
        m1_0.member_id=?
2026-08-19T21:37:19.755+09:00 TRACE 83049 --- [schedule-api] [nio-8080-exec-1] org.hibernate.orm.jdbc.bind              : binding parameter (1:BIGINT) <- [313]
2026-08-19T21:37:19.756+09:00 DEBUG 83049 --- [schedule-api] [nio-8080-exec-1] org.hibernate.SQL                        :
    select
        m1_0.member_id,
        m1_0.created_at,
        m1_0.email,
        m1_0.name,
        m1_0.updated_at
    from
        member m1_0
    where
        m1_0.member_id=?
2026-08-19T21:37:19.756+09:00 TRACE 83049 --- [schedule-api] [nio-8080-exec-1] org.hibernate.orm.jdbc.bind              : binding parameter (1:BIGINT) <- [314]
2026-08-19T21:37:19.756+09:00 DEBUG 83049 --- [schedule-api] [nio-8080-exec-1] org.hibernate.SQL                        :
    select
        m1_0.member_id,
        m1_0.created_at,
        m1_0.email,
        m1_0.name,
        m1_0.updated_at
    from
        member m1_0
    where
        m1_0.member_id=?
2026-08-19T21:37:19.756+09:00 TRACE 83049 --- [schedule-api] [nio-8080-exec-1] org.hibernate.orm.jdbc.bind              : binding parameter (1:BIGINT) <- [315]
2026-08-19T21:37:19.756+09:00 DEBUG 83049 --- [schedule-api] [nio-8080-exec-1] org.hibernate.SQL                        :
    select
        m1_0.member_id,
        m1_0.created_at,
        m1_0.email,
        m1_0.name,
        m1_0.updated_at
    from
        member m1_0
    where
        m1_0.member_id=?
2026-08-19T21:37:19.756+09:00 TRACE 83049 --- [schedule-api] [nio-8080-exec-1] org.hibernate.orm.jdbc.bind              : binding parameter (1:BIGINT) <- [316]
2026-08-19T21:37:19.756+09:00 DEBUG 83049 --- [schedule-api] [nio-8080-exec-1] org.hibernate.SQL                        :
    select
        m1_0.member_id,
        m1_0.created_at,
        m1_0.email,
        m1_0.name,
        m1_0.updated_at
    from
        member m1_0
    where
        m1_0.member_id=?
2026-08-19T21:37:19.756+09:00 TRACE 83049 --- [schedule-api] [nio-8080-exec-1] org.hibernate.orm.jdbc.bind              : binding parameter (1:BIGINT) <- [317]
2026-08-19T21:37:19.756+09:00 DEBUG 83049 --- [schedule-api] [nio-8080-exec-1] org.hibernate.SQL                        :
    select
        m1_0.member_id,
        m1_0.created_at,
        m1_0.email,
        m1_0.name,
        m1_0.updated_at
    from
        member m1_0
    where
        m1_0.member_id=?
2026-08-19T21:37:19.756+09:00 TRACE 83049 --- [schedule-api] [nio-8080-exec-1] org.hibernate.orm.jdbc.bind              : binding parameter (1:BIGINT) <- [318]
2026-08-19T21:37:19.756+09:00 DEBUG 83049 --- [schedule-api] [nio-8080-exec-1] org.hibernate.SQL                        :
    select
        m1_0.member_id,
        m1_0.created_at,
        m1_0.email,
        m1_0.name,
        m1_0.updated_at
    from
        member m1_0
    where
        m1_0.member_id=?
2026-08-19T21:37:19.756+09:00 TRACE 83049 --- [schedule-api] [nio-8080-exec-1] org.hibernate.orm.jdbc.bind              : binding parameter (1:BIGINT) <- [319]
2026-08-19T21:37:19.757+09:00 DEBUG 83049 --- [schedule-api] [nio-8080-exec-1] org.hibernate.SQL                        :
    select
        m1_0.member_id,
        m1_0.created_at,
        m1_0.email,
        m1_0.name,
        m1_0.updated_at
    from
        member m1_0
    where
        m1_0.member_id=?
2026-08-19T21:37:19.757+09:00 TRACE 83049 --- [schedule-api] [nio-8080-exec-1] org.hibernate.orm.jdbc.bind              : binding parameter (1:BIGINT) <- [320]
2026-08-19T21:37:19.757+09:00 DEBUG 83049 --- [schedule-api] [nio-8080-exec-1] org.hibernate.SQL                        :
    select
        m1_0.member_id,
        m1_0.created_at,
        m1_0.email,
        m1_0.name,
        m1_0.updated_at
    from
        member m1_0
    where
        m1_0.member_id=?
2026-08-19T21:37:19.757+09:00 TRACE 83049 --- [schedule-api] [nio-8080-exec-1] org.hibernate.orm.jdbc.bind              : binding parameter (1:BIGINT) <- [321]
2026-08-19T21:37:19.757+09:00 DEBUG 83049 --- [schedule-api] [nio-8080-exec-1] org.hibernate.SQL                        :
    select
        m1_0.member_id,
        m1_0.created_at,
        m1_0.email,
        m1_0.name,
        m1_0.updated_at
    from
        member m1_0
    where
        m1_0.member_id=?
2026-08-19T21:37:19.757+09:00 TRACE 83049 --- [schedule-api] [nio-8080-exec-1] org.hibernate.orm.jdbc.bind              : binding parameter (1:BIGINT) <- [322]
2026-08-19T21:37:19.757+09:00 DEBUG 83049 --- [schedule-api] [nio-8080-exec-1] org.hibernate.SQL                        :
    select
        m1_0.member_id,
        m1_0.created_at,
        m1_0.email,
        m1_0.name,
        m1_0.updated_at
    from
        member m1_0
    where
        m1_0.member_id=?
2026-08-19T21:37:19.757+09:00 TRACE 83049 --- [schedule-api] [nio-8080-exec-1] org.hibernate.orm.jdbc.bind              : binding parameter (1:BIGINT) <- [323]
2026-08-19T21:37:19.757+09:00 DEBUG 83049 --- [schedule-api] [nio-8080-exec-1] org.hibernate.SQL                        :
    select
        m1_0.member_id,
        m1_0.created_at,
        m1_0.email,
        m1_0.name,
        m1_0.updated_at
    from
        member m1_0
    where
        m1_0.member_id=?
2026-08-19T21:37:19.757+09:00 TRACE 83049 --- [schedule-api] [nio-8080-exec-1] org.hibernate.orm.jdbc.bind              : binding parameter (1:BIGINT) <- [324]
2026-08-19T21:37:19.757+09:00 DEBUG 83049 --- [schedule-api] [nio-8080-exec-1] org.hibernate.SQL                        :
    select
        m1_0.member_id,
        m1_0.created_at,
        m1_0.email,
        m1_0.name,
        m1_0.updated_at
    from
        member m1_0
    where
        m1_0.member_id=?
2026-08-19T21:37:19.757+09:00 TRACE 83049 --- [schedule-api] [nio-8080-exec-1] org.hibernate.orm.jdbc.bind              : binding parameter (1:BIGINT) <- [325]
2026-08-19T21:37:19.758+09:00 DEBUG 83049 --- [schedule-api] [nio-8080-exec-1] org.hibernate.SQL                        :
    select
        m1_0.member_id,
        m1_0.created_at,
        m1_0.email,
        m1_0.name,
        m1_0.updated_at
    from
        member m1_0
    where
        m1_0.member_id=?
2026-08-19T21:37:19.758+09:00 TRACE 83049 --- [schedule-api] [nio-8080-exec-1] org.hibernate.orm.jdbc.bind              : binding parameter (1:BIGINT) <- [326]
2026-08-19T21:37:19.758+09:00 DEBUG 83049 --- [schedule-api] [nio-8080-exec-1] org.hibernate.SQL                        :
    select
        m1_0.member_id,
        m1_0.created_at,
        m1_0.email,
        m1_0.name,
        m1_0.updated_at
    from
        member m1_0
    where
        m1_0.member_id=?
2026-08-19T21:37:19.758+09:00 TRACE 83049 --- [schedule-api] [nio-8080-exec-1] org.hibernate.orm.jdbc.bind              : binding parameter (1:BIGINT) <- [327]
2026-08-19T21:37:19.758+09:00 DEBUG 83049 --- [schedule-api] [nio-8080-exec-1] org.hibernate.SQL                        :
    select
        m1_0.member_id,
        m1_0.created_at,
        m1_0.email,
        m1_0.name,
        m1_0.updated_at
    from
        member m1_0
    where
        m1_0.member_id=?
2026-08-19T21:37:19.758+09:00 TRACE 83049 --- [schedule-api] [nio-8080-exec-1] org.hibernate.orm.jdbc.bind              : binding parameter (1:BIGINT) <- [328]
2026-08-19T21:37:19.758+09:00 DEBUG 83049 --- [schedule-api] [nio-8080-exec-1] org.hibernate.SQL                        :
    select
        m1_0.member_id,
        m1_0.created_at,
        m1_0.email,
        m1_0.name,
        m1_0.updated_at
    from
        member m1_0
    where
        m1_0.member_id=?
2026-08-19T21:37:19.758+09:00 TRACE 83049 --- [schedule-api] [nio-8080-exec-1] org.hibernate.orm.jdbc.bind              : binding parameter (1:BIGINT) <- [329]
2026-08-19T21:37:19.758+09:00 DEBUG 83049 --- [schedule-api] [nio-8080-exec-1] org.hibernate.SQL                        :
    select
        m1_0.member_id,
        m1_0.created_at,
        m1_0.email,
        m1_0.name,
        m1_0.updated_at
    from
        member m1_0
    where
        m1_0.member_id=?
2026-08-19T21:37:19.758+09:00 TRACE 83049 --- [schedule-api] [nio-8080-exec-1] org.hibernate.orm.jdbc.bind              : binding parameter (1:BIGINT) <- [330]
2026-08-19T21:37:19.758+09:00 DEBUG 83049 --- [schedule-api] [nio-8080-exec-1] org.hibernate.SQL                        :
    select
        m1_0.member_id,
        m1_0.created_at,
        m1_0.email,
        m1_0.name,
        m1_0.updated_at
    from
        member m1_0
    where
        m1_0.member_id=?
2026-08-19T21:37:19.758+09:00 TRACE 83049 --- [schedule-api] [nio-8080-exec-1] org.hibernate.orm.jdbc.bind              : binding parameter (1:BIGINT) <- [331]
2026-08-19T21:37:19.758+09:00 DEBUG 83049 --- [schedule-api] [nio-8080-exec-1] org.hibernate.SQL                        :
    select
        m1_0.member_id,
        m1_0.created_at,
        m1_0.email,
        m1_0.name,
        m1_0.updated_at
    from
        member m1_0
    where
        m1_0.member_id=?
2026-08-19T21:37:19.759+09:00 TRACE 83049 --- [schedule-api] [nio-8080-exec-1] org.hibernate.orm.jdbc.bind              : binding parameter (1:BIGINT) <- [332]
2026-08-19T21:37:19.759+09:00 DEBUG 83049 --- [schedule-api] [nio-8080-exec-1] org.hibernate.SQL                        :
    select
        m1_0.member_id,
        m1_0.created_at,
        m1_0.email,
        m1_0.name,
        m1_0.updated_at
    from
        member m1_0
    where
        m1_0.member_id=?
2026-08-19T21:37:19.759+09:00 TRACE 83049 --- [schedule-api] [nio-8080-exec-1] org.hibernate.orm.jdbc.bind              : binding parameter (1:BIGINT) <- [333]
2026-08-19T21:37:19.759+09:00 DEBUG 83049 --- [schedule-api] [nio-8080-exec-1] org.hibernate.SQL                        :
    select
        m1_0.member_id,
        m1_0.created_at,
        m1_0.email,
        m1_0.name,
        m1_0.updated_at
    from
        member m1_0
    where
        m1_0.member_id=?
2026-08-19T21:37:19.759+09:00 TRACE 83049 --- [schedule-api] [nio-8080-exec-1] org.hibernate.orm.jdbc.bind              : binding parameter (1:BIGINT) <- [334]
2026-08-19T21:37:19.759+09:00 DEBUG 83049 --- [schedule-api] [nio-8080-exec-1] org.hibernate.SQL                        :
    select
        m1_0.member_id,
        m1_0.created_at,
        m1_0.email,
        m1_0.name,
        m1_0.updated_at
    from
        member m1_0
    where
        m1_0.member_id=?
2026-08-19T21:37:19.759+09:00 TRACE 83049 --- [schedule-api] [nio-8080-exec-1] org.hibernate.orm.jdbc.bind              : binding parameter (1:BIGINT) <- [335]
2026-08-19T21:37:19.759+09:00 DEBUG 83049 --- [schedule-api] [nio-8080-exec-1] org.hibernate.SQL                        :
    select
        m1_0.member_id,
        m1_0.created_at,
        m1_0.email,
        m1_0.name,
        m1_0.updated_at
    from
        member m1_0
    where
        m1_0.member_id=?
2026-08-19T21:37:19.759+09:00 TRACE 83049 --- [schedule-api] [nio-8080-exec-1] org.hibernate.orm.jdbc.bind              : binding parameter (1:BIGINT) <- [336]
2026-08-19T21:37:19.759+09:00 DEBUG 83049 --- [schedule-api] [nio-8080-exec-1] org.hibernate.SQL                        :
    select
        m1_0.member_id,
        m1_0.created_at,
        m1_0.email,
        m1_0.name,
        m1_0.updated_at
    from
        member m1_0
    where
        m1_0.member_id=?
2026-08-19T21:37:19.759+09:00 TRACE 83049 --- [schedule-api] [nio-8080-exec-1] org.hibernate.orm.jdbc.bind              : binding parameter (1:BIGINT) <- [337]
2026-08-19T21:37:19.759+09:00 DEBUG 83049 --- [schedule-api] [nio-8080-exec-1] org.hibernate.SQL                        :
    select
        m1_0.member_id,
        m1_0.created_at,
        m1_0.email,
        m1_0.name,
        m1_0.updated_at
    from
        member m1_0
    where
        m1_0.member_id=?
2026-08-19T21:37:19.759+09:00 TRACE 83049 --- [schedule-api] [nio-8080-exec-1] org.hibernate.orm.jdbc.bind              : binding parameter (1:BIGINT) <- [338]
2026-08-19T21:37:19.760+09:00 DEBUG 83049 --- [schedule-api] [nio-8080-exec-1] org.hibernate.SQL                        :
    select
        m1_0.member_id,
        m1_0.created_at,
        m1_0.email,
        m1_0.name,
        m1_0.updated_at
    from
        member m1_0
    where
        m1_0.member_id=?
2026-08-19T21:37:19.760+09:00 TRACE 83049 --- [schedule-api] [nio-8080-exec-1] org.hibernate.orm.jdbc.bind              : binding parameter (1:BIGINT) <- [339]
2026-08-19T21:37:19.760+09:00 DEBUG 83049 --- [schedule-api] [nio-8080-exec-1] org.hibernate.SQL                        :
    select
        m1_0.member_id,
        m1_0.created_at,
        m1_0.email,
        m1_0.name,
        m1_0.updated_at
    from
        member m1_0
    where
        m1_0.member_id=?
2026-08-19T21:37:19.760+09:00 TRACE 83049 --- [schedule-api] [nio-8080-exec-1] org.hibernate.orm.jdbc.bind              : binding parameter (1:BIGINT) <- [340]
2026-08-19T21:37:19.760+09:00 DEBUG 83049 --- [schedule-api] [nio-8080-exec-1] org.hibernate.SQL                        :
    select
        m1_0.member_id,
        m1_0.created_at,
        m1_0.email,
        m1_0.name,
        m1_0.updated_at
    from
        member m1_0
    where
        m1_0.member_id=?
2026-08-19T21:37:19.760+09:00 TRACE 83049 --- [schedule-api] [nio-8080-exec-1] org.hibernate.orm.jdbc.bind              : binding parameter (1:BIGINT) <- [341]
2026-08-19T21:37:19.760+09:00 DEBUG 83049 --- [schedule-api] [nio-8080-exec-1] org.hibernate.SQL                        :
    select
        m1_0.member_id,
        m1_0.created_at,
        m1_0.email,
        m1_0.name,
        m1_0.updated_at
    from
        member m1_0
    where
        m1_0.member_id=?
2026-08-19T21:37:19.760+09:00 TRACE 83049 --- [schedule-api] [nio-8080-exec-1] org.hibernate.orm.jdbc.bind              : binding parameter (1:BIGINT) <- [342]
2026-08-19T21:37:19.760+09:00 DEBUG 83049 --- [schedule-api] [nio-8080-exec-1] org.hibernate.SQL                        :
    select
        m1_0.member_id,
        m1_0.created_at,
        m1_0.email,
        m1_0.name,
        m1_0.updated_at
    from
        member m1_0
    where
        m1_0.member_id=?
2026-08-19T21:37:19.760+09:00 TRACE 83049 --- [schedule-api] [nio-8080-exec-1] org.hibernate.orm.jdbc.bind              : binding parameter (1:BIGINT) <- [343]
2026-08-19T21:37:19.761+09:00 DEBUG 83049 --- [schedule-api] [nio-8080-exec-1] org.hibernate.SQL                        :
    select
        m1_0.member_id,
        m1_0.created_at,
        m1_0.email,
        m1_0.name,
        m1_0.updated_at
    from
        member m1_0
    where
        m1_0.member_id=?
2026-08-19T21:37:19.761+09:00 TRACE 83049 --- [schedule-api] [nio-8080-exec-1] org.hibernate.orm.jdbc.bind              : binding parameter (1:BIGINT) <- [344]
2026-08-19T21:37:19.762+09:00 DEBUG 83049 --- [schedule-api] [nio-8080-exec-1] org.hibernate.SQL                        :
    select
        m1_0.member_id,
        m1_0.created_at,
        m1_0.email,
        m1_0.name,
        m1_0.updated_at
    from
        member m1_0
    where
        m1_0.member_id=?
2026-08-19T21:37:19.763+09:00 TRACE 83049 --- [schedule-api] [nio-8080-exec-1] org.hibernate.orm.jdbc.bind              : binding parameter (1:BIGINT) <- [345]
2026-08-19T21:37:19.763+09:00 DEBUG 83049 --- [schedule-api] [nio-8080-exec-1] org.hibernate.SQL                        :
    select
        m1_0.member_id,
        m1_0.created_at,
        m1_0.email,
        m1_0.name,
        m1_0.updated_at
    from
        member m1_0
    where
        m1_0.member_id=?
2026-08-19T21:37:19.763+09:00 TRACE 83049 --- [schedule-api] [nio-8080-exec-1] org.hibernate.orm.jdbc.bind              : binding parameter (1:BIGINT) <- [346]
2026-08-19T21:37:19.763+09:00 DEBUG 83049 --- [schedule-api] [nio-8080-exec-1] org.hibernate.SQL                        :
    select
        m1_0.member_id,
        m1_0.created_at,
        m1_0.email,
        m1_0.name,
        m1_0.updated_at
    from
        member m1_0
    where
        m1_0.member_id=?
2026-08-19T21:37:19.763+09:00 TRACE 83049 --- [schedule-api] [nio-8080-exec-1] org.hibernate.orm.jdbc.bind              : binding parameter (1:BIGINT) <- [347]
2026-08-19T21:37:19.763+09:00 DEBUG 83049 --- [schedule-api] [nio-8080-exec-1] org.hibernate.SQL                        :
    select
        m1_0.member_id,
        m1_0.created_at,
        m1_0.email,
        m1_0.name,
        m1_0.updated_at
    from
        member m1_0
    where
        m1_0.member_id=?
2026-08-19T21:37:19.763+09:00 TRACE 83049 --- [schedule-api] [nio-8080-exec-1] org.hibernate.orm.jdbc.bind              : binding parameter (1:BIGINT) <- [348]
2026-08-19T21:37:19.763+09:00 DEBUG 83049 --- [schedule-api] [nio-8080-exec-1] org.hibernate.SQL                        :
    select
        m1_0.member_id,
        m1_0.created_at,
        m1_0.email,
        m1_0.name,
        m1_0.updated_at
    from
        member m1_0
    where
        m1_0.member_id=?
2026-08-19T21:37:19.763+09:00 TRACE 83049 --- [schedule-api] [nio-8080-exec-1] org.hibernate.orm.jdbc.bind              : binding parameter (1:BIGINT) <- [349]
2026-08-19T21:37:19.763+09:00 DEBUG 83049 --- [schedule-api] [nio-8080-exec-1] org.hibernate.SQL                        :
    select
        m1_0.member_id,
        m1_0.created_at,
        m1_0.email,
        m1_0.name,
        m1_0.updated_at
    from
        member m1_0
    where
        m1_0.member_id=?
2026-08-19T21:37:19.763+09:00 TRACE 83049 --- [schedule-api] [nio-8080-exec-1] org.hibernate.orm.jdbc.bind              : binding parameter (1:BIGINT) <- [350]
2026-08-19T21:37:19.764+09:00 DEBUG 83049 --- [schedule-api] [nio-8080-exec-1] org.hibernate.SQL                        :
    select
        m1_0.member_id,
        m1_0.created_at,
        m1_0.email,
        m1_0.name,
        m1_0.updated_at
    from
        member m1_0
    where
        m1_0.member_id=?
2026-08-19T21:37:19.764+09:00 TRACE 83049 --- [schedule-api] [nio-8080-exec-1] org.hibernate.orm.jdbc.bind              : binding parameter (1:BIGINT) <- [351]
2026-08-19T21:37:19.764+09:00 DEBUG 83049 --- [schedule-api] [nio-8080-exec-1] org.hibernate.SQL                        :
    select
        m1_0.member_id,
        m1_0.created_at,
        m1_0.email,
        m1_0.name,
        m1_0.updated_at
    from
        member m1_0
    where
        m1_0.member_id=?
2026-08-19T21:37:19.764+09:00 TRACE 83049 --- [schedule-api] [nio-8080-exec-1] org.hibernate.orm.jdbc.bind              : binding parameter (1:BIGINT) <- [352]
2026-08-19T21:37:19.764+09:00 DEBUG 83049 --- [schedule-api] [nio-8080-exec-1] org.hibernate.SQL                        :
    select
        m1_0.member_id,
        m1_0.created_at,
        m1_0.email,
        m1_0.name,
        m1_0.updated_at
    from
        member m1_0
    where
        m1_0.member_id=?
2026-08-19T21:37:19.764+09:00 TRACE 83049 --- [schedule-api] [nio-8080-exec-1] org.hibernate.orm.jdbc.bind              : binding parameter (1:BIGINT) <- [353]
2026-08-19T21:37:19.764+09:00 DEBUG 83049 --- [schedule-api] [nio-8080-exec-1] org.hibernate.SQL                        :
    select
        m1_0.member_id,
        m1_0.created_at,
        m1_0.email,
        m1_0.name,
        m1_0.updated_at
    from
        member m1_0
    where
        m1_0.member_id=?
2026-08-19T21:37:19.764+09:00 TRACE 83049 --- [schedule-api] [nio-8080-exec-1] org.hibernate.orm.jdbc.bind              : binding parameter (1:BIGINT) <- [354]
2026-08-19T21:37:19.764+09:00 DEBUG 83049 --- [schedule-api] [nio-8080-exec-1] org.hibernate.SQL                        :
    select
        m1_0.member_id,
        m1_0.created_at,
        m1_0.email,
        m1_0.name,
        m1_0.updated_at
    from
        member m1_0
    where
        m1_0.member_id=?
2026-08-19T21:37:19.764+09:00 TRACE 83049 --- [schedule-api] [nio-8080-exec-1] org.hibernate.orm.jdbc.bind              : binding parameter (1:BIGINT) <- [355]
2026-08-19T21:37:19.764+09:00 DEBUG 83049 --- [schedule-api] [nio-8080-exec-1] org.hibernate.SQL                        :
    select
        m1_0.member_id,
        m1_0.created_at,
        m1_0.email,
        m1_0.name,
        m1_0.updated_at
    from
        member m1_0
    where
        m1_0.member_id=?
2026-08-19T21:37:19.764+09:00 TRACE 83049 --- [schedule-api] [nio-8080-exec-1] org.hibernate.orm.jdbc.bind              : binding parameter (1:BIGINT) <- [356]
2026-08-19T21:37:19.765+09:00 DEBUG 83049 --- [schedule-api] [nio-8080-exec-1] org.hibernate.SQL                        :
    select
        m1_0.member_id,
        m1_0.created_at,
        m1_0.email,
        m1_0.name,
        m1_0.updated_at
    from
        member m1_0
    where
        m1_0.member_id=?
2026-08-19T21:37:19.765+09:00 TRACE 83049 --- [schedule-api] [nio-8080-exec-1] org.hibernate.orm.jdbc.bind              : binding parameter (1:BIGINT) <- [357]
2026-08-19T21:37:19.765+09:00 DEBUG 83049 --- [schedule-api] [nio-8080-exec-1] org.hibernate.SQL                        :
    select
        m1_0.member_id,
        m1_0.created_at,
        m1_0.email,
        m1_0.name,
        m1_0.updated_at
    from
        member m1_0
    where
        m1_0.member_id=?
2026-08-19T21:37:19.765+09:00 TRACE 83049 --- [schedule-api] [nio-8080-exec-1] org.hibernate.orm.jdbc.bind              : binding parameter (1:BIGINT) <- [358]
2026-08-19T21:37:19.765+09:00 DEBUG 83049 --- [schedule-api] [nio-8080-exec-1] org.hibernate.SQL                        :
    select
        m1_0.member_id,
        m1_0.created_at,
        m1_0.email,
        m1_0.name,
        m1_0.updated_at
    from
        member m1_0
    where
        m1_0.member_id=?
2026-08-19T21:37:19.765+09:00 TRACE 83049 --- [schedule-api] [nio-8080-exec-1] org.hibernate.orm.jdbc.bind              : binding parameter (1:BIGINT) <- [359]
2026-08-19T21:37:19.765+09:00 DEBUG 83049 --- [schedule-api] [nio-8080-exec-1] org.hibernate.SQL                        :
    select
        m1_0.member_id,
        m1_0.created_at,
        m1_0.email,
        m1_0.name,
        m1_0.updated_at
    from
        member m1_0
    where
        m1_0.member_id=?
2026-08-19T21:37:19.765+09:00 TRACE 83049 --- [schedule-api] [nio-8080-exec-1] org.hibernate.orm.jdbc.bind              : binding parameter (1:BIGINT) <- [360]
2026-08-19T21:37:19.765+09:00 DEBUG 83049 --- [schedule-api] [nio-8080-exec-1] org.hibernate.SQL                        :
    select
        m1_0.member_id,
        m1_0.created_at,
        m1_0.email,
        m1_0.name,
        m1_0.updated_at
    from
        member m1_0
    where
        m1_0.member_id=?
2026-08-19T21:37:19.765+09:00 TRACE 83049 --- [schedule-api] [nio-8080-exec-1] org.hibernate.orm.jdbc.bind              : binding parameter (1:BIGINT) <- [361]
2026-08-19T21:37:19.766+09:00 DEBUG 83049 --- [schedule-api] [nio-8080-exec-1] org.hibernate.SQL                        :
    select
        m1_0.member_id,
        m1_0.created_at,
        m1_0.email,
        m1_0.name,
        m1_0.updated_at
    from
        member m1_0
    where
        m1_0.member_id=?
2026-08-19T21:37:19.766+09:00 TRACE 83049 --- [schedule-api] [nio-8080-exec-1] org.hibernate.orm.jdbc.bind              : binding parameter (1:BIGINT) <- [362]
2026-08-19T21:37:19.766+09:00 DEBUG 83049 --- [schedule-api] [nio-8080-exec-1] org.hibernate.SQL                        :
    select
        m1_0.member_id,
        m1_0.created_at,
        m1_0.email,
        m1_0.name,
        m1_0.updated_at
    from
        member m1_0
    where
        m1_0.member_id=?
2026-08-19T21:37:19.766+09:00 TRACE 83049 --- [schedule-api] [nio-8080-exec-1] org.hibernate.orm.jdbc.bind              : binding parameter (1:BIGINT) <- [363]
2026-08-19T21:37:19.766+09:00 DEBUG 83049 --- [schedule-api] [nio-8080-exec-1] org.hibernate.SQL                        :
    select
        m1_0.member_id,
        m1_0.created_at,
        m1_0.email,
        m1_0.name,
        m1_0.updated_at
    from
        member m1_0
    where
        m1_0.member_id=?
2026-08-19T21:37:19.766+09:00 TRACE 83049 --- [schedule-api] [nio-8080-exec-1] org.hibernate.orm.jdbc.bind              : binding parameter (1:BIGINT) <- [364]
2026-08-19T21:37:19.766+09:00 DEBUG 83049 --- [schedule-api] [nio-8080-exec-1] org.hibernate.SQL                        :
    select
        m1_0.member_id,
        m1_0.created_at,
        m1_0.email,
        m1_0.name,
        m1_0.updated_at
    from
        member m1_0
    where
        m1_0.member_id=?
2026-08-19T21:37:19.766+09:00 TRACE 83049 --- [schedule-api] [nio-8080-exec-1] org.hibernate.orm.jdbc.bind              : binding parameter (1:BIGINT) <- [365]
2026-08-19T21:37:19.766+09:00 DEBUG 83049 --- [schedule-api] [nio-8080-exec-1] org.hibernate.SQL                        :
    select
        m1_0.member_id,
        m1_0.created_at,
        m1_0.email,
        m1_0.name,
        m1_0.updated_at
    from
        member m1_0
    where
        m1_0.member_id=?
2026-08-19T21:37:19.766+09:00 TRACE 83049 --- [schedule-api] [nio-8080-exec-1] org.hibernate.orm.jdbc.bind              : binding parameter (1:BIGINT) <- [366]
2026-08-19T21:37:19.767+09:00 DEBUG 83049 --- [schedule-api] [nio-8080-exec-1] org.hibernate.SQL                        :
    select
        m1_0.member_id,
        m1_0.created_at,
        m1_0.email,
        m1_0.name,
        m1_0.updated_at
    from
        member m1_0
    where
        m1_0.member_id=?
2026-08-19T21:37:19.767+09:00 TRACE 83049 --- [schedule-api] [nio-8080-exec-1] org.hibernate.orm.jdbc.bind              : binding parameter (1:BIGINT) <- [367]
2026-08-19T21:37:19.767+09:00 DEBUG 83049 --- [schedule-api] [nio-8080-exec-1] org.hibernate.SQL                        :
    select
        m1_0.member_id,
        m1_0.created_at,
        m1_0.email,
        m1_0.name,
        m1_0.updated_at
    from
        member m1_0
    where
        m1_0.member_id=?
2026-08-19T21:37:19.767+09:00 TRACE 83049 --- [schedule-api] [nio-8080-exec-1] org.hibernate.orm.jdbc.bind              : binding parameter (1:BIGINT) <- [368]
2026-08-19T21:37:19.767+09:00 DEBUG 83049 --- [schedule-api] [nio-8080-exec-1] org.hibernate.SQL                        :
    select
        m1_0.member_id,
        m1_0.created_at,
        m1_0.email,
        m1_0.name,
        m1_0.updated_at
    from
        member m1_0
    where
        m1_0.member_id=?
2026-08-19T21:37:19.767+09:00 TRACE 83049 --- [schedule-api] [nio-8080-exec-1] org.hibernate.orm.jdbc.bind              : binding parameter (1:BIGINT) <- [369]
2026-08-19T21:37:19.767+09:00 DEBUG 83049 --- [schedule-api] [nio-8080-exec-1] org.hibernate.SQL                        :
    select
        m1_0.member_id,
        m1_0.created_at,
        m1_0.email,
        m1_0.name,
        m1_0.updated_at
    from
        member m1_0
    where
        m1_0.member_id=?
2026-08-19T21:37:19.767+09:00 TRACE 83049 --- [schedule-api] [nio-8080-exec-1] org.hibernate.orm.jdbc.bind              : binding parameter (1:BIGINT) <- [370]
2026-08-19T21:37:19.767+09:00 DEBUG 83049 --- [schedule-api] [nio-8080-exec-1] org.hibernate.SQL                        :
    select
        m1_0.member_id,
        m1_0.created_at,
        m1_0.email,
        m1_0.name,
        m1_0.updated_at
    from
        member m1_0
    where
        m1_0.member_id=?
2026-08-19T21:37:19.767+09:00 TRACE 83049 --- [schedule-api] [nio-8080-exec-1] org.hibernate.orm.jdbc.bind              : binding parameter (1:BIGINT) <- [371]
2026-08-19T21:37:19.767+09:00 DEBUG 83049 --- [schedule-api] [nio-8080-exec-1] org.hibernate.SQL                        :
    select
        m1_0.member_id,
        m1_0.created_at,
        m1_0.email,
        m1_0.name,
        m1_0.updated_at
    from
        member m1_0
    where
        m1_0.member_id=?
2026-08-19T21:37:19.767+09:00 TRACE 83049 --- [schedule-api] [nio-8080-exec-1] org.hibernate.orm.jdbc.bind              : binding parameter (1:BIGINT) <- [372]
2026-08-19T21:37:19.767+09:00 DEBUG 83049 --- [schedule-api] [nio-8080-exec-1] org.hibernate.SQL                        :
    select
        m1_0.member_id,
        m1_0.created_at,
        m1_0.email,
        m1_0.name,
        m1_0.updated_at
    from
        member m1_0
    where
        m1_0.member_id=?
2026-08-19T21:37:19.767+09:00 TRACE 83049 --- [schedule-api] [nio-8080-exec-1] org.hibernate.orm.jdbc.bind              : binding parameter (1:BIGINT) <- [373]
2026-08-19T21:37:19.768+09:00 DEBUG 83049 --- [schedule-api] [nio-8080-exec-1] org.hibernate.SQL                        :
    select
        m1_0.member_id,
        m1_0.created_at,
        m1_0.email,
        m1_0.name,
        m1_0.updated_at
    from
        member m1_0
    where
        m1_0.member_id=?
2026-08-19T21:37:19.768+09:00 TRACE 83049 --- [schedule-api] [nio-8080-exec-1] org.hibernate.orm.jdbc.bind              : binding parameter (1:BIGINT) <- [374]
2026-08-19T21:37:19.768+09:00 DEBUG 83049 --- [schedule-api] [nio-8080-exec-1] org.hibernate.SQL                        :
    select
        m1_0.member_id,
        m1_0.created_at,
        m1_0.email,
        m1_0.name,
        m1_0.updated_at
    from
        member m1_0
    where
        m1_0.member_id=?
2026-08-19T21:37:19.768+09:00 TRACE 83049 --- [schedule-api] [nio-8080-exec-1] org.hibernate.orm.jdbc.bind              : binding parameter (1:BIGINT) <- [375]
2026-08-19T21:37:19.771+09:00 DEBUG 83049 --- [schedule-api] [nio-8080-exec-1] org.hibernate.SQL                        :
    select
        m1_0.member_id,
        m1_0.created_at,
        m1_0.email,
        m1_0.name,
        m1_0.updated_at
    from
        member m1_0
    where
        m1_0.member_id=?
2026-08-19T21:37:19.771+09:00 TRACE 83049 --- [schedule-api] [nio-8080-exec-1] org.hibernate.orm.jdbc.bind              : binding parameter (1:BIGINT) <- [376]
2026-08-19T21:37:19.772+09:00 DEBUG 83049 --- [schedule-api] [nio-8080-exec-1] org.hibernate.SQL                        :
    select
        m1_0.member_id,
        m1_0.created_at,
        m1_0.email,
        m1_0.name,
        m1_0.updated_at
    from
        member m1_0
    where
        m1_0.member_id=?
2026-08-19T21:37:19.772+09:00 TRACE 83049 --- [schedule-api] [nio-8080-exec-1] org.hibernate.orm.jdbc.bind              : binding parameter (1:BIGINT) <- [377]
2026-08-19T21:37:19.772+09:00 DEBUG 83049 --- [schedule-api] [nio-8080-exec-1] org.hibernate.SQL                        :
    select
        m1_0.member_id,
        m1_0.created_at,
        m1_0.email,
        m1_0.name,
        m1_0.updated_at
    from
        member m1_0
    where
        m1_0.member_id=?
2026-08-19T21:37:19.772+09:00 TRACE 83049 --- [schedule-api] [nio-8080-exec-1] org.hibernate.orm.jdbc.bind              : binding parameter (1:BIGINT) <- [378]
2026-08-19T21:37:19.775+09:00 DEBUG 83049 --- [schedule-api] [nio-8080-exec-1] org.hibernate.SQL                        :
    select
        m1_0.member_id,
        m1_0.created_at,
        m1_0.email,
        m1_0.name,
        m1_0.updated_at
    from
        member m1_0
    where
        m1_0.member_id=?
2026-08-19T21:37:19.775+09:00 TRACE 83049 --- [schedule-api] [nio-8080-exec-1] org.hibernate.orm.jdbc.bind              : binding parameter (1:BIGINT) <- [379]
2026-08-19T21:37:19.778+09:00 DEBUG 83049 --- [schedule-api] [nio-8080-exec-1] org.hibernate.SQL                        :
    select
        m1_0.member_id,
        m1_0.created_at,
        m1_0.email,
        m1_0.name,
        m1_0.updated_at
    from
        member m1_0
    where
        m1_0.member_id=?
2026-08-19T21:37:19.778+09:00 TRACE 83049 --- [schedule-api] [nio-8080-exec-1] org.hibernate.orm.jdbc.bind              : binding parameter (1:BIGINT) <- [380]
2026-08-19T21:37:19.780+09:00 DEBUG 83049 --- [schedule-api] [nio-8080-exec-1] org.hibernate.SQL                        :
    select
        m1_0.member_id,
        m1_0.created_at,
        m1_0.email,
        m1_0.name,
        m1_0.updated_at
    from
        member m1_0
    where
        m1_0.member_id=?
2026-08-19T21:37:19.780+09:00 TRACE 83049 --- [schedule-api] [nio-8080-exec-1] org.hibernate.orm.jdbc.bind              : binding parameter (1:BIGINT) <- [381]
2026-08-19T21:37:19.780+09:00 DEBUG 83049 --- [schedule-api] [nio-8080-exec-1] org.hibernate.SQL                        :
    select
        m1_0.member_id,
        m1_0.created_at,
        m1_0.email,
        m1_0.name,
        m1_0.updated_at
    from
        member m1_0
    where
        m1_0.member_id=?
2026-08-19T21:37:19.780+09:00 TRACE 83049 --- [schedule-api] [nio-8080-exec-1] org.hibernate.orm.jdbc.bind              : binding parameter (1:BIGINT) <- [382]
2026-08-19T21:37:19.785+09:00 DEBUG 83049 --- [schedule-api] [nio-8080-exec-1] org.hibernate.SQL                        :
    select
        m1_0.member_id,
        m1_0.created_at,
        m1_0.email,
        m1_0.name,
        m1_0.updated_at
    from
        member m1_0
    where
        m1_0.member_id=?
2026-08-19T21:37:19.785+09:00 TRACE 83049 --- [schedule-api] [nio-8080-exec-1] org.hibernate.orm.jdbc.bind              : binding parameter (1:BIGINT) <- [383]
2026-08-19T21:37:19.792+09:00 DEBUG 83049 --- [schedule-api] [nio-8080-exec-1] org.hibernate.SQL                        :
    select
        m1_0.member_id,
        m1_0.created_at,
        m1_0.email,
        m1_0.name,
        m1_0.updated_at
    from
        member m1_0
    where
        m1_0.member_id=?
2026-08-19T21:37:19.794+09:00 TRACE 83049 --- [schedule-api] [nio-8080-exec-1] org.hibernate.orm.jdbc.bind              : binding parameter (1:BIGINT) <- [384]
2026-08-19T21:37:19.800+09:00 DEBUG 83049 --- [schedule-api] [nio-8080-exec-1] org.hibernate.SQL                        :
    select
        m1_0.member_id,
        m1_0.created_at,
        m1_0.email,
        m1_0.name,
        m1_0.updated_at
    from
        member m1_0
    where
        m1_0.member_id=?
2026-08-19T21:37:19.800+09:00 TRACE 83049 --- [schedule-api] [nio-8080-exec-1] org.hibernate.orm.jdbc.bind              : binding parameter (1:BIGINT) <- [385]
2026-08-19T21:37:19.802+09:00 DEBUG 83049 --- [schedule-api] [nio-8080-exec-1] org.hibernate.SQL                        :
    select
        m1_0.member_id,
        m1_0.created_at,
        m1_0.email,
        m1_0.name,
        m1_0.updated_at
    from
        member m1_0
    where
        m1_0.member_id=?
2026-08-19T21:37:19.802+09:00 TRACE 83049 --- [schedule-api] [nio-8080-exec-1] org.hibernate.orm.jdbc.bind              : binding parameter (1:BIGINT) <- [386]
2026-08-19T21:37:19.803+09:00 DEBUG 83049 --- [schedule-api] [nio-8080-exec-1] org.hibernate.SQL                        :
    select
        m1_0.member_id,
        m1_0.created_at,
        m1_0.email,
        m1_0.name,
        m1_0.updated_at
    from
        member m1_0
    where
        m1_0.member_id=?
2026-08-19T21:37:19.804+09:00 TRACE 83049 --- [schedule-api] [nio-8080-exec-1] org.hibernate.orm.jdbc.bind              : binding parameter (1:BIGINT) <- [387]
2026-08-19T21:37:19.804+09:00 DEBUG 83049 --- [schedule-api] [nio-8080-exec-1] org.hibernate.SQL                        :
    select
        m1_0.member_id,
        m1_0.created_at,
        m1_0.email,
        m1_0.name,
        m1_0.updated_at
    from
        member m1_0
    where
        m1_0.member_id=?
2026-08-19T21:37:19.804+09:00 TRACE 83049 --- [schedule-api] [nio-8080-exec-1] org.hibernate.orm.jdbc.bind              : binding parameter (1:BIGINT) <- [388]
2026-08-19T21:37:19.804+09:00 DEBUG 83049 --- [schedule-api] [nio-8080-exec-1] org.hibernate.SQL                        :
    select
        m1_0.member_id,
        m1_0.created_at,
        m1_0.email,
        m1_0.name,
        m1_0.updated_at
    from
        member m1_0
    where
        m1_0.member_id=?
2026-08-19T21:37:19.804+09:00 TRACE 83049 --- [schedule-api] [nio-8080-exec-1] org.hibernate.orm.jdbc.bind              : binding parameter (1:BIGINT) <- [389]
2026-08-19T21:37:19.804+09:00 DEBUG 83049 --- [schedule-api] [nio-8080-exec-1] org.hibernate.SQL                        :
    select
        m1_0.member_id,
        m1_0.created_at,
        m1_0.email,
        m1_0.name,
        m1_0.updated_at
    from
        member m1_0
    where
        m1_0.member_id=?
2026-08-19T21:37:19.804+09:00 TRACE 83049 --- [schedule-api] [nio-8080-exec-1] org.hibernate.orm.jdbc.bind              : binding parameter (1:BIGINT) <- [390]
2026-08-19T21:37:19.804+09:00 DEBUG 83049 --- [schedule-api] [nio-8080-exec-1] org.hibernate.SQL                        :
    select
        m1_0.member_id,
        m1_0.created_at,
        m1_0.email,
        m1_0.name,
        m1_0.updated_at
    from
        member m1_0
    where
        m1_0.member_id=?
2026-08-19T21:37:19.805+09:00 TRACE 83049 --- [schedule-api] [nio-8080-exec-1] org.hibernate.orm.jdbc.bind              : binding parameter (1:BIGINT) <- [391]
2026-08-19T21:37:19.805+09:00 DEBUG 83049 --- [schedule-api] [nio-8080-exec-1] org.hibernate.SQL                        :
    select
        m1_0.member_id,
        m1_0.created_at,
        m1_0.email,
        m1_0.name,
        m1_0.updated_at
    from
        member m1_0
    where
        m1_0.member_id=?
2026-08-19T21:37:19.805+09:00 TRACE 83049 --- [schedule-api] [nio-8080-exec-1] org.hibernate.orm.jdbc.bind              : binding parameter (1:BIGINT) <- [392]
2026-08-19T21:37:19.805+09:00 DEBUG 83049 --- [schedule-api] [nio-8080-exec-1] org.hibernate.SQL                        :
    select
        m1_0.member_id,
        m1_0.created_at,
        m1_0.email,
        m1_0.name,
        m1_0.updated_at
    from
        member m1_0
    where
        m1_0.member_id=?
2026-08-19T21:37:19.805+09:00 TRACE 83049 --- [schedule-api] [nio-8080-exec-1] org.hibernate.orm.jdbc.bind              : binding parameter (1:BIGINT) <- [393]
2026-08-19T21:37:19.805+09:00 DEBUG 83049 --- [schedule-api] [nio-8080-exec-1] org.hibernate.SQL                        :
    select
        m1_0.member_id,
        m1_0.created_at,
        m1_0.email,
        m1_0.name,
        m1_0.updated_at
    from
        member m1_0
    where
        m1_0.member_id=?
2026-08-19T21:37:19.805+09:00 TRACE 83049 --- [schedule-api] [nio-8080-exec-1] org.hibernate.orm.jdbc.bind              : binding parameter (1:BIGINT) <- [394]
2026-08-19T21:37:19.805+09:00 DEBUG 83049 --- [schedule-api] [nio-8080-exec-1] org.hibernate.SQL                        :
    select
        m1_0.member_id,
        m1_0.created_at,
        m1_0.email,
        m1_0.name,
        m1_0.updated_at
    from
        member m1_0
    where
        m1_0.member_id=?
2026-08-19T21:37:19.805+09:00 TRACE 83049 --- [schedule-api] [nio-8080-exec-1] org.hibernate.orm.jdbc.bind              : binding parameter (1:BIGINT) <- [395]
2026-08-19T21:37:19.805+09:00 DEBUG 83049 --- [schedule-api] [nio-8080-exec-1] org.hibernate.SQL                        :
    select
        m1_0.member_id,
        m1_0.created_at,
        m1_0.email,
        m1_0.name,
        m1_0.updated_at
    from
        member m1_0
    where
        m1_0.member_id=?
2026-08-19T21:37:19.805+09:00 TRACE 83049 --- [schedule-api] [nio-8080-exec-1] org.hibernate.orm.jdbc.bind              : binding parameter (1:BIGINT) <- [396]
2026-08-19T21:37:19.806+09:00 DEBUG 83049 --- [schedule-api] [nio-8080-exec-1] org.hibernate.SQL                        :
    select
        m1_0.member_id,
        m1_0.created_at,
        m1_0.email,
        m1_0.name,
        m1_0.updated_at
    from
        member m1_0
    where
        m1_0.member_id=?
2026-08-19T21:37:19.806+09:00 TRACE 83049 --- [schedule-api] [nio-8080-exec-1] org.hibernate.orm.jdbc.bind              : binding parameter (1:BIGINT) <- [397]
2026-08-19T21:37:19.806+09:00 DEBUG 83049 --- [schedule-api] [nio-8080-exec-1] org.hibernate.SQL                        :
    select
        m1_0.member_id,
        m1_0.created_at,
        m1_0.email,
        m1_0.name,
        m1_0.updated_at
    from
        member m1_0
    where
        m1_0.member_id=?
2026-08-19T21:37:19.806+09:00 TRACE 83049 --- [schedule-api] [nio-8080-exec-1] org.hibernate.orm.jdbc.bind              : binding parameter (1:BIGINT) <- [398]
2026-08-19T21:37:19.806+09:00 DEBUG 83049 --- [schedule-api] [nio-8080-exec-1] org.hibernate.SQL                        :
    select
        m1_0.member_id,
        m1_0.created_at,
        m1_0.email,
        m1_0.name,
        m1_0.updated_at
    from
        member m1_0
    where
        m1_0.member_id=?
2026-08-19T21:37:19.806+09:00 TRACE 83049 --- [schedule-api] [nio-8080-exec-1] org.hibernate.orm.jdbc.bind              : binding parameter (1:BIGINT) <- [399]
2026-08-19T21:37:19.806+09:00 DEBUG 83049 --- [schedule-api] [nio-8080-exec-1] org.hibernate.SQL                        :
    select
        m1_0.member_id,
        m1_0.created_at,
        m1_0.email,
        m1_0.name,
        m1_0.updated_at
    from
        member m1_0
    where
        m1_0.member_id=?
2026-08-19T21:37:19.806+09:00 TRACE 83049 --- [schedule-api] [nio-8080-exec-1] org.hibernate.orm.jdbc.bind              : binding parameter (1:BIGINT) <- [400]
2026-08-19T21:37:19.806+09:00 DEBUG 83049 --- [schedule-api] [nio-8080-exec-1] org.hibernate.SQL                        :
    select
        m1_0.member_id,
        m1_0.created_at,
        m1_0.email,
        m1_0.name,
        m1_0.updated_at
    from
        member m1_0
    where
        m1_0.member_id=?
2026-08-19T21:37:19.806+09:00 TRACE 83049 --- [schedule-api] [nio-8080-exec-1] org.hibernate.orm.jdbc.bind              : binding parameter (1:BIGINT) <- [401]
2026-08-19T21:37:19.806+09:00 DEBUG 83049 --- [schedule-api] [nio-8080-exec-1] org.hibernate.SQL                        :
    select
        m1_0.member_id,
        m1_0.created_at,
        m1_0.email,
        m1_0.name,
        m1_0.updated_at
    from
        member m1_0
    where
        m1_0.member_id=?
2026-08-19T21:37:19.806+09:00 TRACE 83049 --- [schedule-api] [nio-8080-exec-1] org.hibernate.orm.jdbc.bind              : binding parameter (1:BIGINT) <- [402]
2026-08-19T21:37:19.806+09:00 DEBUG 83049 --- [schedule-api] [nio-8080-exec-1] org.hibernate.SQL                        :
    select
        m1_0.member_id,
        m1_0.created_at,
        m1_0.email,
        m1_0.name,
        m1_0.updated_at
    from
        member m1_0
    where
        m1_0.member_id=?
2026-08-19T21:37:19.806+09:00 TRACE 83049 --- [schedule-api] [nio-8080-exec-1] org.hibernate.orm.jdbc.bind              : binding parameter (1:BIGINT) <- [403]
2026-08-19T21:37:19.806+09:00 DEBUG 83049 --- [schedule-api] [nio-8080-exec-1] org.hibernate.SQL                        :
    select
        m1_0.member_id,
        m1_0.created_at,
        m1_0.email,
        m1_0.name,
        m1_0.updated_at
    from
        member m1_0
    where
        m1_0.member_id=?
2026-08-19T21:37:19.806+09:00 TRACE 83049 --- [schedule-api] [nio-8080-exec-1] org.hibernate.orm.jdbc.bind              : binding parameter (1:BIGINT) <- [404]
2026-08-19T21:37:19.807+09:00 DEBUG 83049 --- [schedule-api] [nio-8080-exec-1] org.hibernate.SQL                        :
    select
        m1_0.member_id,
        m1_0.created_at,
        m1_0.email,
        m1_0.name,
        m1_0.updated_at
    from
        member m1_0
    where
        m1_0.member_id=?
2026-08-19T21:37:19.807+09:00 TRACE 83049 --- [schedule-api] [nio-8080-exec-1] org.hibernate.orm.jdbc.bind              : binding parameter (1:BIGINT) <- [405]
2026-08-19T21:37:19.807+09:00 DEBUG 83049 --- [schedule-api] [nio-8080-exec-1] org.hibernate.SQL                        :
    select
        m1_0.member_id,
        m1_0.created_at,
        m1_0.email,
        m1_0.name,
        m1_0.updated_at
    from
        member m1_0
    where
        m1_0.member_id=?
2026-08-19T21:37:19.807+09:00 TRACE 83049 --- [schedule-api] [nio-8080-exec-1] org.hibernate.orm.jdbc.bind              : binding parameter (1:BIGINT) <- [406]
2026-08-19T21:37:19.807+09:00 DEBUG 83049 --- [schedule-api] [nio-8080-exec-1] org.hibernate.SQL                        :
    select
        m1_0.member_id,
        m1_0.created_at,
        m1_0.email,
        m1_0.name,
        m1_0.updated_at
    from
        member m1_0
    where
        m1_0.member_id=?
2026-08-19T21:37:19.807+09:00 TRACE 83049 --- [schedule-api] [nio-8080-exec-1] org.hibernate.orm.jdbc.bind              : binding parameter (1:BIGINT) <- [407]
2026-08-19T21:37:19.807+09:00 DEBUG 83049 --- [schedule-api] [nio-8080-exec-1] org.hibernate.SQL                        :
    select
        m1_0.member_id,
        m1_0.created_at,
        m1_0.email,
        m1_0.name,
        m1_0.updated_at
    from
        member m1_0
    where
        m1_0.member_id=?
2026-08-19T21:37:19.807+09:00 TRACE 83049 --- [schedule-api] [nio-8080-exec-1] org.hibernate.orm.jdbc.bind              : binding parameter (1:BIGINT) <- [408]
2026-08-19T21:37:19.807+09:00 DEBUG 83049 --- [schedule-api] [nio-8080-exec-1] org.hibernate.SQL                        :
    select
        m1_0.member_id,
        m1_0.created_at,
        m1_0.email,
        m1_0.name,
        m1_0.updated_at
    from
        member m1_0
    where
        m1_0.member_id=?
2026-08-19T21:37:19.807+09:00 TRACE 83049 --- [schedule-api] [nio-8080-exec-1] org.hibernate.orm.jdbc.bind              : binding parameter (1:BIGINT) <- [409]
2026-08-19T21:37:19.807+09:00 DEBUG 83049 --- [schedule-api] [nio-8080-exec-1] org.hibernate.SQL                        :
    select
        m1_0.member_id,
        m1_0.created_at,
        m1_0.email,
        m1_0.name,
        m1_0.updated_at
    from
        member m1_0
    where
        m1_0.member_id=?
2026-08-19T21:37:19.807+09:00 TRACE 83049 --- [schedule-api] [nio-8080-exec-1] org.hibernate.orm.jdbc.bind              : binding parameter (1:BIGINT) <- [410]
2026-08-19T21:37:19.808+09:00 DEBUG 83049 --- [schedule-api] [nio-8080-exec-1] org.hibernate.SQL                        :
    select
        m1_0.member_id,
        m1_0.created_at,
        m1_0.email,
        m1_0.name,
        m1_0.updated_at
    from
        member m1_0
    where
        m1_0.member_id=?
2026-08-19T21:37:19.808+09:00 TRACE 83049 --- [schedule-api] [nio-8080-exec-1] org.hibernate.orm.jdbc.bind              : binding parameter (1:BIGINT) <- [411]
2026-08-19T21:37:19.808+09:00 DEBUG 83049 --- [schedule-api] [nio-8080-exec-1] org.hibernate.SQL                        :
    select
        m1_0.member_id,
        m1_0.created_at,
        m1_0.email,
        m1_0.name,
        m1_0.updated_at
    from
        member m1_0
    where
        m1_0.member_id=?
2026-08-19T21:37:19.808+09:00 TRACE 83049 --- [schedule-api] [nio-8080-exec-1] org.hibernate.orm.jdbc.bind              : binding parameter (1:BIGINT) <- [412]
2026-08-19T21:37:19.808+09:00 DEBUG 83049 --- [schedule-api] [nio-8080-exec-1] org.hibernate.SQL                        :
    select
        m1_0.member_id,
        m1_0.created_at,
        m1_0.email,
        m1_0.name,
        m1_0.updated_at
    from
        member m1_0
    where
        m1_0.member_id=?
2026-08-19T21:37:19.808+09:00 TRACE 83049 --- [schedule-api] [nio-8080-exec-1] org.hibernate.orm.jdbc.bind              : binding parameter (1:BIGINT) <- [413]
2026-08-19T21:37:19.808+09:00 DEBUG 83049 --- [schedule-api] [nio-8080-exec-1] org.hibernate.SQL                        :
    select
        m1_0.member_id,
        m1_0.created_at,
        m1_0.email,
        m1_0.name,
        m1_0.updated_at
    from
        member m1_0
    where
        m1_0.member_id=?
2026-08-19T21:37:19.808+09:00 TRACE 83049 --- [schedule-api] [nio-8080-exec-1] org.hibernate.orm.jdbc.bind              : binding parameter (1:BIGINT) <- [414]
2026-08-19T21:37:19.808+09:00 DEBUG 83049 --- [schedule-api] [nio-8080-exec-1] org.hibernate.SQL                        :
    select
        m1_0.member_id,
        m1_0.created_at,
        m1_0.email,
        m1_0.name,
        m1_0.updated_at
    from
        member m1_0
    where
        m1_0.member_id=?
2026-08-19T21:37:19.808+09:00 TRACE 83049 --- [schedule-api] [nio-8080-exec-1] org.hibernate.orm.jdbc.bind              : binding parameter (1:BIGINT) <- [415]
2026-08-19T21:37:19.808+09:00 DEBUG 83049 --- [schedule-api] [nio-8080-exec-1] org.hibernate.SQL                        :
    select
        m1_0.member_id,
        m1_0.created_at,
        m1_0.email,
        m1_0.name,
        m1_0.updated_at
    from
        member m1_0
    where
        m1_0.member_id=?
2026-08-19T21:37:19.808+09:00 TRACE 83049 --- [schedule-api] [nio-8080-exec-1] org.hibernate.orm.jdbc.bind              : binding parameter (1:BIGINT) <- [416]
2026-08-19T21:37:19.808+09:00 DEBUG 83049 --- [schedule-api] [nio-8080-exec-1] org.hibernate.SQL                        :
    select
        m1_0.member_id,
        m1_0.created_at,
        m1_0.email,
        m1_0.name,
        m1_0.updated_at
    from
        member m1_0
    where
        m1_0.member_id=?
2026-08-19T21:37:19.808+09:00 TRACE 83049 --- [schedule-api] [nio-8080-exec-1] org.hibernate.orm.jdbc.bind              : binding parameter (1:BIGINT) <- [417]
2026-08-19T21:37:19.809+09:00 DEBUG 83049 --- [schedule-api] [nio-8080-exec-1] org.hibernate.SQL                        :
    select
        m1_0.member_id,
        m1_0.created_at,
        m1_0.email,
        m1_0.name,
        m1_0.updated_at
    from
        member m1_0
    where
        m1_0.member_id=?
2026-08-19T21:37:19.809+09:00 TRACE 83049 --- [schedule-api] [nio-8080-exec-1] org.hibernate.orm.jdbc.bind              : binding parameter (1:BIGINT) <- [418]
2026-08-19T21:37:19.809+09:00 DEBUG 83049 --- [schedule-api] [nio-8080-exec-1] org.hibernate.SQL                        :
    select
        m1_0.member_id,
        m1_0.created_at,
        m1_0.email,
        m1_0.name,
        m1_0.updated_at
    from
        member m1_0
    where
        m1_0.member_id=?
2026-08-19T21:37:19.809+09:00 TRACE 83049 --- [schedule-api] [nio-8080-exec-1] org.hibernate.orm.jdbc.bind              : binding parameter (1:BIGINT) <- [419]
2026-08-19T21:37:19.809+09:00 DEBUG 83049 --- [schedule-api] [nio-8080-exec-1] org.hibernate.SQL                        :
    select
        m1_0.member_id,
        m1_0.created_at,
        m1_0.email,
        m1_0.name,
        m1_0.updated_at
    from
        member m1_0
    where
        m1_0.member_id=?
2026-08-19T21:37:19.809+09:00 TRACE 83049 --- [schedule-api] [nio-8080-exec-1] org.hibernate.orm.jdbc.bind              : binding parameter (1:BIGINT) <- [420]
2026-08-19T21:37:19.809+09:00 DEBUG 83049 --- [schedule-api] [nio-8080-exec-1] org.hibernate.SQL                        :
    select
        m1_0.member_id,
        m1_0.created_at,
        m1_0.email,
        m1_0.name,
        m1_0.updated_at
    from
        member m1_0
    where
        m1_0.member_id=?
2026-08-19T21:37:19.809+09:00 TRACE 83049 --- [schedule-api] [nio-8080-exec-1] org.hibernate.orm.jdbc.bind              : binding parameter (1:BIGINT) <- [421]
2026-08-19T21:37:19.809+09:00 DEBUG 83049 --- [schedule-api] [nio-8080-exec-1] org.hibernate.SQL                        :
    select
        m1_0.member_id,
        m1_0.created_at,
        m1_0.email,
        m1_0.name,
        m1_0.updated_at
    from
        member m1_0
    where
        m1_0.member_id=?
2026-08-19T21:37:19.809+09:00 TRACE 83049 --- [schedule-api] [nio-8080-exec-1] org.hibernate.orm.jdbc.bind              : binding parameter (1:BIGINT) <- [422]
2026-08-19T21:37:19.809+09:00 DEBUG 83049 --- [schedule-api] [nio-8080-exec-1] org.hibernate.SQL                        :
    select
        m1_0.member_id,
        m1_0.created_at,
        m1_0.email,
        m1_0.name,
        m1_0.updated_at
    from
        member m1_0
    where
        m1_0.member_id=?
2026-08-19T21:37:19.809+09:00 TRACE 83049 --- [schedule-api] [nio-8080-exec-1] org.hibernate.orm.jdbc.bind              : binding parameter (1:BIGINT) <- [423]
2026-08-19T21:37:19.809+09:00 DEBUG 83049 --- [schedule-api] [nio-8080-exec-1] org.hibernate.SQL                        :
    select
        m1_0.member_id,
        m1_0.created_at,
        m1_0.email,
        m1_0.name,
        m1_0.updated_at
    from
        member m1_0
    where
        m1_0.member_id=?
2026-08-19T21:37:19.809+09:00 TRACE 83049 --- [schedule-api] [nio-8080-exec-1] org.hibernate.orm.jdbc.bind              : binding parameter (1:BIGINT) <- [424]
2026-08-19T21:37:19.809+09:00 DEBUG 83049 --- [schedule-api] [nio-8080-exec-1] org.hibernate.SQL                        :
    select
        m1_0.member_id,
        m1_0.created_at,
        m1_0.email,
        m1_0.name,
        m1_0.updated_at
    from
        member m1_0
    where
        m1_0.member_id=?
2026-08-19T21:37:19.809+09:00 TRACE 83049 --- [schedule-api] [nio-8080-exec-1] org.hibernate.orm.jdbc.bind              : binding parameter (1:BIGINT) <- [425]
2026-08-19T21:37:19.809+09:00 DEBUG 83049 --- [schedule-api] [nio-8080-exec-1] org.hibernate.SQL                        :
    select
        m1_0.member_id,
        m1_0.created_at,
        m1_0.email,
        m1_0.name,
        m1_0.updated_at
    from
        member m1_0
    where
        m1_0.member_id=?
2026-08-19T21:37:19.810+09:00 TRACE 83049 --- [schedule-api] [nio-8080-exec-1] org.hibernate.orm.jdbc.bind              : binding parameter (1:BIGINT) <- [426]
2026-08-19T21:37:19.810+09:00 DEBUG 83049 --- [schedule-api] [nio-8080-exec-1] org.hibernate.SQL                        :
    select
        m1_0.member_id,
        m1_0.created_at,
        m1_0.email,
        m1_0.name,
        m1_0.updated_at
    from
        member m1_0
    where
        m1_0.member_id=?
2026-08-19T21:37:19.810+09:00 TRACE 83049 --- [schedule-api] [nio-8080-exec-1] org.hibernate.orm.jdbc.bind              : binding parameter (1:BIGINT) <- [427]
2026-08-19T21:37:19.810+09:00 DEBUG 83049 --- [schedule-api] [nio-8080-exec-1] org.hibernate.SQL                        :
    select
        m1_0.member_id,
        m1_0.created_at,
        m1_0.email,
        m1_0.name,
        m1_0.updated_at
    from
        member m1_0
    where
        m1_0.member_id=?
2026-08-19T21:37:19.810+09:00 TRACE 83049 --- [schedule-api] [nio-8080-exec-1] org.hibernate.orm.jdbc.bind              : binding parameter (1:BIGINT) <- [428]
2026-08-19T21:37:19.810+09:00 DEBUG 83049 --- [schedule-api] [nio-8080-exec-1] org.hibernate.SQL                        :
    select
        m1_0.member_id,
        m1_0.created_at,
        m1_0.email,
        m1_0.name,
        m1_0.updated_at
    from
        member m1_0
    where
        m1_0.member_id=?
2026-08-19T21:37:19.810+09:00 TRACE 83049 --- [schedule-api] [nio-8080-exec-1] org.hibernate.orm.jdbc.bind              : binding parameter (1:BIGINT) <- [429]
2026-08-19T21:37:19.810+09:00 DEBUG 83049 --- [schedule-api] [nio-8080-exec-1] org.hibernate.SQL                        :
    select
        m1_0.member_id,
        m1_0.created_at,
        m1_0.email,
        m1_0.name,
        m1_0.updated_at
    from
        member m1_0
    where
        m1_0.member_id=?
2026-08-19T21:37:19.810+09:00 TRACE 83049 --- [schedule-api] [nio-8080-exec-1] org.hibernate.orm.jdbc.bind              : binding parameter (1:BIGINT) <- [430]
2026-08-19T21:37:19.810+09:00 DEBUG 83049 --- [schedule-api] [nio-8080-exec-1] org.hibernate.SQL                        :
    select
        m1_0.member_id,
        m1_0.created_at,
        m1_0.email,
        m1_0.name,
        m1_0.updated_at
    from
        member m1_0
    where
        m1_0.member_id=?
2026-08-19T21:37:19.810+09:00 TRACE 83049 --- [schedule-api] [nio-8080-exec-1] org.hibernate.orm.jdbc.bind              : binding parameter (1:BIGINT) <- [431]
2026-08-19T21:37:19.810+09:00 DEBUG 83049 --- [schedule-api] [nio-8080-exec-1] org.hibernate.SQL                        :
    select
        m1_0.member_id,
        m1_0.created_at,
        m1_0.email,
        m1_0.name,
        m1_0.updated_at
    from
        member m1_0
    where
        m1_0.member_id=?
2026-08-19T21:37:19.810+09:00 TRACE 83049 --- [schedule-api] [nio-8080-exec-1] org.hibernate.orm.jdbc.bind              : binding parameter (1:BIGINT) <- [432]
2026-08-19T21:37:19.810+09:00 DEBUG 83049 --- [schedule-api] [nio-8080-exec-1] org.hibernate.SQL                        :
    select
        m1_0.member_id,
        m1_0.created_at,
        m1_0.email,
        m1_0.name,
        m1_0.updated_at
    from
        member m1_0
    where
        m1_0.member_id=?
2026-08-19T21:37:19.810+09:00 TRACE 83049 --- [schedule-api] [nio-8080-exec-1] org.hibernate.orm.jdbc.bind              : binding parameter (1:BIGINT) <- [433]
2026-08-19T21:37:19.810+09:00 DEBUG 83049 --- [schedule-api] [nio-8080-exec-1] org.hibernate.SQL                        :
    select
        m1_0.member_id,
        m1_0.created_at,
        m1_0.email,
        m1_0.name,
        m1_0.updated_at
    from
        member m1_0
    where
        m1_0.member_id=?
2026-08-19T21:37:19.810+09:00 TRACE 83049 --- [schedule-api] [nio-8080-exec-1] org.hibernate.orm.jdbc.bind              : binding parameter (1:BIGINT) <- [434]
2026-08-19T21:37:19.811+09:00 DEBUG 83049 --- [schedule-api] [nio-8080-exec-1] org.hibernate.SQL                        :
    select
        m1_0.member_id,
        m1_0.created_at,
        m1_0.email,
        m1_0.name,
        m1_0.updated_at
    from
        member m1_0
    where
        m1_0.member_id=?
2026-08-19T21:37:19.811+09:00 TRACE 83049 --- [schedule-api] [nio-8080-exec-1] org.hibernate.orm.jdbc.bind              : binding parameter (1:BIGINT) <- [435]
2026-08-19T21:37:19.811+09:00 DEBUG 83049 --- [schedule-api] [nio-8080-exec-1] org.hibernate.SQL                        :
    select
        m1_0.member_id,
        m1_0.created_at,
        m1_0.email,
        m1_0.name,
        m1_0.updated_at
    from
        member m1_0
    where
        m1_0.member_id=?
2026-08-19T21:37:19.811+09:00 TRACE 83049 --- [schedule-api] [nio-8080-exec-1] org.hibernate.orm.jdbc.bind              : binding parameter (1:BIGINT) <- [436]
2026-08-19T21:37:19.811+09:00 DEBUG 83049 --- [schedule-api] [nio-8080-exec-1] org.hibernate.SQL                        :
    select
        m1_0.member_id,
        m1_0.created_at,
        m1_0.email,
        m1_0.name,
        m1_0.updated_at
    from
        member m1_0
    where
        m1_0.member_id=?
2026-08-19T21:37:19.811+09:00 TRACE 83049 --- [schedule-api] [nio-8080-exec-1] org.hibernate.orm.jdbc.bind              : binding parameter (1:BIGINT) <- [437]
2026-08-19T21:37:19.811+09:00 DEBUG 83049 --- [schedule-api] [nio-8080-exec-1] org.hibernate.SQL                        :
    select
        m1_0.member_id,
        m1_0.created_at,
        m1_0.email,
        m1_0.name,
        m1_0.updated_at
    from
        member m1_0
    where
        m1_0.member_id=?
2026-08-19T21:37:19.811+09:00 TRACE 83049 --- [schedule-api] [nio-8080-exec-1] org.hibernate.orm.jdbc.bind              : binding parameter (1:BIGINT) <- [438]
2026-08-19T21:37:19.811+09:00 DEBUG 83049 --- [schedule-api] [nio-8080-exec-1] org.hibernate.SQL                        :
    select
        m1_0.member_id,
        m1_0.created_at,
        m1_0.email,
        m1_0.name,
        m1_0.updated_at
    from
        member m1_0
    where
        m1_0.member_id=?
2026-08-19T21:37:19.811+09:00 TRACE 83049 --- [schedule-api] [nio-8080-exec-1] org.hibernate.orm.jdbc.bind              : binding parameter (1:BIGINT) <- [439]
2026-08-19T21:37:19.811+09:00 DEBUG 83049 --- [schedule-api] [nio-8080-exec-1] org.hibernate.SQL                        :
    select
        m1_0.member_id,
        m1_0.created_at,
        m1_0.email,
        m1_0.name,
        m1_0.updated_at
    from
        member m1_0
    where
        m1_0.member_id=?
2026-08-19T21:37:19.811+09:00 TRACE 83049 --- [schedule-api] [nio-8080-exec-1] org.hibernate.orm.jdbc.bind              : binding parameter (1:BIGINT) <- [440]
2026-08-19T21:37:19.811+09:00 DEBUG 83049 --- [schedule-api] [nio-8080-exec-1] org.hibernate.SQL                        :
    select
        m1_0.member_id,
        m1_0.created_at,
        m1_0.email,
        m1_0.name,
        m1_0.updated_at
    from
        member m1_0
    where
        m1_0.member_id=?
2026-08-19T21:37:19.811+09:00 TRACE 83049 --- [schedule-api] [nio-8080-exec-1] org.hibernate.orm.jdbc.bind              : binding parameter (1:BIGINT) <- [441]
2026-08-19T21:37:19.811+09:00 DEBUG 83049 --- [schedule-api] [nio-8080-exec-1] org.hibernate.SQL                        :
    select
        m1_0.member_id,
        m1_0.created_at,
        m1_0.email,
        m1_0.name,
        m1_0.updated_at
    from
        member m1_0
    where
        m1_0.member_id=?
2026-08-19T21:37:19.811+09:00 TRACE 83049 --- [schedule-api] [nio-8080-exec-1] org.hibernate.orm.jdbc.bind              : binding parameter (1:BIGINT) <- [442]
2026-08-19T21:37:19.812+09:00 DEBUG 83049 --- [schedule-api] [nio-8080-exec-1] org.hibernate.SQL                        :
    select
        m1_0.member_id,
        m1_0.created_at,
        m1_0.email,
        m1_0.name,
        m1_0.updated_at
    from
        member m1_0
    where
        m1_0.member_id=?
2026-08-19T21:37:19.812+09:00 TRACE 83049 --- [schedule-api] [nio-8080-exec-1] org.hibernate.orm.jdbc.bind              : binding parameter (1:BIGINT) <- [443]
2026-08-19T21:37:19.812+09:00 DEBUG 83049 --- [schedule-api] [nio-8080-exec-1] org.hibernate.SQL                        :
    select
        m1_0.member_id,
        m1_0.created_at,
        m1_0.email,
        m1_0.name,
        m1_0.updated_at
    from
        member m1_0
    where
        m1_0.member_id=?
2026-08-19T21:37:19.812+09:00 TRACE 83049 --- [schedule-api] [nio-8080-exec-1] org.hibernate.orm.jdbc.bind              : binding parameter (1:BIGINT) <- [444]
2026-08-19T21:37:19.812+09:00 DEBUG 83049 --- [schedule-api] [nio-8080-exec-1] org.hibernate.SQL                        :
    select
        m1_0.member_id,
        m1_0.created_at,
        m1_0.email,
        m1_0.name,
        m1_0.updated_at
    from
        member m1_0
    where
        m1_0.member_id=?
2026-08-19T21:37:19.812+09:00 TRACE 83049 --- [schedule-api] [nio-8080-exec-1] org.hibernate.orm.jdbc.bind              : binding parameter (1:BIGINT) <- [445]
2026-08-19T21:37:20.555+09:00 DEBUG 83049 --- [schedule-api] [nio-8080-exec-1] org.hibernate.SQL                        :
    select
        m1_0.member_id,
        m1_0.created_at,
        m1_0.email,
        m1_0.name,
        m1_0.updated_at
    from
        member m1_0
    where
        m1_0.member_id=?
2026-08-19T21:37:20.557+09:00 TRACE 83049 --- [schedule-api] [nio-8080-exec-1] org.hibernate.orm.jdbc.bind              : binding parameter (1:BIGINT) <- [446]
2026-08-19T21:37:20.558+09:00 DEBUG 83049 --- [schedule-api] [nio-8080-exec-1] org.hibernate.SQL                        :
    select
        m1_0.member_id,
        m1_0.created_at,
        m1_0.email,
        m1_0.name,
        m1_0.updated_at
    from
        member m1_0
    where
        m1_0.member_id=?
2026-08-19T21:37:20.558+09:00 TRACE 83049 --- [schedule-api] [nio-8080-exec-1] org.hibernate.orm.jdbc.bind              : binding parameter (1:BIGINT) <- [447]
2026-08-19T21:37:20.558+09:00 DEBUG 83049 --- [schedule-api] [nio-8080-exec-1] org.hibernate.SQL                        :
    select
        m1_0.member_id,
        m1_0.created_at,
        m1_0.email,
        m1_0.name,
        m1_0.updated_at
    from
        member m1_0
    where
        m1_0.member_id=?
2026-08-19T21:37:20.558+09:00 TRACE 83049 --- [schedule-api] [nio-8080-exec-1] org.hibernate.orm.jdbc.bind              : binding parameter (1:BIGINT) <- [448]
2026-08-19T21:37:20.558+09:00 DEBUG 83049 --- [schedule-api] [nio-8080-exec-1] org.hibernate.SQL                        :
    select
        m1_0.member_id,
        m1_0.created_at,
        m1_0.email,
        m1_0.name,
        m1_0.updated_at
    from
        member m1_0
    where
        m1_0.member_id=?
2026-08-19T21:37:20.558+09:00 TRACE 83049 --- [schedule-api] [nio-8080-exec-1] org.hibernate.orm.jdbc.bind              : binding parameter (1:BIGINT) <- [449]
2026-08-19T21:37:20.558+09:00 DEBUG 83049 --- [schedule-api] [nio-8080-exec-1] org.hibernate.SQL                        :
    select
        m1_0.member_id,
        m1_0.created_at,
        m1_0.email,
        m1_0.name,
        m1_0.updated_at
    from
        member m1_0
    where
        m1_0.member_id=?
2026-08-19T21:37:20.558+09:00 TRACE 83049 --- [schedule-api] [nio-8080-exec-1] org.hibernate.orm.jdbc.bind              : binding parameter (1:BIGINT) <- [450]
2026-08-19T21:37:20.559+09:00 DEBUG 83049 --- [schedule-api] [nio-8080-exec-1] org.hibernate.SQL                        :
    select
        m1_0.member_id,
        m1_0.created_at,
        m1_0.email,
        m1_0.name,
        m1_0.updated_at
    from
        member m1_0
    where
        m1_0.member_id=?
2026-08-19T21:37:20.559+09:00 TRACE 83049 --- [schedule-api] [nio-8080-exec-1] org.hibernate.orm.jdbc.bind              : binding parameter (1:BIGINT) <- [451]
2026-08-19T21:37:20.559+09:00 DEBUG 83049 --- [schedule-api] [nio-8080-exec-1] org.hibernate.SQL                        :
    select
        m1_0.member_id,
        m1_0.created_at,
        m1_0.email,
        m1_0.name,
        m1_0.updated_at
    from
        member m1_0
    where
        m1_0.member_id=?
2026-08-19T21:37:20.559+09:00 TRACE 83049 --- [schedule-api] [nio-8080-exec-1] org.hibernate.orm.jdbc.bind              : binding parameter (1:BIGINT) <- [452]
2026-08-19T21:37:20.559+09:00 DEBUG 83049 --- [schedule-api] [nio-8080-exec-1] org.hibernate.SQL                        :
    select
        m1_0.member_id,
        m1_0.created_at,
        m1_0.email,
        m1_0.name,
        m1_0.updated_at
    from
        member m1_0
    where
        m1_0.member_id=?
2026-08-19T21:37:20.559+09:00 TRACE 83049 --- [schedule-api] [nio-8080-exec-1] org.hibernate.orm.jdbc.bind              : binding parameter (1:BIGINT) <- [453]
2026-08-19T21:37:20.559+09:00 DEBUG 83049 --- [schedule-api] [nio-8080-exec-1] org.hibernate.SQL                        :
    select
        m1_0.member_id,
        m1_0.created_at,
        m1_0.email,
        m1_0.name,
        m1_0.updated_at
    from
        member m1_0
    where
        m1_0.member_id=?
2026-08-19T21:37:20.559+09:00 TRACE 83049 --- [schedule-api] [nio-8080-exec-1] org.hibernate.orm.jdbc.bind              : binding parameter (1:BIGINT) <- [454]
2026-08-19T21:37:20.559+09:00 DEBUG 83049 --- [schedule-api] [nio-8080-exec-1] org.hibernate.SQL                        :
    select
        m1_0.member_id,
        m1_0.created_at,
        m1_0.email,
        m1_0.name,
        m1_0.updated_at
    from
        member m1_0
    where
        m1_0.member_id=?
2026-08-19T21:37:20.559+09:00 TRACE 83049 --- [schedule-api] [nio-8080-exec-1] org.hibernate.orm.jdbc.bind              : binding parameter (1:BIGINT) <- [455]
2026-08-19T21:37:20.559+09:00 DEBUG 83049 --- [schedule-api] [nio-8080-exec-1] org.hibernate.SQL                        :
    select
        m1_0.member_id,
        m1_0.created_at,
        m1_0.email,
        m1_0.name,
        m1_0.updated_at
    from
        member m1_0
    where
        m1_0.member_id=?
2026-08-19T21:37:20.559+09:00 TRACE 83049 --- [schedule-api] [nio-8080-exec-1] org.hibernate.orm.jdbc.bind              : binding parameter (1:BIGINT) <- [456]
2026-08-19T21:37:20.559+09:00 DEBUG 83049 --- [schedule-api] [nio-8080-exec-1] org.hibernate.SQL                        :
    select
        m1_0.member_id,
        m1_0.created_at,
        m1_0.email,
        m1_0.name,
        m1_0.updated_at
    from
        member m1_0
    where
        m1_0.member_id=?
2026-08-19T21:37:20.559+09:00 TRACE 83049 --- [schedule-api] [nio-8080-exec-1] org.hibernate.orm.jdbc.bind              : binding parameter (1:BIGINT) <- [457]
2026-08-19T21:37:20.559+09:00 DEBUG 83049 --- [schedule-api] [nio-8080-exec-1] org.hibernate.SQL                        :
    select
        m1_0.member_id,
        m1_0.created_at,
        m1_0.email,
        m1_0.name,
        m1_0.updated_at
    from
        member m1_0
    where
        m1_0.member_id=?
2026-08-19T21:37:20.559+09:00 TRACE 83049 --- [schedule-api] [nio-8080-exec-1] org.hibernate.orm.jdbc.bind              : binding parameter (1:BIGINT) <- [458]
2026-08-19T21:37:20.560+09:00 DEBUG 83049 --- [schedule-api] [nio-8080-exec-1] org.hibernate.SQL                        :
    select
        m1_0.member_id,
        m1_0.created_at,
        m1_0.email,
        m1_0.name,
        m1_0.updated_at
    from
        member m1_0
    where
        m1_0.member_id=?
2026-08-19T21:37:20.560+09:00 TRACE 83049 --- [schedule-api] [nio-8080-exec-1] org.hibernate.orm.jdbc.bind              : binding parameter (1:BIGINT) <- [459]
2026-08-19T21:37:20.560+09:00 DEBUG 83049 --- [schedule-api] [nio-8080-exec-1] org.hibernate.SQL                        :
    select
        m1_0.member_id,
        m1_0.created_at,
        m1_0.email,
        m1_0.name,
        m1_0.updated_at
    from
        member m1_0
    where
        m1_0.member_id=?
2026-08-19T21:37:20.560+09:00 TRACE 83049 --- [schedule-api] [nio-8080-exec-1] org.hibernate.orm.jdbc.bind              : binding parameter (1:BIGINT) <- [460]
2026-08-19T21:37:20.561+09:00 DEBUG 83049 --- [schedule-api] [nio-8080-exec-1] org.hibernate.SQL                        :
    select
        m1_0.member_id,
        m1_0.created_at,
        m1_0.email,
        m1_0.name,
        m1_0.updated_at
    from
        member m1_0
    where
        m1_0.member_id=?
2026-08-19T21:37:20.561+09:00 TRACE 83049 --- [schedule-api] [nio-8080-exec-1] org.hibernate.orm.jdbc.bind              : binding parameter (1:BIGINT) <- [461]
2026-08-19T21:37:20.561+09:00 DEBUG 83049 --- [schedule-api] [nio-8080-exec-1] org.hibernate.SQL                        :
    select
        m1_0.member_id,
        m1_0.created_at,
        m1_0.email,
        m1_0.name,
        m1_0.updated_at
    from
        member m1_0
    where
        m1_0.member_id=?
2026-08-19T21:37:20.561+09:00 TRACE 83049 --- [schedule-api] [nio-8080-exec-1] org.hibernate.orm.jdbc.bind              : binding parameter (1:BIGINT) <- [462]
2026-08-19T21:37:20.561+09:00 DEBUG 83049 --- [schedule-api] [nio-8080-exec-1] org.hibernate.SQL                        :
    select
        m1_0.member_id,
        m1_0.created_at,
        m1_0.email,
        m1_0.name,
        m1_0.updated_at
    from
        member m1_0
    where
        m1_0.member_id=?
2026-08-19T21:37:20.561+09:00 TRACE 83049 --- [schedule-api] [nio-8080-exec-1] org.hibernate.orm.jdbc.bind              : binding parameter (1:BIGINT) <- [463]
2026-08-19T21:37:20.562+09:00 DEBUG 83049 --- [schedule-api] [nio-8080-exec-1] org.hibernate.SQL                        :
    select
        m1_0.member_id,
        m1_0.created_at,
        m1_0.email,
        m1_0.name,
        m1_0.updated_at
    from
        member m1_0
    where
        m1_0.member_id=?
2026-08-19T21:37:20.562+09:00 TRACE 83049 --- [schedule-api] [nio-8080-exec-1] org.hibernate.orm.jdbc.bind              : binding parameter (1:BIGINT) <- [464]
2026-08-19T21:37:20.562+09:00 DEBUG 83049 --- [schedule-api] [nio-8080-exec-1] org.hibernate.SQL                        :
    select
        m1_0.member_id,
        m1_0.created_at,
        m1_0.email,
        m1_0.name,
        m1_0.updated_at
    from
        member m1_0
    where
        m1_0.member_id=?
2026-08-19T21:37:20.562+09:00 TRACE 83049 --- [schedule-api] [nio-8080-exec-1] org.hibernate.orm.jdbc.bind              : binding parameter (1:BIGINT) <- [465]
2026-08-19T21:37:20.562+09:00 DEBUG 83049 --- [schedule-api] [nio-8080-exec-1] org.hibernate.SQL                        :
    select
        m1_0.member_id,
        m1_0.created_at,
        m1_0.email,
        m1_0.name,
        m1_0.updated_at
    from
        member m1_0
    where
        m1_0.member_id=?
2026-08-19T21:37:20.562+09:00 TRACE 83049 --- [schedule-api] [nio-8080-exec-1] org.hibernate.orm.jdbc.bind              : binding parameter (1:BIGINT) <- [466]
2026-08-19T21:37:20.562+09:00 DEBUG 83049 --- [schedule-api] [nio-8080-exec-1] org.hibernate.SQL                        :
    select
        m1_0.member_id,
        m1_0.created_at,
        m1_0.email,
        m1_0.name,
        m1_0.updated_at
    from
        member m1_0
    where
        m1_0.member_id=?
2026-08-19T21:37:20.562+09:00 TRACE 83049 --- [schedule-api] [nio-8080-exec-1] org.hibernate.orm.jdbc.bind              : binding parameter (1:BIGINT) <- [467]
2026-08-19T21:37:20.563+09:00 DEBUG 83049 --- [schedule-api] [nio-8080-exec-1] org.hibernate.SQL                        :
    select
        m1_0.member_id,
        m1_0.created_at,
        m1_0.email,
        m1_0.name,
        m1_0.updated_at
    from
        member m1_0
    where
        m1_0.member_id=?
2026-08-19T21:37:20.563+09:00 TRACE 83049 --- [schedule-api] [nio-8080-exec-1] org.hibernate.orm.jdbc.bind              : binding parameter (1:BIGINT) <- [468]
2026-08-19T21:37:20.563+09:00 DEBUG 83049 --- [schedule-api] [nio-8080-exec-1] org.hibernate.SQL                        :
    select
        m1_0.member_id,
        m1_0.created_at,
        m1_0.email,
        m1_0.name,
        m1_0.updated_at
    from
        member m1_0
    where
        m1_0.member_id=?
2026-08-19T21:37:20.563+09:00 TRACE 83049 --- [schedule-api] [nio-8080-exec-1] org.hibernate.orm.jdbc.bind              : binding parameter (1:BIGINT) <- [469]
2026-08-19T21:37:20.563+09:00 DEBUG 83049 --- [schedule-api] [nio-8080-exec-1] org.hibernate.SQL                        :
    select
        m1_0.member_id,
        m1_0.created_at,
        m1_0.email,
        m1_0.name,
        m1_0.updated_at
    from
        member m1_0
    where
        m1_0.member_id=?
2026-08-19T21:37:20.563+09:00 TRACE 83049 --- [schedule-api] [nio-8080-exec-1] org.hibernate.orm.jdbc.bind              : binding parameter (1:BIGINT) <- [470]
2026-08-19T21:37:20.564+09:00 DEBUG 83049 --- [schedule-api] [nio-8080-exec-1] org.hibernate.SQL                        :
    select
        m1_0.member_id,
        m1_0.created_at,
        m1_0.email,
        m1_0.name,
        m1_0.updated_at
    from
        member m1_0
    where
        m1_0.member_id=?
2026-08-19T21:37:20.564+09:00 TRACE 83049 --- [schedule-api] [nio-8080-exec-1] org.hibernate.orm.jdbc.bind              : binding parameter (1:BIGINT) <- [471]
2026-08-19T21:37:20.564+09:00 DEBUG 83049 --- [schedule-api] [nio-8080-exec-1] org.hibernate.SQL                        :
    select
        m1_0.member_id,
        m1_0.created_at,
        m1_0.email,
        m1_0.name,
        m1_0.updated_at
    from
        member m1_0
    where
        m1_0.member_id=?
2026-08-19T21:37:20.564+09:00 TRACE 83049 --- [schedule-api] [nio-8080-exec-1] org.hibernate.orm.jdbc.bind              : binding parameter (1:BIGINT) <- [472]
2026-08-19T21:37:20.564+09:00 DEBUG 83049 --- [schedule-api] [nio-8080-exec-1] org.hibernate.SQL                        :
    select
        m1_0.member_id,
        m1_0.created_at,
        m1_0.email,
        m1_0.name,
        m1_0.updated_at
    from
        member m1_0
    where
        m1_0.member_id=?
2026-08-19T21:37:20.564+09:00 TRACE 83049 --- [schedule-api] [nio-8080-exec-1] org.hibernate.orm.jdbc.bind              : binding parameter (1:BIGINT) <- [473]
2026-08-19T21:37:20.564+09:00 DEBUG 83049 --- [schedule-api] [nio-8080-exec-1] org.hibernate.SQL                        :
    select
        m1_0.member_id,
        m1_0.created_at,
        m1_0.email,
        m1_0.name,
        m1_0.updated_at
    from
        member m1_0
    where
        m1_0.member_id=?
2026-08-19T21:37:20.564+09:00 TRACE 83049 --- [schedule-api] [nio-8080-exec-1] org.hibernate.orm.jdbc.bind              : binding parameter (1:BIGINT) <- [474]
2026-08-19T21:37:20.564+09:00 DEBUG 83049 --- [schedule-api] [nio-8080-exec-1] org.hibernate.SQL                        :
    select
        m1_0.member_id,
        m1_0.created_at,
        m1_0.email,
        m1_0.name,
        m1_0.updated_at
    from
        member m1_0
    where
        m1_0.member_id=?
2026-08-19T21:37:20.564+09:00 TRACE 83049 --- [schedule-api] [nio-8080-exec-1] org.hibernate.orm.jdbc.bind              : binding parameter (1:BIGINT) <- [475]
2026-08-19T21:37:20.564+09:00 DEBUG 83049 --- [schedule-api] [nio-8080-exec-1] org.hibernate.SQL                        :
    select
        m1_0.member_id,
        m1_0.created_at,
        m1_0.email,
        m1_0.name,
        m1_0.updated_at
    from
        member m1_0
    where
        m1_0.member_id=?
2026-08-19T21:37:20.564+09:00 TRACE 83049 --- [schedule-api] [nio-8080-exec-1] org.hibernate.orm.jdbc.bind              : binding parameter (1:BIGINT) <- [476]
2026-08-19T21:37:20.564+09:00 DEBUG 83049 --- [schedule-api] [nio-8080-exec-1] org.hibernate.SQL                        :
    select
        m1_0.member_id,
        m1_0.created_at,
        m1_0.email,
        m1_0.name,
        m1_0.updated_at
    from
        member m1_0
    where
        m1_0.member_id=?
2026-08-19T21:37:20.564+09:00 TRACE 83049 --- [schedule-api] [nio-8080-exec-1] org.hibernate.orm.jdbc.bind              : binding parameter (1:BIGINT) <- [477]
2026-08-19T21:37:20.564+09:00 DEBUG 83049 --- [schedule-api] [nio-8080-exec-1] org.hibernate.SQL                        :
    select
        m1_0.member_id,
        m1_0.created_at,
        m1_0.email,
        m1_0.name,
        m1_0.updated_at
    from
        member m1_0
    where
        m1_0.member_id=?
2026-08-19T21:37:20.565+09:00 TRACE 83049 --- [schedule-api] [nio-8080-exec-1] org.hibernate.orm.jdbc.bind              : binding parameter (1:BIGINT) <- [478]
2026-08-19T21:37:20.565+09:00 DEBUG 83049 --- [schedule-api] [nio-8080-exec-1] org.hibernate.SQL                        :
    select
        m1_0.member_id,
        m1_0.created_at,
        m1_0.email,
        m1_0.name,
        m1_0.updated_at
    from
        member m1_0
    where
        m1_0.member_id=?
2026-08-19T21:37:20.565+09:00 TRACE 83049 --- [schedule-api] [nio-8080-exec-1] org.hibernate.orm.jdbc.bind              : binding parameter (1:BIGINT) <- [479]
2026-08-19T21:37:20.565+09:00 DEBUG 83049 --- [schedule-api] [nio-8080-exec-1] org.hibernate.SQL                        :
    select
        m1_0.member_id,
        m1_0.created_at,
        m1_0.email,
        m1_0.name,
        m1_0.updated_at
    from
        member m1_0
    where
        m1_0.member_id=?
2026-08-19T21:37:20.565+09:00 TRACE 83049 --- [schedule-api] [nio-8080-exec-1] org.hibernate.orm.jdbc.bind              : binding parameter (1:BIGINT) <- [480]
2026-08-19T21:37:20.565+09:00 DEBUG 83049 --- [schedule-api] [nio-8080-exec-1] org.hibernate.SQL                        :
    select
        m1_0.member_id,
        m1_0.created_at,
        m1_0.email,
        m1_0.name,
        m1_0.updated_at
    from
        member m1_0
    where
        m1_0.member_id=?
2026-08-19T21:37:20.565+09:00 TRACE 83049 --- [schedule-api] [nio-8080-exec-1] org.hibernate.orm.jdbc.bind              : binding parameter (1:BIGINT) <- [481]
2026-08-19T21:37:20.566+09:00 DEBUG 83049 --- [schedule-api] [nio-8080-exec-1] org.hibernate.SQL                        :
    select
        m1_0.member_id,
        m1_0.created_at,
        m1_0.email,
        m1_0.name,
        m1_0.updated_at
    from
        member m1_0
    where
        m1_0.member_id=?
2026-08-19T21:37:20.566+09:00 TRACE 83049 --- [schedule-api] [nio-8080-exec-1] org.hibernate.orm.jdbc.bind              : binding parameter (1:BIGINT) <- [482]
2026-08-19T21:37:20.566+09:00 DEBUG 83049 --- [schedule-api] [nio-8080-exec-1] org.hibernate.SQL                        :
    select
        m1_0.member_id,
        m1_0.created_at,
        m1_0.email,
        m1_0.name,
        m1_0.updated_at
    from
        member m1_0
    where
        m1_0.member_id=?
2026-08-19T21:37:20.566+09:00 TRACE 83049 --- [schedule-api] [nio-8080-exec-1] org.hibernate.orm.jdbc.bind              : binding parameter (1:BIGINT) <- [483]
2026-08-19T21:37:20.566+09:00 DEBUG 83049 --- [schedule-api] [nio-8080-exec-1] org.hibernate.SQL                        :
    select
        m1_0.member_id,
        m1_0.created_at,
        m1_0.email,
        m1_0.name,
        m1_0.updated_at
    from
        member m1_0
    where
        m1_0.member_id=?
2026-08-19T21:37:20.566+09:00 TRACE 83049 --- [schedule-api] [nio-8080-exec-1] org.hibernate.orm.jdbc.bind              : binding parameter (1:BIGINT) <- [484]
2026-08-19T21:37:20.566+09:00 DEBUG 83049 --- [schedule-api] [nio-8080-exec-1] org.hibernate.SQL                        :
    select
        m1_0.member_id,
        m1_0.created_at,
        m1_0.email,
        m1_0.name,
        m1_0.updated_at
    from
        member m1_0
    where
        m1_0.member_id=?
2026-08-19T21:37:20.567+09:00 TRACE 83049 --- [schedule-api] [nio-8080-exec-1] org.hibernate.orm.jdbc.bind              : binding parameter (1:BIGINT) <- [485]
2026-08-19T21:37:20.567+09:00 DEBUG 83049 --- [schedule-api] [nio-8080-exec-1] org.hibernate.SQL                        :
    select
        m1_0.member_id,
        m1_0.created_at,
        m1_0.email,
        m1_0.name,
        m1_0.updated_at
    from
        member m1_0
    where
        m1_0.member_id=?
2026-08-19T21:37:20.567+09:00 TRACE 83049 --- [schedule-api] [nio-8080-exec-1] org.hibernate.orm.jdbc.bind              : binding parameter (1:BIGINT) <- [486]
2026-08-19T21:37:20.567+09:00 DEBUG 83049 --- [schedule-api] [nio-8080-exec-1] org.hibernate.SQL                        :
    select
        m1_0.member_id,
        m1_0.created_at,
        m1_0.email,
        m1_0.name,
        m1_0.updated_at
    from
        member m1_0
    where
        m1_0.member_id=?
2026-08-19T21:37:20.567+09:00 TRACE 83049 --- [schedule-api] [nio-8080-exec-1] org.hibernate.orm.jdbc.bind              : binding parameter (1:BIGINT) <- [487]
2026-08-19T21:37:20.567+09:00 DEBUG 83049 --- [schedule-api] [nio-8080-exec-1] org.hibernate.SQL                        :
    select
        m1_0.member_id,
        m1_0.created_at,
        m1_0.email,
        m1_0.name,
        m1_0.updated_at
    from
        member m1_0
    where
        m1_0.member_id=?
2026-08-19T21:37:20.567+09:00 TRACE 83049 --- [schedule-api] [nio-8080-exec-1] org.hibernate.orm.jdbc.bind              : binding parameter (1:BIGINT) <- [488]
2026-08-19T21:37:20.567+09:00 DEBUG 83049 --- [schedule-api] [nio-8080-exec-1] org.hibernate.SQL                        :
    select
        m1_0.member_id,
        m1_0.created_at,
        m1_0.email,
        m1_0.name,
        m1_0.updated_at
    from
        member m1_0
    where
        m1_0.member_id=?
2026-08-19T21:37:20.567+09:00 TRACE 83049 --- [schedule-api] [nio-8080-exec-1] org.hibernate.orm.jdbc.bind              : binding parameter (1:BIGINT) <- [489]
2026-08-19T21:37:20.567+09:00 DEBUG 83049 --- [schedule-api] [nio-8080-exec-1] org.hibernate.SQL                        :
    select
        m1_0.member_id,
        m1_0.created_at,
        m1_0.email,
        m1_0.name,
        m1_0.updated_at
    from
        member m1_0
    where
        m1_0.member_id=?
2026-08-19T21:37:20.567+09:00 TRACE 83049 --- [schedule-api] [nio-8080-exec-1] org.hibernate.orm.jdbc.bind              : binding parameter (1:BIGINT) <- [490]
2026-08-19T21:37:20.567+09:00 DEBUG 83049 --- [schedule-api] [nio-8080-exec-1] org.hibernate.SQL                        :
    select
        m1_0.member_id,
        m1_0.created_at,
        m1_0.email,
        m1_0.name,
        m1_0.updated_at
    from
        member m1_0
    where
        m1_0.member_id=?
2026-08-19T21:37:20.567+09:00 TRACE 83049 --- [schedule-api] [nio-8080-exec-1] org.hibernate.orm.jdbc.bind              : binding parameter (1:BIGINT) <- [491]
2026-08-19T21:37:20.567+09:00 DEBUG 83049 --- [schedule-api] [nio-8080-exec-1] org.hibernate.SQL                        :
    select
        m1_0.member_id,
        m1_0.created_at,
        m1_0.email,
        m1_0.name,
        m1_0.updated_at
    from
        member m1_0
    where
        m1_0.member_id=?
2026-08-19T21:37:20.567+09:00 TRACE 83049 --- [schedule-api] [nio-8080-exec-1] org.hibernate.orm.jdbc.bind              : binding parameter (1:BIGINT) <- [492]
2026-08-19T21:37:20.568+09:00 DEBUG 83049 --- [schedule-api] [nio-8080-exec-1] org.hibernate.SQL                        :
    select
        m1_0.member_id,
        m1_0.created_at,
        m1_0.email,
        m1_0.name,
        m1_0.updated_at
    from
        member m1_0
    where
        m1_0.member_id=?
2026-08-19T21:37:20.568+09:00 TRACE 83049 --- [schedule-api] [nio-8080-exec-1] org.hibernate.orm.jdbc.bind              : binding parameter (1:BIGINT) <- [493]
2026-08-19T21:37:20.568+09:00 DEBUG 83049 --- [schedule-api] [nio-8080-exec-1] org.hibernate.SQL                        :
    select
        m1_0.member_id,
        m1_0.created_at,
        m1_0.email,
        m1_0.name,
        m1_0.updated_at
    from
        member m1_0
    where
        m1_0.member_id=?
2026-08-19T21:37:20.568+09:00 TRACE 83049 --- [schedule-api] [nio-8080-exec-1] org.hibernate.orm.jdbc.bind              : binding parameter (1:BIGINT) <- [494]
2026-08-19T21:37:20.568+09:00 DEBUG 83049 --- [schedule-api] [nio-8080-exec-1] org.hibernate.SQL                        :
    select
        m1_0.member_id,
        m1_0.created_at,
        m1_0.email,
        m1_0.name,
        m1_0.updated_at
    from
        member m1_0
    where
        m1_0.member_id=?
2026-08-19T21:37:20.568+09:00 TRACE 83049 --- [schedule-api] [nio-8080-exec-1] org.hibernate.orm.jdbc.bind              : binding parameter (1:BIGINT) <- [495]
2026-08-19T21:37:20.568+09:00 DEBUG 83049 --- [schedule-api] [nio-8080-exec-1] org.hibernate.SQL                        :
    select
        m1_0.member_id,
        m1_0.created_at,
        m1_0.email,
        m1_0.name,
        m1_0.updated_at
    from
        member m1_0
    where
        m1_0.member_id=?
2026-08-19T21:37:20.568+09:00 TRACE 83049 --- [schedule-api] [nio-8080-exec-1] org.hibernate.orm.jdbc.bind              : binding parameter (1:BIGINT) <- [496]
2026-08-19T21:37:20.568+09:00 DEBUG 83049 --- [schedule-api] [nio-8080-exec-1] org.hibernate.SQL                        :
    select
        m1_0.member_id,
        m1_0.created_at,
        m1_0.email,
        m1_0.name,
        m1_0.updated_at
    from
        member m1_0
    where
        m1_0.member_id=?
2026-08-19T21:37:20.568+09:00 TRACE 83049 --- [schedule-api] [nio-8080-exec-1] org.hibernate.orm.jdbc.bind              : binding parameter (1:BIGINT) <- [497]
2026-08-19T21:37:20.568+09:00 DEBUG 83049 --- [schedule-api] [nio-8080-exec-1] org.hibernate.SQL                        :
    select
        m1_0.member_id,
        m1_0.created_at,
        m1_0.email,
        m1_0.name,
        m1_0.updated_at
    from
        member m1_0
    where
        m1_0.member_id=?
2026-08-19T21:37:20.568+09:00 TRACE 83049 --- [schedule-api] [nio-8080-exec-1] org.hibernate.orm.jdbc.bind              : binding parameter (1:BIGINT) <- [498]
2026-08-19T21:37:20.568+09:00 DEBUG 83049 --- [schedule-api] [nio-8080-exec-1] org.hibernate.SQL                        :
    select
        m1_0.member_id,
        m1_0.created_at,
        m1_0.email,
        m1_0.name,
        m1_0.updated_at
    from
        member m1_0
    where
        m1_0.member_id=?
2026-08-19T21:37:20.568+09:00 TRACE 83049 --- [schedule-api] [nio-8080-exec-1] org.hibernate.orm.jdbc.bind              : binding parameter (1:BIGINT) <- [499]
2026-08-19T21:37:20.568+09:00 DEBUG 83049 --- [schedule-api] [nio-8080-exec-1] org.hibernate.SQL                        :
    select
        m1_0.member_id,
        m1_0.created_at,
        m1_0.email,
        m1_0.name,
        m1_0.updated_at
    from
        member m1_0
    where
        m1_0.member_id=?
2026-08-19T21:37:20.568+09:00 TRACE 83049 --- [schedule-api] [nio-8080-exec-1] org.hibernate.orm.jdbc.bind              : binding parameter (1:BIGINT) <- [500]
2026-08-19T21:37:20.568+09:00 DEBUG 83049 --- [schedule-api] [nio-8080-exec-1] org.hibernate.SQL                        :
    select
        m1_0.member_id,
        m1_0.created_at,
        m1_0.email,
        m1_0.name,
        m1_0.updated_at
    from
        member m1_0
    where
        m1_0.member_id=?
2026-08-19T21:37:20.569+09:00 TRACE 83049 --- [schedule-api] [nio-8080-exec-1] org.hibernate.orm.jdbc.bind              : binding parameter (1:BIGINT) <- [501]
2026-08-19T21:37:20.569+09:00 DEBUG 83049 --- [schedule-api] [nio-8080-exec-1] org.hibernate.SQL                        :
    select
        m1_0.member_id,
        m1_0.created_at,
        m1_0.email,
        m1_0.name,
        m1_0.updated_at
    from
        member m1_0
    where
        m1_0.member_id=?
2026-08-19T21:37:20.569+09:00 TRACE 83049 --- [schedule-api] [nio-8080-exec-1] org.hibernate.orm.jdbc.bind              : binding parameter (1:BIGINT) <- [502]
2026-08-19T21:37:20.569+09:00 DEBUG 83049 --- [schedule-api] [nio-8080-exec-1] org.hibernate.SQL                        :
    select
        m1_0.member_id,
        m1_0.created_at,
        m1_0.email,
        m1_0.name,
        m1_0.updated_at
    from
        member m1_0
    where
        m1_0.member_id=?
2026-08-19T21:37:20.569+09:00 TRACE 83049 --- [schedule-api] [nio-8080-exec-1] org.hibernate.orm.jdbc.bind              : binding parameter (1:BIGINT) <- [503]
2026-08-19T21:37:20.569+09:00 DEBUG 83049 --- [schedule-api] [nio-8080-exec-1] org.hibernate.SQL                        :
    select
        m1_0.member_id,
        m1_0.created_at,
        m1_0.email,
        m1_0.name,
        m1_0.updated_at
    from
        member m1_0
    where
        m1_0.member_id=?
2026-08-19T21:37:20.569+09:00 TRACE 83049 --- [schedule-api] [nio-8080-exec-1] org.hibernate.orm.jdbc.bind              : binding parameter (1:BIGINT) <- [504]
2026-08-19T21:37:20.569+09:00 DEBUG 83049 --- [schedule-api] [nio-8080-exec-1] org.hibernate.SQL                        :
    select
        m1_0.member_id,
        m1_0.created_at,
        m1_0.email,
        m1_0.name,
        m1_0.updated_at
    from
        member m1_0
    where
        m1_0.member_id=?
2026-08-19T21:37:20.569+09:00 TRACE 83049 --- [schedule-api] [nio-8080-exec-1] org.hibernate.orm.jdbc.bind              : binding parameter (1:BIGINT) <- [505]
2026-08-19T21:37:20.569+09:00 DEBUG 83049 --- [schedule-api] [nio-8080-exec-1] org.hibernate.SQL                        :
    select
        m1_0.member_id,
        m1_0.created_at,
        m1_0.email,
        m1_0.name,
        m1_0.updated_at
    from
        member m1_0
    where
        m1_0.member_id=?
2026-08-19T21:37:20.569+09:00 TRACE 83049 --- [schedule-api] [nio-8080-exec-1] org.hibernate.orm.jdbc.bind              : binding parameter (1:BIGINT) <- [506]
2026-08-19T21:37:20.569+09:00 DEBUG 83049 --- [schedule-api] [nio-8080-exec-1] org.hibernate.SQL                        :
    select
        m1_0.member_id,
        m1_0.created_at,
        m1_0.email,
        m1_0.name,
        m1_0.updated_at
    from
        member m1_0
    where
        m1_0.member_id=?
2026-08-19T21:37:20.569+09:00 TRACE 83049 --- [schedule-api] [nio-8080-exec-1] org.hibernate.orm.jdbc.bind              : binding parameter (1:BIGINT) <- [507]
2026-08-19T21:37:20.569+09:00 DEBUG 83049 --- [schedule-api] [nio-8080-exec-1] org.hibernate.SQL                        :
    select
        m1_0.member_id,
        m1_0.created_at,
        m1_0.email,
        m1_0.name,
        m1_0.updated_at
    from
        member m1_0
    where
        m1_0.member_id=?
2026-08-19T21:37:20.569+09:00 TRACE 83049 --- [schedule-api] [nio-8080-exec-1] org.hibernate.orm.jdbc.bind              : binding parameter (1:BIGINT) <- [508]
2026-08-19T21:37:20.570+09:00 DEBUG 83049 --- [schedule-api] [nio-8080-exec-1] org.hibernate.SQL                        :
    select
        m1_0.member_id,
        m1_0.created_at,
        m1_0.email,
        m1_0.name,
        m1_0.updated_at
    from
        member m1_0
    where
        m1_0.member_id=?
2026-08-19T21:37:20.570+09:00 TRACE 83049 --- [schedule-api] [nio-8080-exec-1] org.hibernate.orm.jdbc.bind              : binding parameter (1:BIGINT) <- [509]
2026-08-19T21:37:20.570+09:00 DEBUG 83049 --- [schedule-api] [nio-8080-exec-1] org.hibernate.SQL                        :
    select
        m1_0.member_id,
        m1_0.created_at,
        m1_0.email,
        m1_0.name,
        m1_0.updated_at
    from
        member m1_0
    where
        m1_0.member_id=?
2026-08-19T21:37:20.570+09:00 TRACE 83049 --- [schedule-api] [nio-8080-exec-1] org.hibernate.orm.jdbc.bind              : binding parameter (1:BIGINT) <- [510]
2026-08-19T21:37:20.570+09:00 DEBUG 83049 --- [schedule-api] [nio-8080-exec-1] org.hibernate.SQL                        :
    select
        m1_0.member_id,
        m1_0.created_at,
        m1_0.email,
        m1_0.name,
        m1_0.updated_at
    from
        member m1_0
    where
        m1_0.member_id=?
2026-08-19T21:37:20.570+09:00 TRACE 83049 --- [schedule-api] [nio-8080-exec-1] org.hibernate.orm.jdbc.bind              : binding parameter (1:BIGINT) <- [511]
2026-08-19T21:37:20.570+09:00 DEBUG 83049 --- [schedule-api] [nio-8080-exec-1] org.hibernate.SQL                        :
    select
        m1_0.member_id,
        m1_0.created_at,
        m1_0.email,
        m1_0.name,
        m1_0.updated_at
    from
        member m1_0
    where
        m1_0.member_id=?
2026-08-19T21:37:20.570+09:00 TRACE 83049 --- [schedule-api] [nio-8080-exec-1] org.hibernate.orm.jdbc.bind              : binding parameter (1:BIGINT) <- [512]
2026-08-19T21:37:20.570+09:00 DEBUG 83049 --- [schedule-api] [nio-8080-exec-1] org.hibernate.SQL                        :
    select
        m1_0.member_id,
        m1_0.created_at,
        m1_0.email,
        m1_0.name,
        m1_0.updated_at
    from
        member m1_0
    where
        m1_0.member_id=?
2026-08-19T21:37:20.570+09:00 TRACE 83049 --- [schedule-api] [nio-8080-exec-1] org.hibernate.orm.jdbc.bind              : binding parameter (1:BIGINT) <- [513]
2026-08-19T21:37:20.570+09:00 DEBUG 83049 --- [schedule-api] [nio-8080-exec-1] org.hibernate.SQL                        :
    select
        m1_0.member_id,
        m1_0.created_at,
        m1_0.email,
        m1_0.name,
        m1_0.updated_at
    from
        member m1_0
    where
        m1_0.member_id=?
2026-08-19T21:37:20.570+09:00 TRACE 83049 --- [schedule-api] [nio-8080-exec-1] org.hibernate.orm.jdbc.bind              : binding parameter (1:BIGINT) <- [514]
2026-08-19T21:37:20.570+09:00 DEBUG 83049 --- [schedule-api] [nio-8080-exec-1] org.hibernate.SQL                        :
    select
        m1_0.member_id,
        m1_0.created_at,
        m1_0.email,
        m1_0.name,
        m1_0.updated_at
    from
        member m1_0
    where
        m1_0.member_id=?
2026-08-19T21:37:20.570+09:00 TRACE 83049 --- [schedule-api] [nio-8080-exec-1] org.hibernate.orm.jdbc.bind              : binding parameter (1:BIGINT) <- [515]
2026-08-19T21:37:20.571+09:00 DEBUG 83049 --- [schedule-api] [nio-8080-exec-1] org.hibernate.SQL                        :
    select
        m1_0.member_id,
        m1_0.created_at,
        m1_0.email,
        m1_0.name,
        m1_0.updated_at
    from
        member m1_0
    where
        m1_0.member_id=?
2026-08-19T21:37:20.571+09:00 TRACE 83049 --- [schedule-api] [nio-8080-exec-1] org.hibernate.orm.jdbc.bind              : binding parameter (1:BIGINT) <- [516]
2026-08-19T21:37:20.571+09:00 DEBUG 83049 --- [schedule-api] [nio-8080-exec-1] org.hibernate.SQL                        :
    select
        m1_0.member_id,
        m1_0.created_at,
        m1_0.email,
        m1_0.name,
        m1_0.updated_at
    from
        member m1_0
    where
        m1_0.member_id=?
2026-08-19T21:37:20.571+09:00 TRACE 83049 --- [schedule-api] [nio-8080-exec-1] org.hibernate.orm.jdbc.bind              : binding parameter (1:BIGINT) <- [517]
2026-08-19T21:37:20.571+09:00 DEBUG 83049 --- [schedule-api] [nio-8080-exec-1] org.hibernate.SQL                        :
    select
        m1_0.member_id,
        m1_0.created_at,
        m1_0.email,
        m1_0.name,
        m1_0.updated_at
    from
        member m1_0
    where
        m1_0.member_id=?
2026-08-19T21:37:20.571+09:00 TRACE 83049 --- [schedule-api] [nio-8080-exec-1] org.hibernate.orm.jdbc.bind              : binding parameter (1:BIGINT) <- [518]
2026-08-19T21:37:20.571+09:00 DEBUG 83049 --- [schedule-api] [nio-8080-exec-1] org.hibernate.SQL                        :
    select
        m1_0.member_id,
        m1_0.created_at,
        m1_0.email,
        m1_0.name,
        m1_0.updated_at
    from
        member m1_0
    where
        m1_0.member_id=?
2026-08-19T21:37:20.571+09:00 TRACE 83049 --- [schedule-api] [nio-8080-exec-1] org.hibernate.orm.jdbc.bind              : binding parameter (1:BIGINT) <- [519]
2026-08-19T21:37:20.571+09:00 DEBUG 83049 --- [schedule-api] [nio-8080-exec-1] org.hibernate.SQL                        :
    select
        m1_0.member_id,
        m1_0.created_at,
        m1_0.email,
        m1_0.name,
        m1_0.updated_at
    from
        member m1_0
    where
        m1_0.member_id=?
2026-08-19T21:37:20.571+09:00 TRACE 83049 --- [schedule-api] [nio-8080-exec-1] org.hibernate.orm.jdbc.bind              : binding parameter (1:BIGINT) <- [520]
2026-08-19T21:37:20.571+09:00 DEBUG 83049 --- [schedule-api] [nio-8080-exec-1] org.hibernate.SQL                        :
    select
        m1_0.member_id,
        m1_0.created_at,
        m1_0.email,
        m1_0.name,
        m1_0.updated_at
    from
        member m1_0
    where
        m1_0.member_id=?
2026-08-19T21:37:20.571+09:00 TRACE 83049 --- [schedule-api] [nio-8080-exec-1] org.hibernate.orm.jdbc.bind              : binding parameter (1:BIGINT) <- [521]
2026-08-19T21:37:20.571+09:00 DEBUG 83049 --- [schedule-api] [nio-8080-exec-1] org.hibernate.SQL                        :
    select
        m1_0.member_id,
        m1_0.created_at,
        m1_0.email,
        m1_0.name,
        m1_0.updated_at
    from
        member m1_0
    where
        m1_0.member_id=?
2026-08-19T21:37:20.571+09:00 TRACE 83049 --- [schedule-api] [nio-8080-exec-1] org.hibernate.orm.jdbc.bind              : binding parameter (1:BIGINT) <- [522]
2026-08-19T21:37:20.572+09:00 DEBUG 83049 --- [schedule-api] [nio-8080-exec-1] org.hibernate.SQL                        :
    select
        m1_0.member_id,
        m1_0.created_at,
        m1_0.email,
        m1_0.name,
        m1_0.updated_at
    from
        member m1_0
    where
        m1_0.member_id=?
2026-08-19T21:37:20.572+09:00 TRACE 83049 --- [schedule-api] [nio-8080-exec-1] org.hibernate.orm.jdbc.bind              : binding parameter (1:BIGINT) <- [523]
2026-08-19T21:37:20.572+09:00 DEBUG 83049 --- [schedule-api] [nio-8080-exec-1] org.hibernate.SQL                        :
    select
        m1_0.member_id,
        m1_0.created_at,
        m1_0.email,
        m1_0.name,
        m1_0.updated_at
    from
        member m1_0
    where
        m1_0.member_id=?
2026-08-19T21:37:20.572+09:00 TRACE 83049 --- [schedule-api] [nio-8080-exec-1] org.hibernate.orm.jdbc.bind              : binding parameter (1:BIGINT) <- [524]
2026-08-19T21:37:20.572+09:00 DEBUG 83049 --- [schedule-api] [nio-8080-exec-1] org.hibernate.SQL                        :
    select
        m1_0.member_id,
        m1_0.created_at,
        m1_0.email,
        m1_0.name,
        m1_0.updated_at
    from
        member m1_0
    where
        m1_0.member_id=?
2026-08-19T21:37:20.572+09:00 TRACE 83049 --- [schedule-api] [nio-8080-exec-1] org.hibernate.orm.jdbc.bind              : binding parameter (1:BIGINT) <- [525]
2026-08-19T21:37:20.572+09:00 DEBUG 83049 --- [schedule-api] [nio-8080-exec-1] org.hibernate.SQL                        :
    select
        m1_0.member_id,
        m1_0.created_at,
        m1_0.email,
        m1_0.name,
        m1_0.updated_at
    from
        member m1_0
    where
        m1_0.member_id=?
2026-08-19T21:37:20.572+09:00 TRACE 83049 --- [schedule-api] [nio-8080-exec-1] org.hibernate.orm.jdbc.bind              : binding parameter (1:BIGINT) <- [526]
2026-08-19T21:37:20.572+09:00 DEBUG 83049 --- [schedule-api] [nio-8080-exec-1] org.hibernate.SQL                        :
    select
        m1_0.member_id,
        m1_0.created_at,
        m1_0.email,
        m1_0.name,
        m1_0.updated_at
    from
        member m1_0
    where
        m1_0.member_id=?
2026-08-19T21:37:20.572+09:00 TRACE 83049 --- [schedule-api] [nio-8080-exec-1] org.hibernate.orm.jdbc.bind              : binding parameter (1:BIGINT) <- [527]
2026-08-19T21:37:20.573+09:00 DEBUG 83049 --- [schedule-api] [nio-8080-exec-1] org.hibernate.SQL                        :
    select
        m1_0.member_id,
        m1_0.created_at,
        m1_0.email,
        m1_0.name,
        m1_0.updated_at
    from
        member m1_0
    where
        m1_0.member_id=?
2026-08-19T21:37:20.573+09:00 TRACE 83049 --- [schedule-api] [nio-8080-exec-1] org.hibernate.orm.jdbc.bind              : binding parameter (1:BIGINT) <- [528]
2026-08-19T21:37:20.573+09:00 DEBUG 83049 --- [schedule-api] [nio-8080-exec-1] org.hibernate.SQL                        :
    select
        m1_0.member_id,
        m1_0.created_at,
        m1_0.email,
        m1_0.name,
        m1_0.updated_at
    from
        member m1_0
    where
        m1_0.member_id=?
2026-08-19T21:37:20.573+09:00 TRACE 83049 --- [schedule-api] [nio-8080-exec-1] org.hibernate.orm.jdbc.bind              : binding parameter (1:BIGINT) <- [529]
2026-08-19T21:37:20.573+09:00 DEBUG 83049 --- [schedule-api] [nio-8080-exec-1] org.hibernate.SQL                        :
    select
        m1_0.member_id,
        m1_0.created_at,
        m1_0.email,
        m1_0.name,
        m1_0.updated_at
    from
        member m1_0
    where
        m1_0.member_id=?
2026-08-19T21:37:20.573+09:00 TRACE 83049 --- [schedule-api] [nio-8080-exec-1] org.hibernate.orm.jdbc.bind              : binding parameter (1:BIGINT) <- [530]
2026-08-19T21:37:20.574+09:00 DEBUG 83049 --- [schedule-api] [nio-8080-exec-1] org.hibernate.SQL                        :
    select
        m1_0.member_id,
        m1_0.created_at,
        m1_0.email,
        m1_0.name,
        m1_0.updated_at
    from
        member m1_0
    where
        m1_0.member_id=?
2026-08-19T21:37:20.574+09:00 TRACE 83049 --- [schedule-api] [nio-8080-exec-1] org.hibernate.orm.jdbc.bind              : binding parameter (1:BIGINT) <- [531]
2026-08-19T21:37:20.574+09:00 DEBUG 83049 --- [schedule-api] [nio-8080-exec-1] org.hibernate.SQL                        :
    select
        m1_0.member_id,
        m1_0.created_at,
        m1_0.email,
        m1_0.name,
        m1_0.updated_at
    from
        member m1_0
    where
        m1_0.member_id=?
2026-08-19T21:37:20.574+09:00 TRACE 83049 --- [schedule-api] [nio-8080-exec-1] org.hibernate.orm.jdbc.bind              : binding parameter (1:BIGINT) <- [532]
2026-08-19T21:37:20.574+09:00 DEBUG 83049 --- [schedule-api] [nio-8080-exec-1] org.hibernate.SQL                        :
    select
        m1_0.member_id,
        m1_0.created_at,
        m1_0.email,
        m1_0.name,
        m1_0.updated_at
    from
        member m1_0
    where
        m1_0.member_id=?
2026-08-19T21:37:20.574+09:00 TRACE 83049 --- [schedule-api] [nio-8080-exec-1] org.hibernate.orm.jdbc.bind              : binding parameter (1:BIGINT) <- [533]
2026-08-19T21:37:20.574+09:00 DEBUG 83049 --- [schedule-api] [nio-8080-exec-1] org.hibernate.SQL                        :
    select
        m1_0.member_id,
        m1_0.created_at,
        m1_0.email,
        m1_0.name,
        m1_0.updated_at
    from
        member m1_0
    where
        m1_0.member_id=?
2026-08-19T21:37:20.574+09:00 TRACE 83049 --- [schedule-api] [nio-8080-exec-1] org.hibernate.orm.jdbc.bind              : binding parameter (1:BIGINT) <- [534]
2026-08-19T21:37:20.574+09:00 DEBUG 83049 --- [schedule-api] [nio-8080-exec-1] org.hibernate.SQL                        :
    select
        m1_0.member_id,
        m1_0.created_at,
        m1_0.email,
        m1_0.name,
        m1_0.updated_at
    from
        member m1_0
    where
        m1_0.member_id=?
2026-08-19T21:37:20.574+09:00 TRACE 83049 --- [schedule-api] [nio-8080-exec-1] org.hibernate.orm.jdbc.bind              : binding parameter (1:BIGINT) <- [535]
2026-08-19T21:37:20.575+09:00 DEBUG 83049 --- [schedule-api] [nio-8080-exec-1] org.hibernate.SQL                        :
    select
        m1_0.member_id,
        m1_0.created_at,
        m1_0.email,
        m1_0.name,
        m1_0.updated_at
    from
        member m1_0
    where
        m1_0.member_id=?
2026-08-19T21:37:20.575+09:00 TRACE 83049 --- [schedule-api] [nio-8080-exec-1] org.hibernate.orm.jdbc.bind              : binding parameter (1:BIGINT) <- [536]
2026-08-19T21:37:20.575+09:00 DEBUG 83049 --- [schedule-api] [nio-8080-exec-1] org.hibernate.SQL                        :
    select
        m1_0.member_id,
        m1_0.created_at,
        m1_0.email,
        m1_0.name,
        m1_0.updated_at
    from
        member m1_0
    where
        m1_0.member_id=?
2026-08-19T21:37:20.575+09:00 TRACE 83049 --- [schedule-api] [nio-8080-exec-1] org.hibernate.orm.jdbc.bind              : binding parameter (1:BIGINT) <- [537]
2026-08-19T21:37:20.575+09:00 DEBUG 83049 --- [schedule-api] [nio-8080-exec-1] org.hibernate.SQL                        :
    select
        m1_0.member_id,
        m1_0.created_at,
        m1_0.email,
        m1_0.name,
        m1_0.updated_at
    from
        member m1_0
    where
        m1_0.member_id=?
2026-08-19T21:37:20.575+09:00 TRACE 83049 --- [schedule-api] [nio-8080-exec-1] org.hibernate.orm.jdbc.bind              : binding parameter (1:BIGINT) <- [538]
2026-08-19T21:37:20.576+09:00 DEBUG 83049 --- [schedule-api] [nio-8080-exec-1] org.hibernate.SQL                        :
    select
        m1_0.member_id,
        m1_0.created_at,
        m1_0.email,
        m1_0.name,
        m1_0.updated_at
    from
        member m1_0
    where
        m1_0.member_id=?
2026-08-19T21:37:20.576+09:00 TRACE 83049 --- [schedule-api] [nio-8080-exec-1] org.hibernate.orm.jdbc.bind              : binding parameter (1:BIGINT) <- [539]
2026-08-19T21:37:20.576+09:00 DEBUG 83049 --- [schedule-api] [nio-8080-exec-1] org.hibernate.SQL                        :
    select
        m1_0.member_id,
        m1_0.created_at,
        m1_0.email,
        m1_0.name,
        m1_0.updated_at
    from
        member m1_0
    where
        m1_0.member_id=?
2026-08-19T21:37:20.576+09:00 TRACE 83049 --- [schedule-api] [nio-8080-exec-1] org.hibernate.orm.jdbc.bind              : binding parameter (1:BIGINT) <- [540]
2026-08-19T21:37:20.576+09:00 DEBUG 83049 --- [schedule-api] [nio-8080-exec-1] org.hibernate.SQL                        :
    select
        m1_0.member_id,
        m1_0.created_at,
        m1_0.email,
        m1_0.name,
        m1_0.updated_at
    from
        member m1_0
    where
        m1_0.member_id=?
2026-08-19T21:37:20.576+09:00 TRACE 83049 --- [schedule-api] [nio-8080-exec-1] org.hibernate.orm.jdbc.bind              : binding parameter (1:BIGINT) <- [541]
2026-08-19T21:37:20.576+09:00 DEBUG 83049 --- [schedule-api] [nio-8080-exec-1] org.hibernate.SQL                        :
    select
        m1_0.member_id,
        m1_0.created_at,
        m1_0.email,
        m1_0.name,
        m1_0.updated_at
    from
        member m1_0
    where
        m1_0.member_id=?
2026-08-19T21:37:20.576+09:00 TRACE 83049 --- [schedule-api] [nio-8080-exec-1] org.hibernate.orm.jdbc.bind              : binding parameter (1:BIGINT) <- [542]
2026-08-19T21:37:20.576+09:00 DEBUG 83049 --- [schedule-api] [nio-8080-exec-1] org.hibernate.SQL                        :
    select
        m1_0.member_id,
        m1_0.created_at,
        m1_0.email,
        m1_0.name,
        m1_0.updated_at
    from
        member m1_0
    where
        m1_0.member_id=?
2026-08-19T21:37:20.576+09:00 TRACE 83049 --- [schedule-api] [nio-8080-exec-1] org.hibernate.orm.jdbc.bind              : binding parameter (1:BIGINT) <- [543]
2026-08-19T21:37:20.577+09:00 DEBUG 83049 --- [schedule-api] [nio-8080-exec-1] org.hibernate.SQL                        :
    select
        m1_0.member_id,
        m1_0.created_at,
        m1_0.email,
        m1_0.name,
        m1_0.updated_at
    from
        member m1_0
    where
        m1_0.member_id=?
2026-08-19T21:37:20.577+09:00 TRACE 83049 --- [schedule-api] [nio-8080-exec-1] org.hibernate.orm.jdbc.bind              : binding parameter (1:BIGINT) <- [544]
2026-08-19T21:37:20.577+09:00 DEBUG 83049 --- [schedule-api] [nio-8080-exec-1] org.hibernate.SQL                        :
    select
        m1_0.member_id,
        m1_0.created_at,
        m1_0.email,
        m1_0.name,
        m1_0.updated_at
    from
        member m1_0
    where
        m1_0.member_id=?
2026-08-19T21:37:20.577+09:00 TRACE 83049 --- [schedule-api] [nio-8080-exec-1] org.hibernate.orm.jdbc.bind              : binding parameter (1:BIGINT) <- [545]
2026-08-19T21:37:20.577+09:00 DEBUG 83049 --- [schedule-api] [nio-8080-exec-1] org.hibernate.SQL                        :
    select
        m1_0.member_id,
        m1_0.created_at,
        m1_0.email,
        m1_0.name,
        m1_0.updated_at
    from
        member m1_0
    where
        m1_0.member_id=?
2026-08-19T21:37:20.577+09:00 TRACE 83049 --- [schedule-api] [nio-8080-exec-1] org.hibernate.orm.jdbc.bind              : binding parameter (1:BIGINT) <- [546]
2026-08-19T21:37:20.577+09:00 DEBUG 83049 --- [schedule-api] [nio-8080-exec-1] org.hibernate.SQL                        :
    select
        m1_0.member_id,
        m1_0.created_at,
        m1_0.email,
        m1_0.name,
        m1_0.updated_at
    from
        member m1_0
    where
        m1_0.member_id=?
2026-08-19T21:37:20.577+09:00 TRACE 83049 --- [schedule-api] [nio-8080-exec-1] org.hibernate.orm.jdbc.bind              : binding parameter (1:BIGINT) <- [547]
2026-08-19T21:37:20.577+09:00 DEBUG 83049 --- [schedule-api] [nio-8080-exec-1] org.hibernate.SQL                        :
    select
        m1_0.member_id,
        m1_0.created_at,
        m1_0.email,
        m1_0.name,
        m1_0.updated_at
    from
        member m1_0
    where
        m1_0.member_id=?
2026-08-19T21:37:20.577+09:00 TRACE 83049 --- [schedule-api] [nio-8080-exec-1] org.hibernate.orm.jdbc.bind              : binding parameter (1:BIGINT) <- [548]
2026-08-19T21:37:20.577+09:00 DEBUG 83049 --- [schedule-api] [nio-8080-exec-1] org.hibernate.SQL                        :
    select
        m1_0.member_id,
        m1_0.created_at,
        m1_0.email,
        m1_0.name,
        m1_0.updated_at
    from
        member m1_0
    where
        m1_0.member_id=?
2026-08-19T21:37:20.577+09:00 TRACE 83049 --- [schedule-api] [nio-8080-exec-1] org.hibernate.orm.jdbc.bind              : binding parameter (1:BIGINT) <- [549]
2026-08-19T21:37:20.578+09:00 DEBUG 83049 --- [schedule-api] [nio-8080-exec-1] org.hibernate.SQL                        :
    select
        m1_0.member_id,
        m1_0.created_at,
        m1_0.email,
        m1_0.name,
        m1_0.updated_at
    from
        member m1_0
    where
        m1_0.member_id=?
2026-08-19T21:37:20.578+09:00 TRACE 83049 --- [schedule-api] [nio-8080-exec-1] org.hibernate.orm.jdbc.bind              : binding parameter (1:BIGINT) <- [550]
2026-08-19T21:37:20.578+09:00 DEBUG 83049 --- [schedule-api] [nio-8080-exec-1] org.hibernate.SQL                        :
    select
        m1_0.member_id,
        m1_0.created_at,
        m1_0.email,
        m1_0.name,
        m1_0.updated_at
    from
        member m1_0
    where
        m1_0.member_id=?
2026-08-19T21:37:20.578+09:00 TRACE 83049 --- [schedule-api] [nio-8080-exec-1] org.hibernate.orm.jdbc.bind              : binding parameter (1:BIGINT) <- [551]
2026-08-19T21:37:20.578+09:00 DEBUG 83049 --- [schedule-api] [nio-8080-exec-1] org.hibernate.SQL                        :
    select
        m1_0.member_id,
        m1_0.created_at,
        m1_0.email,
        m1_0.name,
        m1_0.updated_at
    from
        member m1_0
    where
        m1_0.member_id=?
2026-08-19T21:37:20.578+09:00 TRACE 83049 --- [schedule-api] [nio-8080-exec-1] org.hibernate.orm.jdbc.bind              : binding parameter (1:BIGINT) <- [552]
2026-08-19T21:37:20.578+09:00 DEBUG 83049 --- [schedule-api] [nio-8080-exec-1] org.hibernate.SQL                        :
    select
        m1_0.member_id,
        m1_0.created_at,
        m1_0.email,
        m1_0.name,
        m1_0.updated_at
    from
        member m1_0
    where
        m1_0.member_id=?
2026-08-19T21:37:20.578+09:00 TRACE 83049 --- [schedule-api] [nio-8080-exec-1] org.hibernate.orm.jdbc.bind              : binding parameter (1:BIGINT) <- [553]
2026-08-19T21:37:20.578+09:00 DEBUG 83049 --- [schedule-api] [nio-8080-exec-1] org.hibernate.SQL                        :
    select
        m1_0.member_id,
        m1_0.created_at,
        m1_0.email,
        m1_0.name,
        m1_0.updated_at
    from
        member m1_0
    where
        m1_0.member_id=?
2026-08-19T21:37:20.578+09:00 TRACE 83049 --- [schedule-api] [nio-8080-exec-1] org.hibernate.orm.jdbc.bind              : binding parameter (1:BIGINT) <- [554]
2026-08-19T21:37:20.579+09:00 DEBUG 83049 --- [schedule-api] [nio-8080-exec-1] org.hibernate.SQL                        :
    select
        m1_0.member_id,
        m1_0.created_at,
        m1_0.email,
        m1_0.name,
        m1_0.updated_at
    from
        member m1_0
    where
        m1_0.member_id=?
2026-08-19T21:37:20.579+09:00 TRACE 83049 --- [schedule-api] [nio-8080-exec-1] org.hibernate.orm.jdbc.bind              : binding parameter (1:BIGINT) <- [555]
2026-08-19T21:37:20.579+09:00 DEBUG 83049 --- [schedule-api] [nio-8080-exec-1] org.hibernate.SQL                        :
    select
        m1_0.member_id,
        m1_0.created_at,
        m1_0.email,
        m1_0.name,
        m1_0.updated_at
    from
        member m1_0
    where
        m1_0.member_id=?
2026-08-19T21:37:20.579+09:00 TRACE 83049 --- [schedule-api] [nio-8080-exec-1] org.hibernate.orm.jdbc.bind              : binding parameter (1:BIGINT) <- [556]
2026-08-19T21:37:20.579+09:00 DEBUG 83049 --- [schedule-api] [nio-8080-exec-1] org.hibernate.SQL                        :
    select
        m1_0.member_id,
        m1_0.created_at,
        m1_0.email,
        m1_0.name,
        m1_0.updated_at
    from
        member m1_0
    where
        m1_0.member_id=?
2026-08-19T21:37:20.579+09:00 TRACE 83049 --- [schedule-api] [nio-8080-exec-1] org.hibernate.orm.jdbc.bind              : binding parameter (1:BIGINT) <- [557]
2026-08-19T21:37:20.579+09:00 DEBUG 83049 --- [schedule-api] [nio-8080-exec-1] org.hibernate.SQL                        :
    select
        m1_0.member_id,
        m1_0.created_at,
        m1_0.email,
        m1_0.name,
        m1_0.updated_at
    from
        member m1_0
    where
        m1_0.member_id=?
2026-08-19T21:37:20.579+09:00 TRACE 83049 --- [schedule-api] [nio-8080-exec-1] org.hibernate.orm.jdbc.bind              : binding parameter (1:BIGINT) <- [558]
2026-08-19T21:37:20.580+09:00 DEBUG 83049 --- [schedule-api] [nio-8080-exec-1] org.hibernate.SQL                        :
    select
        m1_0.member_id,
        m1_0.created_at,
        m1_0.email,
        m1_0.name,
        m1_0.updated_at
    from
        member m1_0
    where
        m1_0.member_id=?
2026-08-19T21:37:20.580+09:00 TRACE 83049 --- [schedule-api] [nio-8080-exec-1] org.hibernate.orm.jdbc.bind              : binding parameter (1:BIGINT) <- [559]
2026-08-19T21:37:20.580+09:00 DEBUG 83049 --- [schedule-api] [nio-8080-exec-1] org.hibernate.SQL                        :
    select
        m1_0.member_id,
        m1_0.created_at,
        m1_0.email,
        m1_0.name,
        m1_0.updated_at
    from
        member m1_0
    where
        m1_0.member_id=?
2026-08-19T21:37:20.580+09:00 TRACE 83049 --- [schedule-api] [nio-8080-exec-1] org.hibernate.orm.jdbc.bind              : binding parameter (1:BIGINT) <- [560]
2026-08-19T21:37:20.580+09:00 DEBUG 83049 --- [schedule-api] [nio-8080-exec-1] org.hibernate.SQL                        :
    select
        m1_0.member_id,
        m1_0.created_at,
        m1_0.email,
        m1_0.name,
        m1_0.updated_at
    from
        member m1_0
    where
        m1_0.member_id=?
2026-08-19T21:37:20.580+09:00 TRACE 83049 --- [schedule-api] [nio-8080-exec-1] org.hibernate.orm.jdbc.bind              : binding parameter (1:BIGINT) <- [561]
2026-08-19T21:37:20.580+09:00 DEBUG 83049 --- [schedule-api] [nio-8080-exec-1] org.hibernate.SQL                        :
    select
        m1_0.member_id,
        m1_0.created_at,
        m1_0.email,
        m1_0.name,
        m1_0.updated_at
    from
        member m1_0
    where
        m1_0.member_id=?
2026-08-19T21:37:20.580+09:00 TRACE 83049 --- [schedule-api] [nio-8080-exec-1] org.hibernate.orm.jdbc.bind              : binding parameter (1:BIGINT) <- [562]
2026-08-19T21:37:20.580+09:00 DEBUG 83049 --- [schedule-api] [nio-8080-exec-1] org.hibernate.SQL                        :
    select
        m1_0.member_id,
        m1_0.created_at,
        m1_0.email,
        m1_0.name,
        m1_0.updated_at
    from
        member m1_0
    where
        m1_0.member_id=?
2026-08-19T21:37:20.580+09:00 TRACE 83049 --- [schedule-api] [nio-8080-exec-1] org.hibernate.orm.jdbc.bind              : binding parameter (1:BIGINT) <- [563]
2026-08-19T21:37:20.581+09:00 DEBUG 83049 --- [schedule-api] [nio-8080-exec-1] org.hibernate.SQL                        :
    select
        m1_0.member_id,
        m1_0.created_at,
        m1_0.email,
        m1_0.name,
        m1_0.updated_at
    from
        member m1_0
    where
        m1_0.member_id=?
2026-08-19T21:37:20.581+09:00 TRACE 83049 --- [schedule-api] [nio-8080-exec-1] org.hibernate.orm.jdbc.bind              : binding parameter (1:BIGINT) <- [564]
2026-08-19T21:37:20.581+09:00 DEBUG 83049 --- [schedule-api] [nio-8080-exec-1] org.hibernate.SQL                        :
    select
        m1_0.member_id,
        m1_0.created_at,
        m1_0.email,
        m1_0.name,
        m1_0.updated_at
    from
        member m1_0
    where
        m1_0.member_id=?
2026-08-19T21:37:20.581+09:00 TRACE 83049 --- [schedule-api] [nio-8080-exec-1] org.hibernate.orm.jdbc.bind              : binding parameter (1:BIGINT) <- [565]
2026-08-19T21:37:20.581+09:00 DEBUG 83049 --- [schedule-api] [nio-8080-exec-1] org.hibernate.SQL                        :
    select
        m1_0.member_id,
        m1_0.created_at,
        m1_0.email,
        m1_0.name,
        m1_0.updated_at
    from
        member m1_0
    where
        m1_0.member_id=?
2026-08-19T21:37:20.581+09:00 TRACE 83049 --- [schedule-api] [nio-8080-exec-1] org.hibernate.orm.jdbc.bind              : binding parameter (1:BIGINT) <- [566]
2026-08-19T21:37:20.582+09:00 DEBUG 83049 --- [schedule-api] [nio-8080-exec-1] org.hibernate.SQL                        :
    select
        m1_0.member_id,
        m1_0.created_at,
        m1_0.email,
        m1_0.name,
        m1_0.updated_at
    from
        member m1_0
    where
        m1_0.member_id=?
2026-08-19T21:37:20.582+09:00 TRACE 83049 --- [schedule-api] [nio-8080-exec-1] org.hibernate.orm.jdbc.bind              : binding parameter (1:BIGINT) <- [567]
2026-08-19T21:37:20.583+09:00 DEBUG 83049 --- [schedule-api] [nio-8080-exec-1] org.hibernate.SQL                        :
    select
        m1_0.member_id,
        m1_0.created_at,
        m1_0.email,
        m1_0.name,
        m1_0.updated_at
    from
        member m1_0
    where
        m1_0.member_id=?
2026-08-19T21:37:20.583+09:00 TRACE 83049 --- [schedule-api] [nio-8080-exec-1] org.hibernate.orm.jdbc.bind              : binding parameter (1:BIGINT) <- [568]
2026-08-19T21:37:20.586+09:00 DEBUG 83049 --- [schedule-api] [nio-8080-exec-1] org.hibernate.SQL                        :
    select
        m1_0.member_id,
        m1_0.created_at,
        m1_0.email,
        m1_0.name,
        m1_0.updated_at
    from
        member m1_0
    where
        m1_0.member_id=?
2026-08-19T21:37:20.586+09:00 TRACE 83049 --- [schedule-api] [nio-8080-exec-1] org.hibernate.orm.jdbc.bind              : binding parameter (1:BIGINT) <- [569]
2026-08-19T21:37:20.586+09:00 DEBUG 83049 --- [schedule-api] [nio-8080-exec-1] org.hibernate.SQL                        :
    select
        m1_0.member_id,
        m1_0.created_at,
        m1_0.email,
        m1_0.name,
        m1_0.updated_at
    from
        member m1_0
    where
        m1_0.member_id=?
2026-08-19T21:37:20.586+09:00 TRACE 83049 --- [schedule-api] [nio-8080-exec-1] org.hibernate.orm.jdbc.bind              : binding parameter (1:BIGINT) <- [570]
2026-08-19T21:37:20.587+09:00 DEBUG 83049 --- [schedule-api] [nio-8080-exec-1] org.hibernate.SQL                        :
    select
        m1_0.member_id,
        m1_0.created_at,
        m1_0.email,
        m1_0.name,
        m1_0.updated_at
    from
        member m1_0
    where
        m1_0.member_id=?
2026-08-19T21:37:20.587+09:00 TRACE 83049 --- [schedule-api] [nio-8080-exec-1] org.hibernate.orm.jdbc.bind              : binding parameter (1:BIGINT) <- [571]
2026-08-19T21:37:20.587+09:00 DEBUG 83049 --- [schedule-api] [nio-8080-exec-1] org.hibernate.SQL                        :
    select
        m1_0.member_id,
        m1_0.created_at,
        m1_0.email,
        m1_0.name,
        m1_0.updated_at
    from
        member m1_0
    where
        m1_0.member_id=?
2026-08-19T21:37:20.587+09:00 TRACE 83049 --- [schedule-api] [nio-8080-exec-1] org.hibernate.orm.jdbc.bind              : binding parameter (1:BIGINT) <- [572]
2026-08-19T21:37:20.587+09:00 DEBUG 83049 --- [schedule-api] [nio-8080-exec-1] org.hibernate.SQL                        :
    select
        m1_0.member_id,
        m1_0.created_at,
        m1_0.email,
        m1_0.name,
        m1_0.updated_at
    from
        member m1_0
    where
        m1_0.member_id=?
2026-08-19T21:37:20.587+09:00 TRACE 83049 --- [schedule-api] [nio-8080-exec-1] org.hibernate.orm.jdbc.bind              : binding parameter (1:BIGINT) <- [573]
2026-08-19T21:37:20.587+09:00 DEBUG 83049 --- [schedule-api] [nio-8080-exec-1] org.hibernate.SQL                        :
    select
        m1_0.member_id,
        m1_0.created_at,
        m1_0.email,
        m1_0.name,
        m1_0.updated_at
    from
        member m1_0
    where
        m1_0.member_id=?
2026-08-19T21:37:20.587+09:00 TRACE 83049 --- [schedule-api] [nio-8080-exec-1] org.hibernate.orm.jdbc.bind              : binding parameter (1:BIGINT) <- [574]
2026-08-19T21:37:20.587+09:00 DEBUG 83049 --- [schedule-api] [nio-8080-exec-1] org.hibernate.SQL                        :
    select
        m1_0.member_id,
        m1_0.created_at,
        m1_0.email,
        m1_0.name,
        m1_0.updated_at
    from
        member m1_0
    where
        m1_0.member_id=?
2026-08-19T21:37:20.587+09:00 TRACE 83049 --- [schedule-api] [nio-8080-exec-1] org.hibernate.orm.jdbc.bind              : binding parameter (1:BIGINT) <- [575]
2026-08-19T21:37:20.588+09:00 DEBUG 83049 --- [schedule-api] [nio-8080-exec-1] org.hibernate.SQL                        :
    select
        m1_0.member_id,
        m1_0.created_at,
        m1_0.email,
        m1_0.name,
        m1_0.updated_at
    from
        member m1_0
    where
        m1_0.member_id=?
2026-08-19T21:37:20.588+09:00 TRACE 83049 --- [schedule-api] [nio-8080-exec-1] org.hibernate.orm.jdbc.bind              : binding parameter (1:BIGINT) <- [576]
2026-08-19T21:37:20.588+09:00 DEBUG 83049 --- [schedule-api] [nio-8080-exec-1] org.hibernate.SQL                        :
    select
        m1_0.member_id,
        m1_0.created_at,
        m1_0.email,
        m1_0.name,
        m1_0.updated_at
    from
        member m1_0
    where
        m1_0.member_id=?
2026-08-19T21:37:20.588+09:00 TRACE 83049 --- [schedule-api] [nio-8080-exec-1] org.hibernate.orm.jdbc.bind              : binding parameter (1:BIGINT) <- [577]
2026-08-19T21:37:20.588+09:00 DEBUG 83049 --- [schedule-api] [nio-8080-exec-1] org.hibernate.SQL                        :
    select
        m1_0.member_id,
        m1_0.created_at,
        m1_0.email,
        m1_0.name,
        m1_0.updated_at
    from
        member m1_0
    where
        m1_0.member_id=?
2026-08-19T21:37:20.588+09:00 TRACE 83049 --- [schedule-api] [nio-8080-exec-1] org.hibernate.orm.jdbc.bind              : binding parameter (1:BIGINT) <- [578]
2026-08-19T21:37:20.588+09:00 DEBUG 83049 --- [schedule-api] [nio-8080-exec-1] org.hibernate.SQL                        :
    select
        m1_0.member_id,
        m1_0.created_at,
        m1_0.email,
        m1_0.name,
        m1_0.updated_at
    from
        member m1_0
    where
        m1_0.member_id=?
2026-08-19T21:37:20.588+09:00 TRACE 83049 --- [schedule-api] [nio-8080-exec-1] org.hibernate.orm.jdbc.bind              : binding parameter (1:BIGINT) <- [579]
2026-08-19T21:37:20.588+09:00 DEBUG 83049 --- [schedule-api] [nio-8080-exec-1] org.hibernate.SQL                        :
    select
        m1_0.member_id,
        m1_0.created_at,
        m1_0.email,
        m1_0.name,
        m1_0.updated_at
    from
        member m1_0
    where
        m1_0.member_id=?
2026-08-19T21:37:20.588+09:00 TRACE 83049 --- [schedule-api] [nio-8080-exec-1] org.hibernate.orm.jdbc.bind              : binding parameter (1:BIGINT) <- [580]
2026-08-19T21:37:20.588+09:00 DEBUG 83049 --- [schedule-api] [nio-8080-exec-1] org.hibernate.SQL                        :
    select
        m1_0.member_id,
        m1_0.created_at,
        m1_0.email,
        m1_0.name,
        m1_0.updated_at
    from
        member m1_0
    where
        m1_0.member_id=?
2026-08-19T21:37:20.589+09:00 TRACE 83049 --- [schedule-api] [nio-8080-exec-1] org.hibernate.orm.jdbc.bind              : binding parameter (1:BIGINT) <- [581]
2026-08-19T21:37:20.589+09:00 DEBUG 83049 --- [schedule-api] [nio-8080-exec-1] org.hibernate.SQL                        :
    select
        m1_0.member_id,
        m1_0.created_at,
        m1_0.email,
        m1_0.name,
        m1_0.updated_at
    from
        member m1_0
    where
        m1_0.member_id=?
2026-08-19T21:37:20.589+09:00 TRACE 83049 --- [schedule-api] [nio-8080-exec-1] org.hibernate.orm.jdbc.bind              : binding parameter (1:BIGINT) <- [582]
2026-08-19T21:37:20.589+09:00 DEBUG 83049 --- [schedule-api] [nio-8080-exec-1] org.hibernate.SQL                        :
    select
        m1_0.member_id,
        m1_0.created_at,
        m1_0.email,
        m1_0.name,
        m1_0.updated_at
    from
        member m1_0
    where
        m1_0.member_id=?
2026-08-19T21:37:20.589+09:00 TRACE 83049 --- [schedule-api] [nio-8080-exec-1] org.hibernate.orm.jdbc.bind              : binding parameter (1:BIGINT) <- [583]
2026-08-19T21:37:20.589+09:00 DEBUG 83049 --- [schedule-api] [nio-8080-exec-1] org.hibernate.SQL                        :
    select
        m1_0.member_id,
        m1_0.created_at,
        m1_0.email,
        m1_0.name,
        m1_0.updated_at
    from
        member m1_0
    where
        m1_0.member_id=?
2026-08-19T21:37:20.589+09:00 TRACE 83049 --- [schedule-api] [nio-8080-exec-1] org.hibernate.orm.jdbc.bind              : binding parameter (1:BIGINT) <- [584]
2026-08-19T21:37:20.589+09:00 DEBUG 83049 --- [schedule-api] [nio-8080-exec-1] org.hibernate.SQL                        :
    select
        m1_0.member_id,
        m1_0.created_at,
        m1_0.email,
        m1_0.name,
        m1_0.updated_at
    from
        member m1_0
    where
        m1_0.member_id=?
2026-08-19T21:37:20.589+09:00 TRACE 83049 --- [schedule-api] [nio-8080-exec-1] org.hibernate.orm.jdbc.bind              : binding parameter (1:BIGINT) <- [585]
2026-08-19T21:37:20.589+09:00 DEBUG 83049 --- [schedule-api] [nio-8080-exec-1] org.hibernate.SQL                        :
    select
        m1_0.member_id,
        m1_0.created_at,
        m1_0.email,
        m1_0.name,
        m1_0.updated_at
    from
        member m1_0
    where
        m1_0.member_id=?
2026-08-19T21:37:20.589+09:00 TRACE 83049 --- [schedule-api] [nio-8080-exec-1] org.hibernate.orm.jdbc.bind              : binding parameter (1:BIGINT) <- [586]
2026-08-19T21:37:20.589+09:00 DEBUG 83049 --- [schedule-api] [nio-8080-exec-1] org.hibernate.SQL                        :
    select
        m1_0.member_id,
        m1_0.created_at,
        m1_0.email,
        m1_0.name,
        m1_0.updated_at
    from
        member m1_0
    where
        m1_0.member_id=?
2026-08-19T21:37:20.590+09:00 TRACE 83049 --- [schedule-api] [nio-8080-exec-1] org.hibernate.orm.jdbc.bind              : binding parameter (1:BIGINT) <- [587]
2026-08-19T21:37:20.590+09:00 DEBUG 83049 --- [schedule-api] [nio-8080-exec-1] org.hibernate.SQL                        :
    select
        m1_0.member_id,
        m1_0.created_at,
        m1_0.email,
        m1_0.name,
        m1_0.updated_at
    from
        member m1_0
    where
        m1_0.member_id=?
2026-08-19T21:37:20.590+09:00 TRACE 83049 --- [schedule-api] [nio-8080-exec-1] org.hibernate.orm.jdbc.bind              : binding parameter (1:BIGINT) <- [588]
2026-08-19T21:37:20.590+09:00 DEBUG 83049 --- [schedule-api] [nio-8080-exec-1] org.hibernate.SQL                        :
    select
        m1_0.member_id,
        m1_0.created_at,
        m1_0.email,
        m1_0.name,
        m1_0.updated_at
    from
        member m1_0
    where
        m1_0.member_id=?
2026-08-19T21:37:20.590+09:00 TRACE 83049 --- [schedule-api] [nio-8080-exec-1] org.hibernate.orm.jdbc.bind              : binding parameter (1:BIGINT) <- [589]
2026-08-19T21:37:20.590+09:00 DEBUG 83049 --- [schedule-api] [nio-8080-exec-1] org.hibernate.SQL                        :
    select
        m1_0.member_id,
        m1_0.created_at,
        m1_0.email,
        m1_0.name,
        m1_0.updated_at
    from
        member m1_0
    where
        m1_0.member_id=?
2026-08-19T21:37:20.590+09:00 TRACE 83049 --- [schedule-api] [nio-8080-exec-1] org.hibernate.orm.jdbc.bind              : binding parameter (1:BIGINT) <- [590]
2026-08-19T21:37:20.590+09:00 DEBUG 83049 --- [schedule-api] [nio-8080-exec-1] org.hibernate.SQL                        :
    select
        m1_0.member_id,
        m1_0.created_at,
        m1_0.email,
        m1_0.name,
        m1_0.updated_at
    from
        member m1_0
    where
        m1_0.member_id=?
2026-08-19T21:37:20.590+09:00 TRACE 83049 --- [schedule-api] [nio-8080-exec-1] org.hibernate.orm.jdbc.bind              : binding parameter (1:BIGINT) <- [591]
2026-08-19T21:37:20.590+09:00 DEBUG 83049 --- [schedule-api] [nio-8080-exec-1] org.hibernate.SQL                        :
    select
        m1_0.member_id,
        m1_0.created_at,
        m1_0.email,
        m1_0.name,
        m1_0.updated_at
    from
        member m1_0
    where
        m1_0.member_id=?
2026-08-19T21:37:20.591+09:00 TRACE 83049 --- [schedule-api] [nio-8080-exec-1] org.hibernate.orm.jdbc.bind              : binding parameter (1:BIGINT) <- [592]
2026-08-19T21:37:20.591+09:00 DEBUG 83049 --- [schedule-api] [nio-8080-exec-1] org.hibernate.SQL                        :
    select
        m1_0.member_id,
        m1_0.created_at,
        m1_0.email,
        m1_0.name,
        m1_0.updated_at
    from
        member m1_0
    where
        m1_0.member_id=?
2026-08-19T21:37:20.591+09:00 TRACE 83049 --- [schedule-api] [nio-8080-exec-1] org.hibernate.orm.jdbc.bind              : binding parameter (1:BIGINT) <- [593]
2026-08-19T21:37:20.591+09:00 DEBUG 83049 --- [schedule-api] [nio-8080-exec-1] org.hibernate.SQL                        :
    select
        m1_0.member_id,
        m1_0.created_at,
        m1_0.email,
        m1_0.name,
        m1_0.updated_at
    from
        member m1_0
    where
        m1_0.member_id=?
2026-08-19T21:37:20.591+09:00 TRACE 83049 --- [schedule-api] [nio-8080-exec-1] org.hibernate.orm.jdbc.bind              : binding parameter (1:BIGINT) <- [594]
2026-08-19T21:37:20.591+09:00 DEBUG 83049 --- [schedule-api] [nio-8080-exec-1] org.hibernate.SQL                        :
    select
        m1_0.member_id,
        m1_0.created_at,
        m1_0.email,
        m1_0.name,
        m1_0.updated_at
    from
        member m1_0
    where
        m1_0.member_id=?
2026-08-19T21:37:20.591+09:00 TRACE 83049 --- [schedule-api] [nio-8080-exec-1] org.hibernate.orm.jdbc.bind              : binding parameter (1:BIGINT) <- [595]
2026-08-19T21:37:20.591+09:00 DEBUG 83049 --- [schedule-api] [nio-8080-exec-1] org.hibernate.SQL                        :
    select
        m1_0.member_id,
        m1_0.created_at,
        m1_0.email,
        m1_0.name,
        m1_0.updated_at
    from
        member m1_0
    where
        m1_0.member_id=?
2026-08-19T21:37:20.591+09:00 TRACE 83049 --- [schedule-api] [nio-8080-exec-1] org.hibernate.orm.jdbc.bind              : binding parameter (1:BIGINT) <- [596]
2026-08-19T21:37:20.591+09:00 DEBUG 83049 --- [schedule-api] [nio-8080-exec-1] org.hibernate.SQL                        :
    select
        m1_0.member_id,
        m1_0.created_at,
        m1_0.email,
        m1_0.name,
        m1_0.updated_at
    from
        member m1_0
    where
        m1_0.member_id=?
2026-08-19T21:37:20.591+09:00 TRACE 83049 --- [schedule-api] [nio-8080-exec-1] org.hibernate.orm.jdbc.bind              : binding parameter (1:BIGINT) <- [597]
2026-08-19T21:37:20.592+09:00 DEBUG 83049 --- [schedule-api] [nio-8080-exec-1] org.hibernate.SQL                        :
    select
        m1_0.member_id,
        m1_0.created_at,
        m1_0.email,
        m1_0.name,
        m1_0.updated_at
    from
        member m1_0
    where
        m1_0.member_id=?
2026-08-19T21:37:20.592+09:00 TRACE 83049 --- [schedule-api] [nio-8080-exec-1] org.hibernate.orm.jdbc.bind              : binding parameter (1:BIGINT) <- [598]
2026-08-19T21:37:20.592+09:00 DEBUG 83049 --- [schedule-api] [nio-8080-exec-1] org.hibernate.SQL                        :
    select
        m1_0.member_id,
        m1_0.created_at,
        m1_0.email,
        m1_0.name,
        m1_0.updated_at
    from
        member m1_0
    where
        m1_0.member_id=?
2026-08-19T21:37:20.592+09:00 TRACE 83049 --- [schedule-api] [nio-8080-exec-1] org.hibernate.orm.jdbc.bind              : binding parameter (1:BIGINT) <- [599]
2026-08-19T21:37:20.592+09:00 DEBUG 83049 --- [schedule-api] [nio-8080-exec-1] org.hibernate.SQL                        :
    select
        m1_0.member_id,
        m1_0.created_at,
        m1_0.email,
        m1_0.name,
        m1_0.updated_at
    from
        member m1_0
    where
        m1_0.member_id=?
2026-08-19T21:37:20.592+09:00 TRACE 83049 --- [schedule-api] [nio-8080-exec-1] org.hibernate.orm.jdbc.bind              : binding parameter (1:BIGINT) <- [600]
2026-08-19T21:37:20.592+09:00 DEBUG 83049 --- [schedule-api] [nio-8080-exec-1] org.hibernate.SQL                        :
    select
        m1_0.member_id,
        m1_0.created_at,
        m1_0.email,
        m1_0.name,
        m1_0.updated_at
    from
        member m1_0
    where
        m1_0.member_id=?
2026-08-19T21:37:20.592+09:00 TRACE 83049 --- [schedule-api] [nio-8080-exec-1] org.hibernate.orm.jdbc.bind              : binding parameter (1:BIGINT) <- [601]
2026-08-19T21:37:20.592+09:00 DEBUG 83049 --- [schedule-api] [nio-8080-exec-1] org.hibernate.SQL                        :
    select
        m1_0.member_id,
        m1_0.created_at,
        m1_0.email,
        m1_0.name,
        m1_0.updated_at
    from
        member m1_0
    where
        m1_0.member_id=?
2026-08-19T21:37:20.592+09:00 TRACE 83049 --- [schedule-api] [nio-8080-exec-1] org.hibernate.orm.jdbc.bind              : binding parameter (1:BIGINT) <- [602]
2026-08-19T21:37:20.592+09:00 DEBUG 83049 --- [schedule-api] [nio-8080-exec-1] org.hibernate.SQL                        :
    select
        m1_0.member_id,
        m1_0.created_at,
        m1_0.email,
        m1_0.name,
        m1_0.updated_at
    from
        member m1_0
    where
        m1_0.member_id=?
2026-08-19T21:37:20.592+09:00 TRACE 83049 --- [schedule-api] [nio-8080-exec-1] org.hibernate.orm.jdbc.bind              : binding parameter (1:BIGINT) <- [603]
2026-08-19T21:37:20.593+09:00 DEBUG 83049 --- [schedule-api] [nio-8080-exec-1] org.hibernate.SQL                        :
    select
        m1_0.member_id,
        m1_0.created_at,
        m1_0.email,
        m1_0.name,
        m1_0.updated_at
    from
        member m1_0
    where
        m1_0.member_id=?
2026-08-19T21:37:20.593+09:00 TRACE 83049 --- [schedule-api] [nio-8080-exec-1] org.hibernate.orm.jdbc.bind              : binding parameter (1:BIGINT) <- [604]
2026-08-19T21:37:20.595+09:00 DEBUG 83049 --- [schedule-api] [nio-8080-exec-1] org.hibernate.SQL                        :
    select
        m1_0.member_id,
        m1_0.created_at,
        m1_0.email,
        m1_0.name,
        m1_0.updated_at
    from
        member m1_0
    where
        m1_0.member_id=?
2026-08-19T21:37:20.595+09:00 TRACE 83049 --- [schedule-api] [nio-8080-exec-1] org.hibernate.orm.jdbc.bind              : binding parameter (1:BIGINT) <- [605]
2026-08-19T21:37:20.599+09:00 DEBUG 83049 --- [schedule-api] [nio-8080-exec-1] org.hibernate.SQL                        :
    select
        m1_0.member_id,
        m1_0.created_at,
        m1_0.email,
        m1_0.name,
        m1_0.updated_at
    from
        member m1_0
    where
        m1_0.member_id=?
2026-08-19T21:37:20.599+09:00 TRACE 83049 --- [schedule-api] [nio-8080-exec-1] org.hibernate.orm.jdbc.bind              : binding parameter (1:BIGINT) <- [606]
2026-08-19T21:37:20.603+09:00 DEBUG 83049 --- [schedule-api] [nio-8080-exec-1] org.hibernate.SQL                        :
    select
        m1_0.member_id,
        m1_0.created_at,
        m1_0.email,
        m1_0.name,
        m1_0.updated_at
    from
        member m1_0
    where
        m1_0.member_id=?
2026-08-19T21:37:20.603+09:00 TRACE 83049 --- [schedule-api] [nio-8080-exec-1] org.hibernate.orm.jdbc.bind              : binding parameter (1:BIGINT) <- [607]
2026-08-19T21:37:20.604+09:00 DEBUG 83049 --- [schedule-api] [nio-8080-exec-1] org.hibernate.SQL                        :
    select
        m1_0.member_id,
        m1_0.created_at,
        m1_0.email,
        m1_0.name,
        m1_0.updated_at
    from
        member m1_0
    where
        m1_0.member_id=?
2026-08-19T21:37:20.604+09:00 TRACE 83049 --- [schedule-api] [nio-8080-exec-1] org.hibernate.orm.jdbc.bind              : binding parameter (1:BIGINT) <- [608]
2026-08-19T21:37:20.604+09:00 DEBUG 83049 --- [schedule-api] [nio-8080-exec-1] org.hibernate.SQL                        :
    select
        m1_0.member_id,
        m1_0.created_at,
        m1_0.email,
        m1_0.name,
        m1_0.updated_at
    from
        member m1_0
    where
        m1_0.member_id=?
2026-08-19T21:37:20.604+09:00 TRACE 83049 --- [schedule-api] [nio-8080-exec-1] org.hibernate.orm.jdbc.bind              : binding parameter (1:BIGINT) <- [609]
2026-08-19T21:37:20.604+09:00 DEBUG 83049 --- [schedule-api] [nio-8080-exec-1] org.hibernate.SQL                        :
    select
        m1_0.member_id,
        m1_0.created_at,
        m1_0.email,
        m1_0.name,
        m1_0.updated_at
    from
        member m1_0
    where
        m1_0.member_id=?
2026-08-19T21:37:20.604+09:00 TRACE 83049 --- [schedule-api] [nio-8080-exec-1] org.hibernate.orm.jdbc.bind              : binding parameter (1:BIGINT) <- [610]
2026-08-19T21:37:20.605+09:00 DEBUG 83049 --- [schedule-api] [nio-8080-exec-1] org.hibernate.SQL                        :
    select
        m1_0.member_id,
        m1_0.created_at,
        m1_0.email,
        m1_0.name,
        m1_0.updated_at
    from
        member m1_0
    where
        m1_0.member_id=?
2026-08-19T21:37:20.605+09:00 TRACE 83049 --- [schedule-api] [nio-8080-exec-1] org.hibernate.orm.jdbc.bind              : binding parameter (1:BIGINT) <- [611]
2026-08-19T21:37:20.605+09:00 DEBUG 83049 --- [schedule-api] [nio-8080-exec-1] org.hibernate.SQL                        :
    select
        m1_0.member_id,
        m1_0.created_at,
        m1_0.email,
        m1_0.name,
        m1_0.updated_at
    from
        member m1_0
    where
        m1_0.member_id=?
2026-08-19T21:37:20.605+09:00 TRACE 83049 --- [schedule-api] [nio-8080-exec-1] org.hibernate.orm.jdbc.bind              : binding parameter (1:BIGINT) <- [612]
2026-08-19T21:37:20.605+09:00 DEBUG 83049 --- [schedule-api] [nio-8080-exec-1] org.hibernate.SQL                        :
    select
        m1_0.member_id,
        m1_0.created_at,
        m1_0.email,
        m1_0.name,
        m1_0.updated_at
    from
        member m1_0
    where
        m1_0.member_id=?
2026-08-19T21:37:20.605+09:00 TRACE 83049 --- [schedule-api] [nio-8080-exec-1] org.hibernate.orm.jdbc.bind              : binding parameter (1:BIGINT) <- [613]
2026-08-19T21:37:20.605+09:00 DEBUG 83049 --- [schedule-api] [nio-8080-exec-1] org.hibernate.SQL                        :
    select
        m1_0.member_id,
        m1_0.created_at,
        m1_0.email,
        m1_0.name,
        m1_0.updated_at
    from
        member m1_0
    where
        m1_0.member_id=?
2026-08-19T21:37:20.605+09:00 TRACE 83049 --- [schedule-api] [nio-8080-exec-1] org.hibernate.orm.jdbc.bind              : binding parameter (1:BIGINT) <- [614]
2026-08-19T21:37:20.607+09:00 DEBUG 83049 --- [schedule-api] [nio-8080-exec-1] org.hibernate.SQL                        :
    select
        m1_0.member_id,
        m1_0.created_at,
        m1_0.email,
        m1_0.name,
        m1_0.updated_at
    from
        member m1_0
    where
        m1_0.member_id=?
2026-08-19T21:37:20.607+09:00 TRACE 83049 --- [schedule-api] [nio-8080-exec-1] org.hibernate.orm.jdbc.bind              : binding parameter (1:BIGINT) <- [615]
2026-08-19T21:37:20.607+09:00 DEBUG 83049 --- [schedule-api] [nio-8080-exec-1] org.hibernate.SQL                        :
    select
        m1_0.member_id,
        m1_0.created_at,
        m1_0.email,
        m1_0.name,
        m1_0.updated_at
    from
        member m1_0
    where
        m1_0.member_id=?
2026-08-19T21:37:20.607+09:00 TRACE 83049 --- [schedule-api] [nio-8080-exec-1] org.hibernate.orm.jdbc.bind              : binding parameter (1:BIGINT) <- [616]
2026-08-19T21:37:20.608+09:00 DEBUG 83049 --- [schedule-api] [nio-8080-exec-1] org.hibernate.SQL                        :
    select
        m1_0.member_id,
        m1_0.created_at,
        m1_0.email,
        m1_0.name,
        m1_0.updated_at
    from
        member m1_0
    where
        m1_0.member_id=?
2026-08-19T21:37:20.608+09:00 TRACE 83049 --- [schedule-api] [nio-8080-exec-1] org.hibernate.orm.jdbc.bind              : binding parameter (1:BIGINT) <- [617]
2026-08-19T21:37:20.608+09:00 DEBUG 83049 --- [schedule-api] [nio-8080-exec-1] org.hibernate.SQL                        :
    select
        m1_0.member_id,
        m1_0.created_at,
        m1_0.email,
        m1_0.name,
        m1_0.updated_at
    from
        member m1_0
    where
        m1_0.member_id=?
2026-08-19T21:37:20.608+09:00 TRACE 83049 --- [schedule-api] [nio-8080-exec-1] org.hibernate.orm.jdbc.bind              : binding parameter (1:BIGINT) <- [618]
2026-08-19T21:37:20.608+09:00 DEBUG 83049 --- [schedule-api] [nio-8080-exec-1] org.hibernate.SQL                        :
    select
        m1_0.member_id,
        m1_0.created_at,
        m1_0.email,
        m1_0.name,
        m1_0.updated_at
    from
        member m1_0
    where
        m1_0.member_id=?
2026-08-19T21:37:20.608+09:00 TRACE 83049 --- [schedule-api] [nio-8080-exec-1] org.hibernate.orm.jdbc.bind              : binding parameter (1:BIGINT) <- [619]
2026-08-19T21:37:20.608+09:00 DEBUG 83049 --- [schedule-api] [nio-8080-exec-1] org.hibernate.SQL                        :
    select
        m1_0.member_id,
        m1_0.created_at,
        m1_0.email,
        m1_0.name,
        m1_0.updated_at
    from
        member m1_0
    where
        m1_0.member_id=?
2026-08-19T21:37:20.608+09:00 TRACE 83049 --- [schedule-api] [nio-8080-exec-1] org.hibernate.orm.jdbc.bind              : binding parameter (1:BIGINT) <- [620]
2026-08-19T21:37:20.608+09:00 DEBUG 83049 --- [schedule-api] [nio-8080-exec-1] org.hibernate.SQL                        :
    select
        m1_0.member_id,
        m1_0.created_at,
        m1_0.email,
        m1_0.name,
        m1_0.updated_at
    from
        member m1_0
    where
        m1_0.member_id=?
2026-08-19T21:37:20.608+09:00 TRACE 83049 --- [schedule-api] [nio-8080-exec-1] org.hibernate.orm.jdbc.bind              : binding parameter (1:BIGINT) <- [621]
2026-08-19T21:37:20.608+09:00 DEBUG 83049 --- [schedule-api] [nio-8080-exec-1] org.hibernate.SQL                        :
    select
        m1_0.member_id,
        m1_0.created_at,
        m1_0.email,
        m1_0.name,
        m1_0.updated_at
    from
        member m1_0
    where
        m1_0.member_id=?
2026-08-19T21:37:20.608+09:00 TRACE 83049 --- [schedule-api] [nio-8080-exec-1] org.hibernate.orm.jdbc.bind              : binding parameter (1:BIGINT) <- [622]
2026-08-19T21:37:20.609+09:00 DEBUG 83049 --- [schedule-api] [nio-8080-exec-1] org.hibernate.SQL                        :
    select
        m1_0.member_id,
        m1_0.created_at,
        m1_0.email,
        m1_0.name,
        m1_0.updated_at
    from
        member m1_0
    where
        m1_0.member_id=?
2026-08-19T21:37:20.609+09:00 TRACE 83049 --- [schedule-api] [nio-8080-exec-1] org.hibernate.orm.jdbc.bind              : binding parameter (1:BIGINT) <- [623]
2026-08-19T21:37:20.609+09:00 DEBUG 83049 --- [schedule-api] [nio-8080-exec-1] org.hibernate.SQL                        :
    select
        m1_0.member_id,
        m1_0.created_at,
        m1_0.email,
        m1_0.name,
        m1_0.updated_at
    from
        member m1_0
    where
        m1_0.member_id=?
2026-08-19T21:37:20.609+09:00 TRACE 83049 --- [schedule-api] [nio-8080-exec-1] org.hibernate.orm.jdbc.bind              : binding parameter (1:BIGINT) <- [624]
2026-08-19T21:37:20.609+09:00 DEBUG 83049 --- [schedule-api] [nio-8080-exec-1] org.hibernate.SQL                        :
    select
        m1_0.member_id,
        m1_0.created_at,
        m1_0.email,
        m1_0.name,
        m1_0.updated_at
    from
        member m1_0
    where
        m1_0.member_id=?
2026-08-19T21:37:20.609+09:00 TRACE 83049 --- [schedule-api] [nio-8080-exec-1] org.hibernate.orm.jdbc.bind              : binding parameter (1:BIGINT) <- [625]
2026-08-19T21:37:20.610+09:00 DEBUG 83049 --- [schedule-api] [nio-8080-exec-1] org.hibernate.SQL                        :
    select
        m1_0.member_id,
        m1_0.created_at,
        m1_0.email,
        m1_0.name,
        m1_0.updated_at
    from
        member m1_0
    where
        m1_0.member_id=?
2026-08-19T21:37:20.610+09:00 TRACE 83049 --- [schedule-api] [nio-8080-exec-1] org.hibernate.orm.jdbc.bind              : binding parameter (1:BIGINT) <- [626]
2026-08-19T21:37:20.610+09:00 DEBUG 83049 --- [schedule-api] [nio-8080-exec-1] org.hibernate.SQL                        :
    select
        m1_0.member_id,
        m1_0.created_at,
        m1_0.email,
        m1_0.name,
        m1_0.updated_at
    from
        member m1_0
    where
        m1_0.member_id=?
2026-08-19T21:37:20.610+09:00 TRACE 83049 --- [schedule-api] [nio-8080-exec-1] org.hibernate.orm.jdbc.bind              : binding parameter (1:BIGINT) <- [627]
2026-08-19T21:37:20.610+09:00 DEBUG 83049 --- [schedule-api] [nio-8080-exec-1] org.hibernate.SQL                        :
    select
        m1_0.member_id,
        m1_0.created_at,
        m1_0.email,
        m1_0.name,
        m1_0.updated_at
    from
        member m1_0
    where
        m1_0.member_id=?
2026-08-19T21:37:20.610+09:00 TRACE 83049 --- [schedule-api] [nio-8080-exec-1] org.hibernate.orm.jdbc.bind              : binding parameter (1:BIGINT) <- [628]
2026-08-19T21:37:20.610+09:00 DEBUG 83049 --- [schedule-api] [nio-8080-exec-1] org.hibernate.SQL                        :
    select
        m1_0.member_id,
        m1_0.created_at,
        m1_0.email,
        m1_0.name,
        m1_0.updated_at
    from
        member m1_0
    where
        m1_0.member_id=?
2026-08-19T21:37:20.610+09:00 TRACE 83049 --- [schedule-api] [nio-8080-exec-1] org.hibernate.orm.jdbc.bind              : binding parameter (1:BIGINT) <- [629]
2026-08-19T21:37:20.610+09:00 DEBUG 83049 --- [schedule-api] [nio-8080-exec-1] org.hibernate.SQL                        :
    select
        m1_0.member_id,
        m1_0.created_at,
        m1_0.email,
        m1_0.name,
        m1_0.updated_at
    from
        member m1_0
    where
        m1_0.member_id=?
2026-08-19T21:37:20.610+09:00 TRACE 83049 --- [schedule-api] [nio-8080-exec-1] org.hibernate.orm.jdbc.bind              : binding parameter (1:BIGINT) <- [630]
2026-08-19T21:37:20.610+09:00 DEBUG 83049 --- [schedule-api] [nio-8080-exec-1] org.hibernate.SQL                        :
    select
        m1_0.member_id,
        m1_0.created_at,
        m1_0.email,
        m1_0.name,
        m1_0.updated_at
    from
        member m1_0
    where
        m1_0.member_id=?
2026-08-19T21:37:20.610+09:00 TRACE 83049 --- [schedule-api] [nio-8080-exec-1] org.hibernate.orm.jdbc.bind              : binding parameter (1:BIGINT) <- [631]
2026-08-19T21:37:20.610+09:00 DEBUG 83049 --- [schedule-api] [nio-8080-exec-1] org.hibernate.SQL                        :
    select
        m1_0.member_id,
        m1_0.created_at,
        m1_0.email,
        m1_0.name,
        m1_0.updated_at
    from
        member m1_0
    where
        m1_0.member_id=?
2026-08-19T21:37:20.610+09:00 TRACE 83049 --- [schedule-api] [nio-8080-exec-1] org.hibernate.orm.jdbc.bind              : binding parameter (1:BIGINT) <- [632]
2026-08-19T21:37:20.610+09:00 DEBUG 83049 --- [schedule-api] [nio-8080-exec-1] org.hibernate.SQL                        :
    select
        m1_0.member_id,
        m1_0.created_at,
        m1_0.email,
        m1_0.name,
        m1_0.updated_at
    from
        member m1_0
    where
        m1_0.member_id=?
2026-08-19T21:37:20.611+09:00 TRACE 83049 --- [schedule-api] [nio-8080-exec-1] org.hibernate.orm.jdbc.bind              : binding parameter (1:BIGINT) <- [633]
2026-08-19T21:37:20.611+09:00 DEBUG 83049 --- [schedule-api] [nio-8080-exec-1] org.hibernate.SQL                        :
    select
        m1_0.member_id,
        m1_0.created_at,
        m1_0.email,
        m1_0.name,
        m1_0.updated_at
    from
        member m1_0
    where
        m1_0.member_id=?
2026-08-19T21:37:20.611+09:00 TRACE 83049 --- [schedule-api] [nio-8080-exec-1] org.hibernate.orm.jdbc.bind              : binding parameter (1:BIGINT) <- [634]
2026-08-19T21:37:20.611+09:00 DEBUG 83049 --- [schedule-api] [nio-8080-exec-1] org.hibernate.SQL                        :
    select
        m1_0.member_id,
        m1_0.created_at,
        m1_0.email,
        m1_0.name,
        m1_0.updated_at
    from
        member m1_0
    where
        m1_0.member_id=?
2026-08-19T21:37:20.611+09:00 TRACE 83049 --- [schedule-api] [nio-8080-exec-1] org.hibernate.orm.jdbc.bind              : binding parameter (1:BIGINT) <- [635]
2026-08-19T21:37:20.611+09:00 DEBUG 83049 --- [schedule-api] [nio-8080-exec-1] org.hibernate.SQL                        :
    select
        m1_0.member_id,
        m1_0.created_at,
        m1_0.email,
        m1_0.name,
        m1_0.updated_at
    from
        member m1_0
    where
        m1_0.member_id=?
2026-08-19T21:37:20.611+09:00 TRACE 83049 --- [schedule-api] [nio-8080-exec-1] org.hibernate.orm.jdbc.bind              : binding parameter (1:BIGINT) <- [636]
2026-08-19T21:37:20.613+09:00 DEBUG 83049 --- [schedule-api] [nio-8080-exec-1] org.hibernate.SQL                        :
    select
        m1_0.member_id,
        m1_0.created_at,
        m1_0.email,
        m1_0.name,
        m1_0.updated_at
    from
        member m1_0
    where
        m1_0.member_id=?
2026-08-19T21:37:20.613+09:00 TRACE 83049 --- [schedule-api] [nio-8080-exec-1] org.hibernate.orm.jdbc.bind              : binding parameter (1:BIGINT) <- [637]
2026-08-19T21:37:20.613+09:00 DEBUG 83049 --- [schedule-api] [nio-8080-exec-1] org.hibernate.SQL                        :
    select
        m1_0.member_id,
        m1_0.created_at,
        m1_0.email,
        m1_0.name,
        m1_0.updated_at
    from
        member m1_0
    where
        m1_0.member_id=?
2026-08-19T21:37:20.613+09:00 TRACE 83049 --- [schedule-api] [nio-8080-exec-1] org.hibernate.orm.jdbc.bind              : binding parameter (1:BIGINT) <- [638]
2026-08-19T21:37:20.614+09:00 DEBUG 83049 --- [schedule-api] [nio-8080-exec-1] org.hibernate.SQL                        :
    select
        m1_0.member_id,
        m1_0.created_at,
        m1_0.email,
        m1_0.name,
        m1_0.updated_at
    from
        member m1_0
    where
        m1_0.member_id=?
2026-08-19T21:37:20.615+09:00 TRACE 83049 --- [schedule-api] [nio-8080-exec-1] org.hibernate.orm.jdbc.bind              : binding parameter (1:BIGINT) <- [639]
2026-08-19T21:37:20.615+09:00 DEBUG 83049 --- [schedule-api] [nio-8080-exec-1] org.hibernate.SQL                        :
    select
        m1_0.member_id,
        m1_0.created_at,
        m1_0.email,
        m1_0.name,
        m1_0.updated_at
    from
        member m1_0
    where
        m1_0.member_id=?
2026-08-19T21:37:20.617+09:00 TRACE 83049 --- [schedule-api] [nio-8080-exec-1] org.hibernate.orm.jdbc.bind              : binding parameter (1:BIGINT) <- [640]
2026-08-19T21:37:20.618+09:00 DEBUG 83049 --- [schedule-api] [nio-8080-exec-1] org.hibernate.SQL                        :
    select
        m1_0.member_id,
        m1_0.created_at,
        m1_0.email,
        m1_0.name,
        m1_0.updated_at
    from
        member m1_0
    where
        m1_0.member_id=?
2026-08-19T21:37:20.619+09:00 TRACE 83049 --- [schedule-api] [nio-8080-exec-1] org.hibernate.orm.jdbc.bind              : binding parameter (1:BIGINT) <- [641]
2026-08-19T21:37:20.620+09:00 DEBUG 83049 --- [schedule-api] [nio-8080-exec-1] org.hibernate.SQL                        :
    select
        m1_0.member_id,
        m1_0.created_at,
        m1_0.email,
        m1_0.name,
        m1_0.updated_at
    from
        member m1_0
    where
        m1_0.member_id=?
2026-08-19T21:37:20.621+09:00 TRACE 83049 --- [schedule-api] [nio-8080-exec-1] org.hibernate.orm.jdbc.bind              : binding parameter (1:BIGINT) <- [642]
2026-08-19T21:37:20.622+09:00 DEBUG 83049 --- [schedule-api] [nio-8080-exec-1] org.hibernate.SQL                        :
    select
        m1_0.member_id,
        m1_0.created_at,
        m1_0.email,
        m1_0.name,
        m1_0.updated_at
    from
        member m1_0
    where
        m1_0.member_id=?
2026-08-19T21:37:20.622+09:00 TRACE 83049 --- [schedule-api] [nio-8080-exec-1] org.hibernate.orm.jdbc.bind              : binding parameter (1:BIGINT) <- [643]
2026-08-19T21:37:20.625+09:00 DEBUG 83049 --- [schedule-api] [nio-8080-exec-1] org.hibernate.SQL                        :
    select
        m1_0.member_id,
        m1_0.created_at,
        m1_0.email,
        m1_0.name,
        m1_0.updated_at
    from
        member m1_0
    where
        m1_0.member_id=?
2026-08-19T21:37:20.626+09:00 TRACE 83049 --- [schedule-api] [nio-8080-exec-1] org.hibernate.orm.jdbc.bind              : binding parameter (1:BIGINT) <- [644]
2026-08-19T21:37:20.627+09:00 DEBUG 83049 --- [schedule-api] [nio-8080-exec-1] org.hibernate.SQL                        :
    select
        m1_0.member_id,
        m1_0.created_at,
        m1_0.email,
        m1_0.name,
        m1_0.updated_at
    from
        member m1_0
    where
        m1_0.member_id=?
2026-08-19T21:37:20.627+09:00 TRACE 83049 --- [schedule-api] [nio-8080-exec-1] org.hibernate.orm.jdbc.bind              : binding parameter (1:BIGINT) <- [645]
2026-08-19T21:37:20.628+09:00 DEBUG 83049 --- [schedule-api] [nio-8080-exec-1] org.hibernate.SQL                        :
    select
        m1_0.member_id,
        m1_0.created_at,
        m1_0.email,
        m1_0.name,
        m1_0.updated_at
    from
        member m1_0
    where
        m1_0.member_id=?
2026-08-19T21:37:20.629+09:00 TRACE 83049 --- [schedule-api] [nio-8080-exec-1] org.hibernate.orm.jdbc.bind              : binding parameter (1:BIGINT) <- [646]
2026-08-19T21:37:20.631+09:00 DEBUG 83049 --- [schedule-api] [nio-8080-exec-1] org.hibernate.SQL                        :
    select
        m1_0.member_id,
        m1_0.created_at,
        m1_0.email,
        m1_0.name,
        m1_0.updated_at
    from
        member m1_0
    where
        m1_0.member_id=?
2026-08-19T21:37:20.631+09:00 TRACE 83049 --- [schedule-api] [nio-8080-exec-1] org.hibernate.orm.jdbc.bind              : binding parameter (1:BIGINT) <- [647]
2026-08-19T21:37:20.632+09:00 DEBUG 83049 --- [schedule-api] [nio-8080-exec-1] org.hibernate.SQL                        :
    select
        m1_0.member_id,
        m1_0.created_at,
        m1_0.email,
        m1_0.name,
        m1_0.updated_at
    from
        member m1_0
    where
        m1_0.member_id=?
2026-08-19T21:37:20.632+09:00 TRACE 83049 --- [schedule-api] [nio-8080-exec-1] org.hibernate.orm.jdbc.bind              : binding parameter (1:BIGINT) <- [648]
2026-08-19T21:37:20.632+09:00 DEBUG 83049 --- [schedule-api] [nio-8080-exec-1] org.hibernate.SQL                        :
    select
        m1_0.member_id,
        m1_0.created_at,
        m1_0.email,
        m1_0.name,
        m1_0.updated_at
    from
        member m1_0
    where
        m1_0.member_id=?
2026-08-19T21:37:20.632+09:00 TRACE 83049 --- [schedule-api] [nio-8080-exec-1] org.hibernate.orm.jdbc.bind              : binding parameter (1:BIGINT) <- [649]
2026-08-19T21:37:20.632+09:00 DEBUG 83049 --- [schedule-api] [nio-8080-exec-1] org.hibernate.SQL                        :
    select
        m1_0.member_id,
        m1_0.created_at,
        m1_0.email,
        m1_0.name,
        m1_0.updated_at
    from
        member m1_0
    where
        m1_0.member_id=?
2026-08-19T21:37:20.632+09:00 TRACE 83049 --- [schedule-api] [nio-8080-exec-1] org.hibernate.orm.jdbc.bind              : binding parameter (1:BIGINT) <- [650]
2026-08-19T21:37:20.632+09:00 DEBUG 83049 --- [schedule-api] [nio-8080-exec-1] org.hibernate.SQL                        :
    select
        m1_0.member_id,
        m1_0.created_at,
        m1_0.email,
        m1_0.name,
        m1_0.updated_at
    from
        member m1_0
    where
        m1_0.member_id=?
2026-08-19T21:37:20.632+09:00 TRACE 83049 --- [schedule-api] [nio-8080-exec-1] org.hibernate.orm.jdbc.bind              : binding parameter (1:BIGINT) <- [651]
2026-08-19T21:37:20.632+09:00 DEBUG 83049 --- [schedule-api] [nio-8080-exec-1] org.hibernate.SQL                        :
    select
        m1_0.member_id,
        m1_0.created_at,
        m1_0.email,
        m1_0.name,
        m1_0.updated_at
    from
        member m1_0
    where
        m1_0.member_id=?
2026-08-19T21:37:20.632+09:00 TRACE 83049 --- [schedule-api] [nio-8080-exec-1] org.hibernate.orm.jdbc.bind              : binding parameter (1:BIGINT) <- [652]
2026-08-19T21:37:20.632+09:00 DEBUG 83049 --- [schedule-api] [nio-8080-exec-1] org.hibernate.SQL                        :
    select
        m1_0.member_id,
        m1_0.created_at,
        m1_0.email,
        m1_0.name,
        m1_0.updated_at
    from
        member m1_0
    where
        m1_0.member_id=?
2026-08-19T21:37:20.633+09:00 TRACE 83049 --- [schedule-api] [nio-8080-exec-1] org.hibernate.orm.jdbc.bind              : binding parameter (1:BIGINT) <- [653]
2026-08-19T21:37:20.633+09:00 DEBUG 83049 --- [schedule-api] [nio-8080-exec-1] org.hibernate.SQL                        :
    select
        m1_0.member_id,
        m1_0.created_at,
        m1_0.email,
        m1_0.name,
        m1_0.updated_at
    from
        member m1_0
    where
        m1_0.member_id=?
2026-08-19T21:37:20.633+09:00 TRACE 83049 --- [schedule-api] [nio-8080-exec-1] org.hibernate.orm.jdbc.bind              : binding parameter (1:BIGINT) <- [654]
2026-08-19T21:37:20.633+09:00 DEBUG 83049 --- [schedule-api] [nio-8080-exec-1] org.hibernate.SQL                        :
    select
        m1_0.member_id,
        m1_0.created_at,
        m1_0.email,
        m1_0.name,
        m1_0.updated_at
    from
        member m1_0
    where
        m1_0.member_id=?
2026-08-19T21:37:20.633+09:00 TRACE 83049 --- [schedule-api] [nio-8080-exec-1] org.hibernate.orm.jdbc.bind              : binding parameter (1:BIGINT) <- [655]
2026-08-19T21:37:20.633+09:00 DEBUG 83049 --- [schedule-api] [nio-8080-exec-1] org.hibernate.SQL                        :
    select
        m1_0.member_id,
        m1_0.created_at,
        m1_0.email,
        m1_0.name,
        m1_0.updated_at
    from
        member m1_0
    where
        m1_0.member_id=?
2026-08-19T21:37:20.633+09:00 TRACE 83049 --- [schedule-api] [nio-8080-exec-1] org.hibernate.orm.jdbc.bind              : binding parameter (1:BIGINT) <- [656]
2026-08-19T21:37:20.633+09:00 DEBUG 83049 --- [schedule-api] [nio-8080-exec-1] org.hibernate.SQL                        :
    select
        m1_0.member_id,
        m1_0.created_at,
        m1_0.email,
        m1_0.name,
        m1_0.updated_at
    from
        member m1_0
    where
        m1_0.member_id=?
2026-08-19T21:37:20.633+09:00 TRACE 83049 --- [schedule-api] [nio-8080-exec-1] org.hibernate.orm.jdbc.bind              : binding parameter (1:BIGINT) <- [657]
2026-08-19T21:37:20.633+09:00 DEBUG 83049 --- [schedule-api] [nio-8080-exec-1] org.hibernate.SQL                        :
    select
        m1_0.member_id,
        m1_0.created_at,
        m1_0.email,
        m1_0.name,
        m1_0.updated_at
    from
        member m1_0
    where
        m1_0.member_id=?
2026-08-19T21:37:20.633+09:00 TRACE 83049 --- [schedule-api] [nio-8080-exec-1] org.hibernate.orm.jdbc.bind              : binding parameter (1:BIGINT) <- [658]
2026-08-19T21:37:20.634+09:00 DEBUG 83049 --- [schedule-api] [nio-8080-exec-1] org.hibernate.SQL                        :
    select
        m1_0.member_id,
        m1_0.created_at,
        m1_0.email,
        m1_0.name,
        m1_0.updated_at
    from
        member m1_0
    where
        m1_0.member_id=?
2026-08-19T21:37:20.637+09:00 TRACE 83049 --- [schedule-api] [nio-8080-exec-1] org.hibernate.orm.jdbc.bind              : binding parameter (1:BIGINT) <- [659]
2026-08-19T21:37:20.638+09:00 DEBUG 83049 --- [schedule-api] [nio-8080-exec-1] org.hibernate.SQL                        :
    select
        m1_0.member_id,
        m1_0.created_at,
        m1_0.email,
        m1_0.name,
        m1_0.updated_at
    from
        member m1_0
    where
        m1_0.member_id=?
2026-08-19T21:37:20.640+09:00 TRACE 83049 --- [schedule-api] [nio-8080-exec-1] org.hibernate.orm.jdbc.bind              : binding parameter (1:BIGINT) <- [660]
2026-08-19T21:37:20.641+09:00 DEBUG 83049 --- [schedule-api] [nio-8080-exec-1] org.hibernate.SQL                        :
    select
        m1_0.member_id,
        m1_0.created_at,
        m1_0.email,
        m1_0.name,
        m1_0.updated_at
    from
        member m1_0
    where
        m1_0.member_id=?
2026-08-19T21:37:20.641+09:00 TRACE 83049 --- [schedule-api] [nio-8080-exec-1] org.hibernate.orm.jdbc.bind              : binding parameter (1:BIGINT) <- [661]
2026-08-19T21:37:20.641+09:00 DEBUG 83049 --- [schedule-api] [nio-8080-exec-1] org.hibernate.SQL                        :
    select
        m1_0.member_id,
        m1_0.created_at,
        m1_0.email,
        m1_0.name,
        m1_0.updated_at
    from
        member m1_0
    where
        m1_0.member_id=?
2026-08-19T21:37:20.642+09:00 TRACE 83049 --- [schedule-api] [nio-8080-exec-1] org.hibernate.orm.jdbc.bind              : binding parameter (1:BIGINT) <- [662]
2026-08-19T21:37:20.642+09:00 DEBUG 83049 --- [schedule-api] [nio-8080-exec-1] org.hibernate.SQL                        :
    select
        m1_0.member_id,
        m1_0.created_at,
        m1_0.email,
        m1_0.name,
        m1_0.updated_at
    from
        member m1_0
    where
        m1_0.member_id=?
2026-08-19T21:37:20.642+09:00 TRACE 83049 --- [schedule-api] [nio-8080-exec-1] org.hibernate.orm.jdbc.bind              : binding parameter (1:BIGINT) <- [663]
2026-08-19T21:37:20.642+09:00 DEBUG 83049 --- [schedule-api] [nio-8080-exec-1] org.hibernate.SQL                        :
    select
        m1_0.member_id,
        m1_0.created_at,
        m1_0.email,
        m1_0.name,
        m1_0.updated_at
    from
        member m1_0
    where
        m1_0.member_id=?
2026-08-19T21:37:20.642+09:00 TRACE 83049 --- [schedule-api] [nio-8080-exec-1] org.hibernate.orm.jdbc.bind              : binding parameter (1:BIGINT) <- [664]
2026-08-19T21:37:20.642+09:00 DEBUG 83049 --- [schedule-api] [nio-8080-exec-1] org.hibernate.SQL                        :
    select
        m1_0.member_id,
        m1_0.created_at,
        m1_0.email,
        m1_0.name,
        m1_0.updated_at
    from
        member m1_0
    where
        m1_0.member_id=?
2026-08-19T21:37:20.643+09:00 TRACE 83049 --- [schedule-api] [nio-8080-exec-1] org.hibernate.orm.jdbc.bind              : binding parameter (1:BIGINT) <- [665]
2026-08-19T21:37:20.643+09:00 DEBUG 83049 --- [schedule-api] [nio-8080-exec-1] org.hibernate.SQL                        :
    select
        m1_0.member_id,
        m1_0.created_at,
        m1_0.email,
        m1_0.name,
        m1_0.updated_at
    from
        member m1_0
    where
        m1_0.member_id=?
2026-08-19T21:37:20.643+09:00 TRACE 83049 --- [schedule-api] [nio-8080-exec-1] org.hibernate.orm.jdbc.bind              : binding parameter (1:BIGINT) <- [666]
2026-08-19T21:37:20.643+09:00 DEBUG 83049 --- [schedule-api] [nio-8080-exec-1] org.hibernate.SQL                        :
    select
        m1_0.member_id,
        m1_0.created_at,
        m1_0.email,
        m1_0.name,
        m1_0.updated_at
    from
        member m1_0
    where
        m1_0.member_id=?
2026-08-19T21:37:20.643+09:00 TRACE 83049 --- [schedule-api] [nio-8080-exec-1] org.hibernate.orm.jdbc.bind              : binding parameter (1:BIGINT) <- [667]
2026-08-19T21:37:20.643+09:00 DEBUG 83049 --- [schedule-api] [nio-8080-exec-1] org.hibernate.SQL                        :
    select
        m1_0.member_id,
        m1_0.created_at,
        m1_0.email,
        m1_0.name,
        m1_0.updated_at
    from
        member m1_0
    where
        m1_0.member_id=?
2026-08-19T21:37:20.643+09:00 TRACE 83049 --- [schedule-api] [nio-8080-exec-1] org.hibernate.orm.jdbc.bind              : binding parameter (1:BIGINT) <- [668]
2026-08-19T21:37:20.643+09:00 DEBUG 83049 --- [schedule-api] [nio-8080-exec-1] org.hibernate.SQL                        :
    select
        m1_0.member_id,
        m1_0.created_at,
        m1_0.email,
        m1_0.name,
        m1_0.updated_at
    from
        member m1_0
    where
        m1_0.member_id=?
2026-08-19T21:37:20.643+09:00 TRACE 83049 --- [schedule-api] [nio-8080-exec-1] org.hibernate.orm.jdbc.bind              : binding parameter (1:BIGINT) <- [669]
2026-08-19T21:37:20.643+09:00 DEBUG 83049 --- [schedule-api] [nio-8080-exec-1] org.hibernate.SQL                        :
    select
        m1_0.member_id,
        m1_0.created_at,
        m1_0.email,
        m1_0.name,
        m1_0.updated_at
    from
        member m1_0
    where
        m1_0.member_id=?
2026-08-19T21:37:20.643+09:00 TRACE 83049 --- [schedule-api] [nio-8080-exec-1] org.hibernate.orm.jdbc.bind              : binding parameter (1:BIGINT) <- [670]
2026-08-19T21:37:20.643+09:00 DEBUG 83049 --- [schedule-api] [nio-8080-exec-1] org.hibernate.SQL                        :
    select
        m1_0.member_id,
        m1_0.created_at,
        m1_0.email,
        m1_0.name,
        m1_0.updated_at
    from
        member m1_0
    where
        m1_0.member_id=?
2026-08-19T21:37:20.644+09:00 TRACE 83049 --- [schedule-api] [nio-8080-exec-1] org.hibernate.orm.jdbc.bind              : binding parameter (1:BIGINT) <- [671]
2026-08-19T21:37:20.644+09:00 DEBUG 83049 --- [schedule-api] [nio-8080-exec-1] org.hibernate.SQL                        :
    select
        m1_0.member_id,
        m1_0.created_at,
        m1_0.email,
        m1_0.name,
        m1_0.updated_at
    from
        member m1_0
    where
        m1_0.member_id=?
2026-08-19T21:37:20.644+09:00 TRACE 83049 --- [schedule-api] [nio-8080-exec-1] org.hibernate.orm.jdbc.bind              : binding parameter (1:BIGINT) <- [672]
2026-08-19T21:37:20.644+09:00 DEBUG 83049 --- [schedule-api] [nio-8080-exec-1] org.hibernate.SQL                        :
    select
        m1_0.member_id,
        m1_0.created_at,
        m1_0.email,
        m1_0.name,
        m1_0.updated_at
    from
        member m1_0
    where
        m1_0.member_id=?
2026-08-19T21:37:20.644+09:00 TRACE 83049 --- [schedule-api] [nio-8080-exec-1] org.hibernate.orm.jdbc.bind              : binding parameter (1:BIGINT) <- [673]
2026-08-19T21:37:20.644+09:00 DEBUG 83049 --- [schedule-api] [nio-8080-exec-1] org.hibernate.SQL                        :
    select
        m1_0.member_id,
        m1_0.created_at,
        m1_0.email,
        m1_0.name,
        m1_0.updated_at
    from
        member m1_0
    where
        m1_0.member_id=?
2026-08-19T21:37:20.644+09:00 TRACE 83049 --- [schedule-api] [nio-8080-exec-1] org.hibernate.orm.jdbc.bind              : binding parameter (1:BIGINT) <- [674]
2026-08-19T21:37:20.644+09:00 DEBUG 83049 --- [schedule-api] [nio-8080-exec-1] org.hibernate.SQL                        :
    select
        m1_0.member_id,
        m1_0.created_at,
        m1_0.email,
        m1_0.name,
        m1_0.updated_at
    from
        member m1_0
    where
        m1_0.member_id=?
2026-08-19T21:37:20.644+09:00 TRACE 83049 --- [schedule-api] [nio-8080-exec-1] org.hibernate.orm.jdbc.bind              : binding parameter (1:BIGINT) <- [675]
2026-08-19T21:37:20.644+09:00 DEBUG 83049 --- [schedule-api] [nio-8080-exec-1] org.hibernate.SQL                        :
    select
        m1_0.member_id,
        m1_0.created_at,
        m1_0.email,
        m1_0.name,
        m1_0.updated_at
    from
        member m1_0
    where
        m1_0.member_id=?
2026-08-19T21:37:20.644+09:00 TRACE 83049 --- [schedule-api] [nio-8080-exec-1] org.hibernate.orm.jdbc.bind              : binding parameter (1:BIGINT) <- [676]
2026-08-19T21:37:20.644+09:00 DEBUG 83049 --- [schedule-api] [nio-8080-exec-1] org.hibernate.SQL                        :
    select
        m1_0.member_id,
        m1_0.created_at,
        m1_0.email,
        m1_0.name,
        m1_0.updated_at
    from
        member m1_0
    where
        m1_0.member_id=?
2026-08-19T21:37:20.644+09:00 TRACE 83049 --- [schedule-api] [nio-8080-exec-1] org.hibernate.orm.jdbc.bind              : binding parameter (1:BIGINT) <- [677]
2026-08-19T21:37:20.644+09:00 DEBUG 83049 --- [schedule-api] [nio-8080-exec-1] org.hibernate.SQL                        :
    select
        m1_0.member_id,
        m1_0.created_at,
        m1_0.email,
        m1_0.name,
        m1_0.updated_at
    from
        member m1_0
    where
        m1_0.member_id=?
2026-08-19T21:37:20.644+09:00 TRACE 83049 --- [schedule-api] [nio-8080-exec-1] org.hibernate.orm.jdbc.bind              : binding parameter (1:BIGINT) <- [678]
2026-08-19T21:37:20.644+09:00 DEBUG 83049 --- [schedule-api] [nio-8080-exec-1] org.hibernate.SQL                        :
    select
        m1_0.member_id,
        m1_0.created_at,
        m1_0.email,
        m1_0.name,
        m1_0.updated_at
    from
        member m1_0
    where
        m1_0.member_id=?
2026-08-19T21:37:20.644+09:00 TRACE 83049 --- [schedule-api] [nio-8080-exec-1] org.hibernate.orm.jdbc.bind              : binding parameter (1:BIGINT) <- [679]
2026-08-19T21:37:20.644+09:00 DEBUG 83049 --- [schedule-api] [nio-8080-exec-1] org.hibernate.SQL                        :
    select
        m1_0.member_id,
        m1_0.created_at,
        m1_0.email,
        m1_0.name,
        m1_0.updated_at
    from
        member m1_0
    where
        m1_0.member_id=?
2026-08-19T21:37:20.644+09:00 TRACE 83049 --- [schedule-api] [nio-8080-exec-1] org.hibernate.orm.jdbc.bind              : binding parameter (1:BIGINT) <- [680]
2026-08-19T21:37:20.644+09:00 DEBUG 83049 --- [schedule-api] [nio-8080-exec-1] org.hibernate.SQL                        :
    select
        m1_0.member_id,
        m1_0.created_at,
        m1_0.email,
        m1_0.name,
        m1_0.updated_at
    from
        member m1_0
    where
        m1_0.member_id=?
2026-08-19T21:37:20.644+09:00 TRACE 83049 --- [schedule-api] [nio-8080-exec-1] org.hibernate.orm.jdbc.bind              : binding parameter (1:BIGINT) <- [681]
2026-08-19T21:37:20.645+09:00 DEBUG 83049 --- [schedule-api] [nio-8080-exec-1] org.hibernate.SQL                        :
    select
        m1_0.member_id,
        m1_0.created_at,
        m1_0.email,
        m1_0.name,
        m1_0.updated_at
    from
        member m1_0
    where
        m1_0.member_id=?
2026-08-19T21:37:20.645+09:00 TRACE 83049 --- [schedule-api] [nio-8080-exec-1] org.hibernate.orm.jdbc.bind              : binding parameter (1:BIGINT) <- [682]
2026-08-19T21:37:20.645+09:00 DEBUG 83049 --- [schedule-api] [nio-8080-exec-1] org.hibernate.SQL                        :
    select
        m1_0.member_id,
        m1_0.created_at,
        m1_0.email,
        m1_0.name,
        m1_0.updated_at
    from
        member m1_0
    where
        m1_0.member_id=?
2026-08-19T21:37:20.645+09:00 TRACE 83049 --- [schedule-api] [nio-8080-exec-1] org.hibernate.orm.jdbc.bind              : binding parameter (1:BIGINT) <- [683]
2026-08-19T21:37:20.645+09:00 DEBUG 83049 --- [schedule-api] [nio-8080-exec-1] org.hibernate.SQL                        :
    select
        m1_0.member_id,
        m1_0.created_at,
        m1_0.email,
        m1_0.name,
        m1_0.updated_at
    from
        member m1_0
    where
        m1_0.member_id=?
2026-08-19T21:37:20.645+09:00 TRACE 83049 --- [schedule-api] [nio-8080-exec-1] org.hibernate.orm.jdbc.bind              : binding parameter (1:BIGINT) <- [684]
2026-08-19T21:37:20.645+09:00 DEBUG 83049 --- [schedule-api] [nio-8080-exec-1] org.hibernate.SQL                        :
    select
        m1_0.member_id,
        m1_0.created_at,
        m1_0.email,
        m1_0.name,
        m1_0.updated_at
    from
        member m1_0
    where
        m1_0.member_id=?
2026-08-19T21:37:20.645+09:00 TRACE 83049 --- [schedule-api] [nio-8080-exec-1] org.hibernate.orm.jdbc.bind              : binding parameter (1:BIGINT) <- [685]
2026-08-19T21:37:20.645+09:00 DEBUG 83049 --- [schedule-api] [nio-8080-exec-1] org.hibernate.SQL                        :
    select
        m1_0.member_id,
        m1_0.created_at,
        m1_0.email,
        m1_0.name,
        m1_0.updated_at
    from
        member m1_0
    where
        m1_0.member_id=?
2026-08-19T21:37:20.645+09:00 TRACE 83049 --- [schedule-api] [nio-8080-exec-1] org.hibernate.orm.jdbc.bind              : binding parameter (1:BIGINT) <- [686]
2026-08-19T21:37:20.645+09:00 DEBUG 83049 --- [schedule-api] [nio-8080-exec-1] org.hibernate.SQL                        :
    select
        m1_0.member_id,
        m1_0.created_at,
        m1_0.email,
        m1_0.name,
        m1_0.updated_at
    from
        member m1_0
    where
        m1_0.member_id=?
2026-08-19T21:37:20.645+09:00 TRACE 83049 --- [schedule-api] [nio-8080-exec-1] org.hibernate.orm.jdbc.bind              : binding parameter (1:BIGINT) <- [687]
2026-08-19T21:37:20.645+09:00 DEBUG 83049 --- [schedule-api] [nio-8080-exec-1] org.hibernate.SQL                        :
    select
        m1_0.member_id,
        m1_0.created_at,
        m1_0.email,
        m1_0.name,
        m1_0.updated_at
    from
        member m1_0
    where
        m1_0.member_id=?
2026-08-19T21:37:20.645+09:00 TRACE 83049 --- [schedule-api] [nio-8080-exec-1] org.hibernate.orm.jdbc.bind              : binding parameter (1:BIGINT) <- [688]
2026-08-19T21:37:20.645+09:00 DEBUG 83049 --- [schedule-api] [nio-8080-exec-1] org.hibernate.SQL                        :
    select
        m1_0.member_id,
        m1_0.created_at,
        m1_0.email,
        m1_0.name,
        m1_0.updated_at
    from
        member m1_0
    where
        m1_0.member_id=?
2026-08-19T21:37:20.645+09:00 TRACE 83049 --- [schedule-api] [nio-8080-exec-1] org.hibernate.orm.jdbc.bind              : binding parameter (1:BIGINT) <- [689]
2026-08-19T21:37:20.645+09:00 DEBUG 83049 --- [schedule-api] [nio-8080-exec-1] org.hibernate.SQL                        :
    select
        m1_0.member_id,
        m1_0.created_at,
        m1_0.email,
        m1_0.name,
        m1_0.updated_at
    from
        member m1_0
    where
        m1_0.member_id=?
2026-08-19T21:37:20.645+09:00 TRACE 83049 --- [schedule-api] [nio-8080-exec-1] org.hibernate.orm.jdbc.bind              : binding parameter (1:BIGINT) <- [690]
2026-08-19T21:37:20.645+09:00 DEBUG 83049 --- [schedule-api] [nio-8080-exec-1] org.hibernate.SQL                        :
    select
        m1_0.member_id,
        m1_0.created_at,
        m1_0.email,
        m1_0.name,
        m1_0.updated_at
    from
        member m1_0
    where
        m1_0.member_id=?
2026-08-19T21:37:20.645+09:00 TRACE 83049 --- [schedule-api] [nio-8080-exec-1] org.hibernate.orm.jdbc.bind              : binding parameter (1:BIGINT) <- [691]
2026-08-19T21:37:20.645+09:00 DEBUG 83049 --- [schedule-api] [nio-8080-exec-1] org.hibernate.SQL                        :
    select
        m1_0.member_id,
        m1_0.created_at,
        m1_0.email,
        m1_0.name,
        m1_0.updated_at
    from
        member m1_0
    where
        m1_0.member_id=?
2026-08-19T21:37:20.646+09:00 TRACE 83049 --- [schedule-api] [nio-8080-exec-1] org.hibernate.orm.jdbc.bind              : binding parameter (1:BIGINT) <- [692]
2026-08-19T21:37:20.646+09:00 DEBUG 83049 --- [schedule-api] [nio-8080-exec-1] org.hibernate.SQL                        :
    select
        m1_0.member_id,
        m1_0.created_at,
        m1_0.email,
        m1_0.name,
        m1_0.updated_at
    from
        member m1_0
    where
        m1_0.member_id=?
2026-08-19T21:37:20.646+09:00 TRACE 83049 --- [schedule-api] [nio-8080-exec-1] org.hibernate.orm.jdbc.bind              : binding parameter (1:BIGINT) <- [693]
2026-08-19T21:37:20.646+09:00 DEBUG 83049 --- [schedule-api] [nio-8080-exec-1] org.hibernate.SQL                        :
    select
        m1_0.member_id,
        m1_0.created_at,
        m1_0.email,
        m1_0.name,
        m1_0.updated_at
    from
        member m1_0
    where
        m1_0.member_id=?
2026-08-19T21:37:20.646+09:00 TRACE 83049 --- [schedule-api] [nio-8080-exec-1] org.hibernate.orm.jdbc.bind              : binding parameter (1:BIGINT) <- [694]
2026-08-19T21:37:20.646+09:00 DEBUG 83049 --- [schedule-api] [nio-8080-exec-1] org.hibernate.SQL                        :
    select
        m1_0.member_id,
        m1_0.created_at,
        m1_0.email,
        m1_0.name,
        m1_0.updated_at
    from
        member m1_0
    where
        m1_0.member_id=?
2026-08-19T21:37:20.646+09:00 TRACE 83049 --- [schedule-api] [nio-8080-exec-1] org.hibernate.orm.jdbc.bind              : binding parameter (1:BIGINT) <- [695]
2026-08-19T21:37:20.646+09:00 DEBUG 83049 --- [schedule-api] [nio-8080-exec-1] org.hibernate.SQL                        :
    select
        m1_0.member_id,
        m1_0.created_at,
        m1_0.email,
        m1_0.name,
        m1_0.updated_at
    from
        member m1_0
    where
        m1_0.member_id=?
2026-08-19T21:37:20.646+09:00 TRACE 83049 --- [schedule-api] [nio-8080-exec-1] org.hibernate.orm.jdbc.bind              : binding parameter (1:BIGINT) <- [696]
2026-08-19T21:37:20.646+09:00 DEBUG 83049 --- [schedule-api] [nio-8080-exec-1] org.hibernate.SQL                        :
    select
        m1_0.member_id,
        m1_0.created_at,
        m1_0.email,
        m1_0.name,
        m1_0.updated_at
    from
        member m1_0
    where
        m1_0.member_id=?
2026-08-19T21:37:20.646+09:00 TRACE 83049 --- [schedule-api] [nio-8080-exec-1] org.hibernate.orm.jdbc.bind              : binding parameter (1:BIGINT) <- [697]
2026-08-19T21:37:20.646+09:00 DEBUG 83049 --- [schedule-api] [nio-8080-exec-1] org.hibernate.SQL                        :
    select
        m1_0.member_id,
        m1_0.created_at,
        m1_0.email,
        m1_0.name,
        m1_0.updated_at
    from
        member m1_0
    where
        m1_0.member_id=?
2026-08-19T21:37:20.646+09:00 TRACE 83049 --- [schedule-api] [nio-8080-exec-1] org.hibernate.orm.jdbc.bind              : binding parameter (1:BIGINT) <- [698]
2026-08-19T21:37:20.647+09:00 DEBUG 83049 --- [schedule-api] [nio-8080-exec-1] org.hibernate.SQL                        :
    select
        m1_0.member_id,
        m1_0.created_at,
        m1_0.email,
        m1_0.name,
        m1_0.updated_at
    from
        member m1_0
    where
        m1_0.member_id=?
2026-08-19T21:37:20.647+09:00 TRACE 83049 --- [schedule-api] [nio-8080-exec-1] org.hibernate.orm.jdbc.bind              : binding parameter (1:BIGINT) <- [699]
2026-08-19T21:37:20.647+09:00 DEBUG 83049 --- [schedule-api] [nio-8080-exec-1] org.hibernate.SQL                        :
    select
        m1_0.member_id,
        m1_0.created_at,
        m1_0.email,
        m1_0.name,
        m1_0.updated_at
    from
        member m1_0
    where
        m1_0.member_id=?
2026-08-19T21:37:20.647+09:00 TRACE 83049 --- [schedule-api] [nio-8080-exec-1] org.hibernate.orm.jdbc.bind              : binding parameter (1:BIGINT) <- [700]
2026-08-19T21:37:20.647+09:00 DEBUG 83049 --- [schedule-api] [nio-8080-exec-1] org.hibernate.SQL                        :
    select
        m1_0.member_id,
        m1_0.created_at,
        m1_0.email,
        m1_0.name,
        m1_0.updated_at
    from
        member m1_0
    where
        m1_0.member_id=?
2026-08-19T21:37:20.648+09:00 TRACE 83049 --- [schedule-api] [nio-8080-exec-1] org.hibernate.orm.jdbc.bind              : binding parameter (1:BIGINT) <- [701]
2026-08-19T21:37:20.648+09:00 DEBUG 83049 --- [schedule-api] [nio-8080-exec-1] org.hibernate.SQL                        :
    select
        m1_0.member_id,
        m1_0.created_at,
        m1_0.email,
        m1_0.name,
        m1_0.updated_at
    from
        member m1_0
    where
        m1_0.member_id=?
2026-08-19T21:37:20.648+09:00 TRACE 83049 --- [schedule-api] [nio-8080-exec-1] org.hibernate.orm.jdbc.bind              : binding parameter (1:BIGINT) <- [702]
2026-08-19T21:37:20.648+09:00 DEBUG 83049 --- [schedule-api] [nio-8080-exec-1] org.hibernate.SQL                        :
    select
        m1_0.member_id,
        m1_0.created_at,
        m1_0.email,
        m1_0.name,
        m1_0.updated_at
    from
        member m1_0
    where
        m1_0.member_id=?
2026-08-19T21:37:20.648+09:00 TRACE 83049 --- [schedule-api] [nio-8080-exec-1] org.hibernate.orm.jdbc.bind              : binding parameter (1:BIGINT) <- [703]
2026-08-19T21:37:20.649+09:00 DEBUG 83049 --- [schedule-api] [nio-8080-exec-1] org.hibernate.SQL                        :
    select
        m1_0.member_id,
        m1_0.created_at,
        m1_0.email,
        m1_0.name,
        m1_0.updated_at
    from
        member m1_0
    where
        m1_0.member_id=?
2026-08-19T21:37:20.649+09:00 TRACE 83049 --- [schedule-api] [nio-8080-exec-1] org.hibernate.orm.jdbc.bind              : binding parameter (1:BIGINT) <- [704]
2026-08-19T21:37:20.649+09:00 DEBUG 83049 --- [schedule-api] [nio-8080-exec-1] org.hibernate.SQL                        :
    select
        m1_0.member_id,
        m1_0.created_at,
        m1_0.email,
        m1_0.name,
        m1_0.updated_at
    from
        member m1_0
    where
        m1_0.member_id=?
2026-08-19T21:37:20.649+09:00 TRACE 83049 --- [schedule-api] [nio-8080-exec-1] org.hibernate.orm.jdbc.bind              : binding parameter (1:BIGINT) <- [705]
2026-08-19T21:37:20.649+09:00 DEBUG 83049 --- [schedule-api] [nio-8080-exec-1] org.hibernate.SQL                        :
    select
        m1_0.member_id,
        m1_0.created_at,
        m1_0.email,
        m1_0.name,
        m1_0.updated_at
    from
        member m1_0
    where
        m1_0.member_id=?
2026-08-19T21:37:20.649+09:00 TRACE 83049 --- [schedule-api] [nio-8080-exec-1] org.hibernate.orm.jdbc.bind              : binding parameter (1:BIGINT) <- [706]
2026-08-19T21:37:20.649+09:00 DEBUG 83049 --- [schedule-api] [nio-8080-exec-1] org.hibernate.SQL                        :
    select
        m1_0.member_id,
        m1_0.created_at,
        m1_0.email,
        m1_0.name,
        m1_0.updated_at
    from
        member m1_0
    where
        m1_0.member_id=?
2026-08-19T21:37:20.649+09:00 TRACE 83049 --- [schedule-api] [nio-8080-exec-1] org.hibernate.orm.jdbc.bind              : binding parameter (1:BIGINT) <- [707]
2026-08-19T21:37:20.649+09:00 DEBUG 83049 --- [schedule-api] [nio-8080-exec-1] org.hibernate.SQL                        :
    select
        m1_0.member_id,
        m1_0.created_at,
        m1_0.email,
        m1_0.name,
        m1_0.updated_at
    from
        member m1_0
    where
        m1_0.member_id=?
2026-08-19T21:37:20.649+09:00 TRACE 83049 --- [schedule-api] [nio-8080-exec-1] org.hibernate.orm.jdbc.bind              : binding parameter (1:BIGINT) <- [708]
2026-08-19T21:37:20.649+09:00 DEBUG 83049 --- [schedule-api] [nio-8080-exec-1] org.hibernate.SQL                        :
    select
        m1_0.member_id,
        m1_0.created_at,
        m1_0.email,
        m1_0.name,
        m1_0.updated_at
    from
        member m1_0
    where
        m1_0.member_id=?
2026-08-19T21:37:20.649+09:00 TRACE 83049 --- [schedule-api] [nio-8080-exec-1] org.hibernate.orm.jdbc.bind              : binding parameter (1:BIGINT) <- [709]
2026-08-19T21:37:20.649+09:00 DEBUG 83049 --- [schedule-api] [nio-8080-exec-1] org.hibernate.SQL                        :
    select
        m1_0.member_id,
        m1_0.created_at,
        m1_0.email,
        m1_0.name,
        m1_0.updated_at
    from
        member m1_0
    where
        m1_0.member_id=?
2026-08-19T21:37:20.649+09:00 TRACE 83049 --- [schedule-api] [nio-8080-exec-1] org.hibernate.orm.jdbc.bind              : binding parameter (1:BIGINT) <- [710]
2026-08-19T21:37:20.649+09:00 DEBUG 83049 --- [schedule-api] [nio-8080-exec-1] org.hibernate.SQL                        :
    select
        m1_0.member_id,
        m1_0.created_at,
        m1_0.email,
        m1_0.name,
        m1_0.updated_at
    from
        member m1_0
    where
        m1_0.member_id=?
2026-08-19T21:37:20.649+09:00 TRACE 83049 --- [schedule-api] [nio-8080-exec-1] org.hibernate.orm.jdbc.bind              : binding parameter (1:BIGINT) <- [711]
2026-08-19T21:37:20.650+09:00 DEBUG 83049 --- [schedule-api] [nio-8080-exec-1] org.hibernate.SQL                        :
    select
        m1_0.member_id,
        m1_0.created_at,
        m1_0.email,
        m1_0.name,
        m1_0.updated_at
    from
        member m1_0
    where
        m1_0.member_id=?
2026-08-19T21:37:20.650+09:00 TRACE 83049 --- [schedule-api] [nio-8080-exec-1] org.hibernate.orm.jdbc.bind              : binding parameter (1:BIGINT) <- [712]
2026-08-19T21:37:20.650+09:00 DEBUG 83049 --- [schedule-api] [nio-8080-exec-1] org.hibernate.SQL                        :
    select
        m1_0.member_id,
        m1_0.created_at,
        m1_0.email,
        m1_0.name,
        m1_0.updated_at
    from
        member m1_0
    where
        m1_0.member_id=?
2026-08-19T21:37:20.650+09:00 TRACE 83049 --- [schedule-api] [nio-8080-exec-1] org.hibernate.orm.jdbc.bind              : binding parameter (1:BIGINT) <- [713]
2026-08-19T21:37:20.650+09:00 DEBUG 83049 --- [schedule-api] [nio-8080-exec-1] org.hibernate.SQL                        :
    select
        m1_0.member_id,
        m1_0.created_at,
        m1_0.email,
        m1_0.name,
        m1_0.updated_at
    from
        member m1_0
    where
        m1_0.member_id=?
2026-08-19T21:37:20.650+09:00 TRACE 83049 --- [schedule-api] [nio-8080-exec-1] org.hibernate.orm.jdbc.bind              : binding parameter (1:BIGINT) <- [714]
2026-08-19T21:37:20.650+09:00 DEBUG 83049 --- [schedule-api] [nio-8080-exec-1] org.hibernate.SQL                        :
    select
        m1_0.member_id,
        m1_0.created_at,
        m1_0.email,
        m1_0.name,
        m1_0.updated_at
    from
        member m1_0
    where
        m1_0.member_id=?
2026-08-19T21:37:20.650+09:00 TRACE 83049 --- [schedule-api] [nio-8080-exec-1] org.hibernate.orm.jdbc.bind              : binding parameter (1:BIGINT) <- [715]
2026-08-19T21:37:20.650+09:00 DEBUG 83049 --- [schedule-api] [nio-8080-exec-1] org.hibernate.SQL                        :
    select
        m1_0.member_id,
        m1_0.created_at,
        m1_0.email,
        m1_0.name,
        m1_0.updated_at
    from
        member m1_0
    where
        m1_0.member_id=?
2026-08-19T21:37:20.650+09:00 TRACE 83049 --- [schedule-api] [nio-8080-exec-1] org.hibernate.orm.jdbc.bind              : binding parameter (1:BIGINT) <- [716]
2026-08-19T21:37:20.650+09:00 DEBUG 83049 --- [schedule-api] [nio-8080-exec-1] org.hibernate.SQL                        :
    select
        m1_0.member_id,
        m1_0.created_at,
        m1_0.email,
        m1_0.name,
        m1_0.updated_at
    from
        member m1_0
    where
        m1_0.member_id=?
2026-08-19T21:37:20.650+09:00 TRACE 83049 --- [schedule-api] [nio-8080-exec-1] org.hibernate.orm.jdbc.bind              : binding parameter (1:BIGINT) <- [717]
2026-08-19T21:37:20.650+09:00 DEBUG 83049 --- [schedule-api] [nio-8080-exec-1] org.hibernate.SQL                        :
    select
        m1_0.member_id,
        m1_0.created_at,
        m1_0.email,
        m1_0.name,
        m1_0.updated_at
    from
        member m1_0
    where
        m1_0.member_id=?
2026-08-19T21:37:20.650+09:00 TRACE 83049 --- [schedule-api] [nio-8080-exec-1] org.hibernate.orm.jdbc.bind              : binding parameter (1:BIGINT) <- [718]
2026-08-19T21:37:20.650+09:00 DEBUG 83049 --- [schedule-api] [nio-8080-exec-1] org.hibernate.SQL                        :
    select
        m1_0.member_id,
        m1_0.created_at,
        m1_0.email,
        m1_0.name,
        m1_0.updated_at
    from
        member m1_0
    where
        m1_0.member_id=?
2026-08-19T21:37:20.650+09:00 TRACE 83049 --- [schedule-api] [nio-8080-exec-1] org.hibernate.orm.jdbc.bind              : binding parameter (1:BIGINT) <- [719]
2026-08-19T21:37:20.650+09:00 DEBUG 83049 --- [schedule-api] [nio-8080-exec-1] org.hibernate.SQL                        :
    select
        m1_0.member_id,
        m1_0.created_at,
        m1_0.email,
        m1_0.name,
        m1_0.updated_at
    from
        member m1_0
    where
        m1_0.member_id=?
2026-08-19T21:37:20.650+09:00 TRACE 83049 --- [schedule-api] [nio-8080-exec-1] org.hibernate.orm.jdbc.bind              : binding parameter (1:BIGINT) <- [720]
2026-08-19T21:37:20.650+09:00 DEBUG 83049 --- [schedule-api] [nio-8080-exec-1] org.hibernate.SQL                        :
    select
        m1_0.member_id,
        m1_0.created_at,
        m1_0.email,
        m1_0.name,
        m1_0.updated_at
    from
        member m1_0
    where
        m1_0.member_id=?
2026-08-19T21:37:20.650+09:00 TRACE 83049 --- [schedule-api] [nio-8080-exec-1] org.hibernate.orm.jdbc.bind              : binding parameter (1:BIGINT) <- [721]
2026-08-19T21:37:20.651+09:00 DEBUG 83049 --- [schedule-api] [nio-8080-exec-1] org.hibernate.SQL                        :
    select
        m1_0.member_id,
        m1_0.created_at,
        m1_0.email,
        m1_0.name,
        m1_0.updated_at
    from
        member m1_0
    where
        m1_0.member_id=?
2026-08-19T21:37:20.651+09:00 TRACE 83049 --- [schedule-api] [nio-8080-exec-1] org.hibernate.orm.jdbc.bind              : binding parameter (1:BIGINT) <- [722]
2026-08-19T21:37:20.651+09:00 DEBUG 83049 --- [schedule-api] [nio-8080-exec-1] org.hibernate.SQL                        :
    select
        m1_0.member_id,
        m1_0.created_at,
        m1_0.email,
        m1_0.name,
        m1_0.updated_at
    from
        member m1_0
    where
        m1_0.member_id=?
2026-08-19T21:37:20.651+09:00 TRACE 83049 --- [schedule-api] [nio-8080-exec-1] org.hibernate.orm.jdbc.bind              : binding parameter (1:BIGINT) <- [723]
2026-08-19T21:37:20.651+09:00 DEBUG 83049 --- [schedule-api] [nio-8080-exec-1] org.hibernate.SQL                        :
    select
        m1_0.member_id,
        m1_0.created_at,
        m1_0.email,
        m1_0.name,
        m1_0.updated_at
    from
        member m1_0
    where
        m1_0.member_id=?
2026-08-19T21:37:20.651+09:00 TRACE 83049 --- [schedule-api] [nio-8080-exec-1] org.hibernate.orm.jdbc.bind              : binding parameter (1:BIGINT) <- [724]
2026-08-19T21:37:20.651+09:00 DEBUG 83049 --- [schedule-api] [nio-8080-exec-1] org.hibernate.SQL                        :
    select
        m1_0.member_id,
        m1_0.created_at,
        m1_0.email,
        m1_0.name,
        m1_0.updated_at
    from
        member m1_0
    where
        m1_0.member_id=?
2026-08-19T21:37:20.651+09:00 TRACE 83049 --- [schedule-api] [nio-8080-exec-1] org.hibernate.orm.jdbc.bind              : binding parameter (1:BIGINT) <- [725]
2026-08-19T21:37:20.651+09:00 DEBUG 83049 --- [schedule-api] [nio-8080-exec-1] org.hibernate.SQL                        :
    select
        m1_0.member_id,
        m1_0.created_at,
        m1_0.email,
        m1_0.name,
        m1_0.updated_at
    from
        member m1_0
    where
        m1_0.member_id=?
2026-08-19T21:37:20.651+09:00 TRACE 83049 --- [schedule-api] [nio-8080-exec-1] org.hibernate.orm.jdbc.bind              : binding parameter (1:BIGINT) <- [726]
2026-08-19T21:37:20.651+09:00 DEBUG 83049 --- [schedule-api] [nio-8080-exec-1] org.hibernate.SQL                        :
    select
        m1_0.member_id,
        m1_0.created_at,
        m1_0.email,
        m1_0.name,
        m1_0.updated_at
    from
        member m1_0
    where
        m1_0.member_id=?
2026-08-19T21:37:20.651+09:00 TRACE 83049 --- [schedule-api] [nio-8080-exec-1] org.hibernate.orm.jdbc.bind              : binding parameter (1:BIGINT) <- [727]
2026-08-19T21:37:20.651+09:00 DEBUG 83049 --- [schedule-api] [nio-8080-exec-1] org.hibernate.SQL                        :
    select
        m1_0.member_id,
        m1_0.created_at,
        m1_0.email,
        m1_0.name,
        m1_0.updated_at
    from
        member m1_0
    where
        m1_0.member_id=?
2026-08-19T21:37:20.651+09:00 TRACE 83049 --- [schedule-api] [nio-8080-exec-1] org.hibernate.orm.jdbc.bind              : binding parameter (1:BIGINT) <- [728]
2026-08-19T21:37:20.651+09:00 DEBUG 83049 --- [schedule-api] [nio-8080-exec-1] org.hibernate.SQL                        :
    select
        m1_0.member_id,
        m1_0.created_at,
        m1_0.email,
        m1_0.name,
        m1_0.updated_at
    from
        member m1_0
    where
        m1_0.member_id=?
2026-08-19T21:37:20.651+09:00 TRACE 83049 --- [schedule-api] [nio-8080-exec-1] org.hibernate.orm.jdbc.bind              : binding parameter (1:BIGINT) <- [729]
2026-08-19T21:37:20.655+09:00 DEBUG 83049 --- [schedule-api] [nio-8080-exec-1] org.hibernate.SQL                        :
    select
        m1_0.member_id,
        m1_0.created_at,
        m1_0.email,
        m1_0.name,
        m1_0.updated_at
    from
        member m1_0
    where
        m1_0.member_id=?
2026-08-19T21:37:20.655+09:00 TRACE 83049 --- [schedule-api] [nio-8080-exec-1] org.hibernate.orm.jdbc.bind              : binding parameter (1:BIGINT) <- [730]
2026-08-19T21:37:20.655+09:00 DEBUG 83049 --- [schedule-api] [nio-8080-exec-1] org.hibernate.SQL                        :
    select
        m1_0.member_id,
        m1_0.created_at,
        m1_0.email,
        m1_0.name,
        m1_0.updated_at
    from
        member m1_0
    where
        m1_0.member_id=?
2026-08-19T21:37:20.655+09:00 TRACE 83049 --- [schedule-api] [nio-8080-exec-1] org.hibernate.orm.jdbc.bind              : binding parameter (1:BIGINT) <- [731]
2026-08-19T21:37:20.656+09:00 DEBUG 83049 --- [schedule-api] [nio-8080-exec-1] org.hibernate.SQL                        :
    select
        m1_0.member_id,
        m1_0.created_at,
        m1_0.email,
        m1_0.name,
        m1_0.updated_at
    from
        member m1_0
    where
        m1_0.member_id=?
2026-08-19T21:37:20.656+09:00 TRACE 83049 --- [schedule-api] [nio-8080-exec-1] org.hibernate.orm.jdbc.bind              : binding parameter (1:BIGINT) <- [732]
2026-08-19T21:37:20.657+09:00 DEBUG 83049 --- [schedule-api] [nio-8080-exec-1] org.hibernate.SQL                        :
    select
        m1_0.member_id,
        m1_0.created_at,
        m1_0.email,
        m1_0.name,
        m1_0.updated_at
    from
        member m1_0
    where
        m1_0.member_id=?
2026-08-19T21:37:20.657+09:00 TRACE 83049 --- [schedule-api] [nio-8080-exec-1] org.hibernate.orm.jdbc.bind              : binding parameter (1:BIGINT) <- [733]
2026-08-19T21:37:20.657+09:00 DEBUG 83049 --- [schedule-api] [nio-8080-exec-1] org.hibernate.SQL                        :
    select
        m1_0.member_id,
        m1_0.created_at,
        m1_0.email,
        m1_0.name,
        m1_0.updated_at
    from
        member m1_0
    where
        m1_0.member_id=?
2026-08-19T21:37:20.657+09:00 TRACE 83049 --- [schedule-api] [nio-8080-exec-1] org.hibernate.orm.jdbc.bind              : binding parameter (1:BIGINT) <- [734]
2026-08-19T21:37:20.657+09:00 DEBUG 83049 --- [schedule-api] [nio-8080-exec-1] org.hibernate.SQL                        :
    select
        m1_0.member_id,
        m1_0.created_at,
        m1_0.email,
        m1_0.name,
        m1_0.updated_at
    from
        member m1_0
    where
        m1_0.member_id=?
2026-08-19T21:37:20.657+09:00 TRACE 83049 --- [schedule-api] [nio-8080-exec-1] org.hibernate.orm.jdbc.bind              : binding parameter (1:BIGINT) <- [735]
2026-08-19T21:37:20.658+09:00 DEBUG 83049 --- [schedule-api] [nio-8080-exec-1] org.hibernate.SQL                        :
    select
        m1_0.member_id,
        m1_0.created_at,
        m1_0.email,
        m1_0.name,
        m1_0.updated_at
    from
        member m1_0
    where
        m1_0.member_id=?
2026-08-19T21:37:20.658+09:00 TRACE 83049 --- [schedule-api] [nio-8080-exec-1] org.hibernate.orm.jdbc.bind              : binding parameter (1:BIGINT) <- [736]
2026-08-19T21:37:20.658+09:00 DEBUG 83049 --- [schedule-api] [nio-8080-exec-1] org.hibernate.SQL                        :
    select
        m1_0.member_id,
        m1_0.created_at,
        m1_0.email,
        m1_0.name,
        m1_0.updated_at
    from
        member m1_0
    where
        m1_0.member_id=?
2026-08-19T21:37:20.658+09:00 TRACE 83049 --- [schedule-api] [nio-8080-exec-1] org.hibernate.orm.jdbc.bind              : binding parameter (1:BIGINT) <- [737]
2026-08-19T21:37:20.658+09:00 DEBUG 83049 --- [schedule-api] [nio-8080-exec-1] org.hibernate.SQL                        :
    select
        m1_0.member_id,
        m1_0.created_at,
        m1_0.email,
        m1_0.name,
        m1_0.updated_at
    from
        member m1_0
    where
        m1_0.member_id=?
2026-08-19T21:37:20.658+09:00 TRACE 83049 --- [schedule-api] [nio-8080-exec-1] org.hibernate.orm.jdbc.bind              : binding parameter (1:BIGINT) <- [738]
2026-08-19T21:37:20.658+09:00 DEBUG 83049 --- [schedule-api] [nio-8080-exec-1] org.hibernate.SQL                        :
    select
        m1_0.member_id,
        m1_0.created_at,
        m1_0.email,
        m1_0.name,
        m1_0.updated_at
    from
        member m1_0
    where
        m1_0.member_id=?
2026-08-19T21:37:20.658+09:00 TRACE 83049 --- [schedule-api] [nio-8080-exec-1] org.hibernate.orm.jdbc.bind              : binding parameter (1:BIGINT) <- [739]
2026-08-19T21:37:20.658+09:00 DEBUG 83049 --- [schedule-api] [nio-8080-exec-1] org.hibernate.SQL                        :
    select
        m1_0.member_id,
        m1_0.created_at,
        m1_0.email,
        m1_0.name,
        m1_0.updated_at
    from
        member m1_0
    where
        m1_0.member_id=?
2026-08-19T21:37:20.658+09:00 TRACE 83049 --- [schedule-api] [nio-8080-exec-1] org.hibernate.orm.jdbc.bind              : binding parameter (1:BIGINT) <- [740]
2026-08-19T21:37:20.659+09:00 DEBUG 83049 --- [schedule-api] [nio-8080-exec-1] org.hibernate.SQL                        :
    select
        m1_0.member_id,
        m1_0.created_at,
        m1_0.email,
        m1_0.name,
        m1_0.updated_at
    from
        member m1_0
    where
        m1_0.member_id=?
2026-08-19T21:37:20.659+09:00 TRACE 83049 --- [schedule-api] [nio-8080-exec-1] org.hibernate.orm.jdbc.bind              : binding parameter (1:BIGINT) <- [741]
2026-08-19T21:37:20.659+09:00 DEBUG 83049 --- [schedule-api] [nio-8080-exec-1] org.hibernate.SQL                        :
    select
        m1_0.member_id,
        m1_0.created_at,
        m1_0.email,
        m1_0.name,
        m1_0.updated_at
    from
        member m1_0
    where
        m1_0.member_id=?
2026-08-19T21:37:20.659+09:00 TRACE 83049 --- [schedule-api] [nio-8080-exec-1] org.hibernate.orm.jdbc.bind              : binding parameter (1:BIGINT) <- [742]
2026-08-19T21:37:20.659+09:00 DEBUG 83049 --- [schedule-api] [nio-8080-exec-1] org.hibernate.SQL                        :
    select
        m1_0.member_id,
        m1_0.created_at,
        m1_0.email,
        m1_0.name,
        m1_0.updated_at
    from
        member m1_0
    where
        m1_0.member_id=?
2026-08-19T21:37:20.659+09:00 TRACE 83049 --- [schedule-api] [nio-8080-exec-1] org.hibernate.orm.jdbc.bind              : binding parameter (1:BIGINT) <- [743]
2026-08-19T21:37:20.659+09:00 DEBUG 83049 --- [schedule-api] [nio-8080-exec-1] org.hibernate.SQL                        :
    select
        m1_0.member_id,
        m1_0.created_at,
        m1_0.email,
        m1_0.name,
        m1_0.updated_at
    from
        member m1_0
    where
        m1_0.member_id=?
2026-08-19T21:37:20.659+09:00 TRACE 83049 --- [schedule-api] [nio-8080-exec-1] org.hibernate.orm.jdbc.bind              : binding parameter (1:BIGINT) <- [744]
2026-08-19T21:37:20.659+09:00 DEBUG 83049 --- [schedule-api] [nio-8080-exec-1] org.hibernate.SQL                        :
    select
        m1_0.member_id,
        m1_0.created_at,
        m1_0.email,
        m1_0.name,
        m1_0.updated_at
    from
        member m1_0
    where
        m1_0.member_id=?
2026-08-19T21:37:20.659+09:00 TRACE 83049 --- [schedule-api] [nio-8080-exec-1] org.hibernate.orm.jdbc.bind              : binding parameter (1:BIGINT) <- [745]
2026-08-19T21:37:20.659+09:00 DEBUG 83049 --- [schedule-api] [nio-8080-exec-1] org.hibernate.SQL                        :
    select
        m1_0.member_id,
        m1_0.created_at,
        m1_0.email,
        m1_0.name,
        m1_0.updated_at
    from
        member m1_0
    where
        m1_0.member_id=?
2026-08-19T21:37:20.659+09:00 TRACE 83049 --- [schedule-api] [nio-8080-exec-1] org.hibernate.orm.jdbc.bind              : binding parameter (1:BIGINT) <- [746]
2026-08-19T21:37:20.659+09:00 DEBUG 83049 --- [schedule-api] [nio-8080-exec-1] org.hibernate.SQL                        :
    select
        m1_0.member_id,
        m1_0.created_at,
        m1_0.email,
        m1_0.name,
        m1_0.updated_at
    from
        member m1_0
    where
        m1_0.member_id=?
2026-08-19T21:37:20.659+09:00 TRACE 83049 --- [schedule-api] [nio-8080-exec-1] org.hibernate.orm.jdbc.bind              : binding parameter (1:BIGINT) <- [747]
2026-08-19T21:37:20.659+09:00 DEBUG 83049 --- [schedule-api] [nio-8080-exec-1] org.hibernate.SQL                        :
    select
        m1_0.member_id,
        m1_0.created_at,
        m1_0.email,
        m1_0.name,
        m1_0.updated_at
    from
        member m1_0
    where
        m1_0.member_id=?
2026-08-19T21:37:20.659+09:00 TRACE 83049 --- [schedule-api] [nio-8080-exec-1] org.hibernate.orm.jdbc.bind              : binding parameter (1:BIGINT) <- [748]
2026-08-19T21:37:20.659+09:00 DEBUG 83049 --- [schedule-api] [nio-8080-exec-1] org.hibernate.SQL                        :
    select
        m1_0.member_id,
        m1_0.created_at,
        m1_0.email,
        m1_0.name,
        m1_0.updated_at
    from
        member m1_0
    where
        m1_0.member_id=?
2026-08-19T21:37:20.659+09:00 TRACE 83049 --- [schedule-api] [nio-8080-exec-1] org.hibernate.orm.jdbc.bind              : binding parameter (1:BIGINT) <- [749]
2026-08-19T21:37:20.659+09:00 DEBUG 83049 --- [schedule-api] [nio-8080-exec-1] org.hibernate.SQL                        :
    select
        m1_0.member_id,
        m1_0.created_at,
        m1_0.email,
        m1_0.name,
        m1_0.updated_at
    from
        member m1_0
    where
        m1_0.member_id=?
2026-08-19T21:37:20.660+09:00 TRACE 83049 --- [schedule-api] [nio-8080-exec-1] org.hibernate.orm.jdbc.bind              : binding parameter (1:BIGINT) <- [750]
2026-08-19T21:37:20.660+09:00 DEBUG 83049 --- [schedule-api] [nio-8080-exec-1] org.hibernate.SQL                        :
    select
        m1_0.member_id,
        m1_0.created_at,
        m1_0.email,
        m1_0.name,
        m1_0.updated_at
    from
        member m1_0
    where
        m1_0.member_id=?
2026-08-19T21:37:20.660+09:00 TRACE 83049 --- [schedule-api] [nio-8080-exec-1] org.hibernate.orm.jdbc.bind              : binding parameter (1:BIGINT) <- [751]
2026-08-19T21:37:20.660+09:00 DEBUG 83049 --- [schedule-api] [nio-8080-exec-1] org.hibernate.SQL                        :
    select
        m1_0.member_id,
        m1_0.created_at,
        m1_0.email,
        m1_0.name,
        m1_0.updated_at
    from
        member m1_0
    where
        m1_0.member_id=?
2026-08-19T21:37:20.660+09:00 TRACE 83049 --- [schedule-api] [nio-8080-exec-1] org.hibernate.orm.jdbc.bind              : binding parameter (1:BIGINT) <- [752]
2026-08-19T21:37:20.660+09:00 DEBUG 83049 --- [schedule-api] [nio-8080-exec-1] org.hibernate.SQL                        :
    select
        m1_0.member_id,
        m1_0.created_at,
        m1_0.email,
        m1_0.name,
        m1_0.updated_at
    from
        member m1_0
    where
        m1_0.member_id=?
2026-08-19T21:37:20.660+09:00 TRACE 83049 --- [schedule-api] [nio-8080-exec-1] org.hibernate.orm.jdbc.bind              : binding parameter (1:BIGINT) <- [753]
2026-08-19T21:37:20.660+09:00 DEBUG 83049 --- [schedule-api] [nio-8080-exec-1] org.hibernate.SQL                        :
    select
        m1_0.member_id,
        m1_0.created_at,
        m1_0.email,
        m1_0.name,
        m1_0.updated_at
    from
        member m1_0
    where
        m1_0.member_id=?
2026-08-19T21:37:20.660+09:00 TRACE 83049 --- [schedule-api] [nio-8080-exec-1] org.hibernate.orm.jdbc.bind              : binding parameter (1:BIGINT) <- [754]
2026-08-19T21:37:20.660+09:00 DEBUG 83049 --- [schedule-api] [nio-8080-exec-1] org.hibernate.SQL                        :
    select
        m1_0.member_id,
        m1_0.created_at,
        m1_0.email,
        m1_0.name,
        m1_0.updated_at
    from
        member m1_0
    where
        m1_0.member_id=?
2026-08-19T21:37:20.660+09:00 TRACE 83049 --- [schedule-api] [nio-8080-exec-1] org.hibernate.orm.jdbc.bind              : binding parameter (1:BIGINT) <- [755]
2026-08-19T21:37:20.660+09:00 DEBUG 83049 --- [schedule-api] [nio-8080-exec-1] org.hibernate.SQL                        :
    select
        m1_0.member_id,
        m1_0.created_at,
        m1_0.email,
        m1_0.name,
        m1_0.updated_at
    from
        member m1_0
    where
        m1_0.member_id=?
2026-08-19T21:37:20.660+09:00 TRACE 83049 --- [schedule-api] [nio-8080-exec-1] org.hibernate.orm.jdbc.bind              : binding parameter (1:BIGINT) <- [756]
2026-08-19T21:37:20.660+09:00 DEBUG 83049 --- [schedule-api] [nio-8080-exec-1] org.hibernate.SQL                        :
    select
        m1_0.member_id,
        m1_0.created_at,
        m1_0.email,
        m1_0.name,
        m1_0.updated_at
    from
        member m1_0
    where
        m1_0.member_id=?
2026-08-19T21:37:20.660+09:00 TRACE 83049 --- [schedule-api] [nio-8080-exec-1] org.hibernate.orm.jdbc.bind              : binding parameter (1:BIGINT) <- [757]
2026-08-19T21:37:20.660+09:00 DEBUG 83049 --- [schedule-api] [nio-8080-exec-1] org.hibernate.SQL                        :
    select
        m1_0.member_id,
        m1_0.created_at,
        m1_0.email,
        m1_0.name,
        m1_0.updated_at
    from
        member m1_0
    where
        m1_0.member_id=?
2026-08-19T21:37:20.660+09:00 TRACE 83049 --- [schedule-api] [nio-8080-exec-1] org.hibernate.orm.jdbc.bind              : binding parameter (1:BIGINT) <- [758]
2026-08-19T21:37:20.660+09:00 DEBUG 83049 --- [schedule-api] [nio-8080-exec-1] org.hibernate.SQL                        :
    select
        m1_0.member_id,
        m1_0.created_at,
        m1_0.email,
        m1_0.name,
        m1_0.updated_at
    from
        member m1_0
    where
        m1_0.member_id=?
2026-08-19T21:37:20.660+09:00 TRACE 83049 --- [schedule-api] [nio-8080-exec-1] org.hibernate.orm.jdbc.bind              : binding parameter (1:BIGINT) <- [759]
2026-08-19T21:37:20.660+09:00 DEBUG 83049 --- [schedule-api] [nio-8080-exec-1] org.hibernate.SQL                        :
    select
        m1_0.member_id,
        m1_0.created_at,
        m1_0.email,
        m1_0.name,
        m1_0.updated_at
    from
        member m1_0
    where
        m1_0.member_id=?
2026-08-19T21:37:20.660+09:00 TRACE 83049 --- [schedule-api] [nio-8080-exec-1] org.hibernate.orm.jdbc.bind              : binding parameter (1:BIGINT) <- [760]
2026-08-19T21:37:20.661+09:00 DEBUG 83049 --- [schedule-api] [nio-8080-exec-1] org.hibernate.SQL                        :
    select
        m1_0.member_id,
        m1_0.created_at,
        m1_0.email,
        m1_0.name,
        m1_0.updated_at
    from
        member m1_0
    where
        m1_0.member_id=?
2026-08-19T21:37:20.661+09:00 TRACE 83049 --- [schedule-api] [nio-8080-exec-1] org.hibernate.orm.jdbc.bind              : binding parameter (1:BIGINT) <- [761]
2026-08-19T21:37:20.661+09:00 DEBUG 83049 --- [schedule-api] [nio-8080-exec-1] org.hibernate.SQL                        :
    select
        m1_0.member_id,
        m1_0.created_at,
        m1_0.email,
        m1_0.name,
        m1_0.updated_at
    from
        member m1_0
    where
        m1_0.member_id=?
2026-08-19T21:37:20.661+09:00 TRACE 83049 --- [schedule-api] [nio-8080-exec-1] org.hibernate.orm.jdbc.bind              : binding parameter (1:BIGINT) <- [762]
2026-08-19T21:37:20.661+09:00 DEBUG 83049 --- [schedule-api] [nio-8080-exec-1] org.hibernate.SQL                        :
    select
        m1_0.member_id,
        m1_0.created_at,
        m1_0.email,
        m1_0.name,
        m1_0.updated_at
    from
        member m1_0
    where
        m1_0.member_id=?
2026-08-19T21:37:20.661+09:00 TRACE 83049 --- [schedule-api] [nio-8080-exec-1] org.hibernate.orm.jdbc.bind              : binding parameter (1:BIGINT) <- [763]
2026-08-19T21:37:20.661+09:00 DEBUG 83049 --- [schedule-api] [nio-8080-exec-1] org.hibernate.SQL                        :
    select
        m1_0.member_id,
        m1_0.created_at,
        m1_0.email,
        m1_0.name,
        m1_0.updated_at
    from
        member m1_0
    where
        m1_0.member_id=?
2026-08-19T21:37:20.661+09:00 TRACE 83049 --- [schedule-api] [nio-8080-exec-1] org.hibernate.orm.jdbc.bind              : binding parameter (1:BIGINT) <- [764]
2026-08-19T21:37:20.661+09:00 DEBUG 83049 --- [schedule-api] [nio-8080-exec-1] org.hibernate.SQL                        :
    select
        m1_0.member_id,
        m1_0.created_at,
        m1_0.email,
        m1_0.name,
        m1_0.updated_at
    from
        member m1_0
    where
        m1_0.member_id=?
2026-08-19T21:37:20.661+09:00 TRACE 83049 --- [schedule-api] [nio-8080-exec-1] org.hibernate.orm.jdbc.bind              : binding parameter (1:BIGINT) <- [765]
2026-08-19T21:37:20.661+09:00 DEBUG 83049 --- [schedule-api] [nio-8080-exec-1] org.hibernate.SQL                        :
    select
        m1_0.member_id,
        m1_0.created_at,
        m1_0.email,
        m1_0.name,
        m1_0.updated_at
    from
        member m1_0
    where
        m1_0.member_id=?
2026-08-19T21:37:20.661+09:00 TRACE 83049 --- [schedule-api] [nio-8080-exec-1] org.hibernate.orm.jdbc.bind              : binding parameter (1:BIGINT) <- [766]
2026-08-19T21:37:20.661+09:00 DEBUG 83049 --- [schedule-api] [nio-8080-exec-1] org.hibernate.SQL                        :
    select
        m1_0.member_id,
        m1_0.created_at,
        m1_0.email,
        m1_0.name,
        m1_0.updated_at
    from
        member m1_0
    where
        m1_0.member_id=?
2026-08-19T21:37:20.661+09:00 TRACE 83049 --- [schedule-api] [nio-8080-exec-1] org.hibernate.orm.jdbc.bind              : binding parameter (1:BIGINT) <- [767]
2026-08-19T21:37:20.661+09:00 DEBUG 83049 --- [schedule-api] [nio-8080-exec-1] org.hibernate.SQL                        :
    select
        m1_0.member_id,
        m1_0.created_at,
        m1_0.email,
        m1_0.name,
        m1_0.updated_at
    from
        member m1_0
    where
        m1_0.member_id=?
2026-08-19T21:37:20.662+09:00 TRACE 83049 --- [schedule-api] [nio-8080-exec-1] org.hibernate.orm.jdbc.bind              : binding parameter (1:BIGINT) <- [768]
2026-08-19T21:37:20.662+09:00 DEBUG 83049 --- [schedule-api] [nio-8080-exec-1] org.hibernate.SQL                        :
    select
        m1_0.member_id,
        m1_0.created_at,
        m1_0.email,
        m1_0.name,
        m1_0.updated_at
    from
        member m1_0
    where
        m1_0.member_id=?
2026-08-19T21:37:20.662+09:00 TRACE 83049 --- [schedule-api] [nio-8080-exec-1] org.hibernate.orm.jdbc.bind              : binding parameter (1:BIGINT) <- [769]
2026-08-19T21:37:20.662+09:00 DEBUG 83049 --- [schedule-api] [nio-8080-exec-1] org.hibernate.SQL                        :
    select
        m1_0.member_id,
        m1_0.created_at,
        m1_0.email,
        m1_0.name,
        m1_0.updated_at
    from
        member m1_0
    where
        m1_0.member_id=?
2026-08-19T21:37:20.662+09:00 TRACE 83049 --- [schedule-api] [nio-8080-exec-1] org.hibernate.orm.jdbc.bind              : binding parameter (1:BIGINT) <- [770]
2026-08-19T21:37:20.662+09:00 DEBUG 83049 --- [schedule-api] [nio-8080-exec-1] org.hibernate.SQL                        :
    select
        m1_0.member_id,
        m1_0.created_at,
        m1_0.email,
        m1_0.name,
        m1_0.updated_at
    from
        member m1_0
    where
        m1_0.member_id=?
2026-08-19T21:37:20.662+09:00 TRACE 83049 --- [schedule-api] [nio-8080-exec-1] org.hibernate.orm.jdbc.bind              : binding parameter (1:BIGINT) <- [771]
2026-08-19T21:37:20.663+09:00 DEBUG 83049 --- [schedule-api] [nio-8080-exec-1] org.hibernate.SQL                        :
    select
        m1_0.member_id,
        m1_0.created_at,
        m1_0.email,
        m1_0.name,
        m1_0.updated_at
    from
        member m1_0
    where
        m1_0.member_id=?
2026-08-19T21:37:20.663+09:00 TRACE 83049 --- [schedule-api] [nio-8080-exec-1] org.hibernate.orm.jdbc.bind              : binding parameter (1:BIGINT) <- [772]
2026-08-19T21:37:20.663+09:00 DEBUG 83049 --- [schedule-api] [nio-8080-exec-1] org.hibernate.SQL                        :
    select
        m1_0.member_id,
        m1_0.created_at,
        m1_0.email,
        m1_0.name,
        m1_0.updated_at
    from
        member m1_0
    where
        m1_0.member_id=?
2026-08-19T21:37:20.663+09:00 TRACE 83049 --- [schedule-api] [nio-8080-exec-1] org.hibernate.orm.jdbc.bind              : binding parameter (1:BIGINT) <- [773]
2026-08-19T21:37:20.663+09:00 DEBUG 83049 --- [schedule-api] [nio-8080-exec-1] org.hibernate.SQL                        :
    select
        m1_0.member_id,
        m1_0.created_at,
        m1_0.email,
        m1_0.name,
        m1_0.updated_at
    from
        member m1_0
    where
        m1_0.member_id=?
2026-08-19T21:37:20.663+09:00 TRACE 83049 --- [schedule-api] [nio-8080-exec-1] org.hibernate.orm.jdbc.bind              : binding parameter (1:BIGINT) <- [774]
2026-08-19T21:37:20.663+09:00 DEBUG 83049 --- [schedule-api] [nio-8080-exec-1] org.hibernate.SQL                        :
    select
        m1_0.member_id,
        m1_0.created_at,
        m1_0.email,
        m1_0.name,
        m1_0.updated_at
    from
        member m1_0
    where
        m1_0.member_id=?
2026-08-19T21:37:20.663+09:00 TRACE 83049 --- [schedule-api] [nio-8080-exec-1] org.hibernate.orm.jdbc.bind              : binding parameter (1:BIGINT) <- [775]
2026-08-19T21:37:20.667+09:00 DEBUG 83049 --- [schedule-api] [nio-8080-exec-1] org.hibernate.SQL                        :
    select
        m1_0.member_id,
        m1_0.created_at,
        m1_0.email,
        m1_0.name,
        m1_0.updated_at
    from
        member m1_0
    where
        m1_0.member_id=?
2026-08-19T21:37:20.667+09:00 TRACE 83049 --- [schedule-api] [nio-8080-exec-1] org.hibernate.orm.jdbc.bind              : binding parameter (1:BIGINT) <- [776]
2026-08-19T21:37:20.675+09:00 DEBUG 83049 --- [schedule-api] [nio-8080-exec-1] org.hibernate.SQL                        :
    select
        m1_0.member_id,
        m1_0.created_at,
        m1_0.email,
        m1_0.name,
        m1_0.updated_at
    from
        member m1_0
    where
        m1_0.member_id=?
2026-08-19T21:37:20.676+09:00 TRACE 83049 --- [schedule-api] [nio-8080-exec-1] org.hibernate.orm.jdbc.bind              : binding parameter (1:BIGINT) <- [777]
2026-08-19T21:37:20.685+09:00 DEBUG 83049 --- [schedule-api] [nio-8080-exec-1] org.hibernate.SQL                        :
    select
        m1_0.member_id,
        m1_0.created_at,
        m1_0.email,
        m1_0.name,
        m1_0.updated_at
    from
        member m1_0
    where
        m1_0.member_id=?
2026-08-19T21:37:20.685+09:00 TRACE 83049 --- [schedule-api] [nio-8080-exec-1] org.hibernate.orm.jdbc.bind              : binding parameter (1:BIGINT) <- [778]
2026-08-19T21:37:20.690+09:00 DEBUG 83049 --- [schedule-api] [nio-8080-exec-1] org.hibernate.SQL                        :
    select
        m1_0.member_id,
        m1_0.created_at,
        m1_0.email,
        m1_0.name,
        m1_0.updated_at
    from
        member m1_0
    where
        m1_0.member_id=?
2026-08-19T21:37:20.690+09:00 TRACE 83049 --- [schedule-api] [nio-8080-exec-1] org.hibernate.orm.jdbc.bind              : binding parameter (1:BIGINT) <- [779]
2026-08-19T21:37:20.692+09:00 DEBUG 83049 --- [schedule-api] [nio-8080-exec-1] org.hibernate.SQL                        :
    select
        m1_0.member_id,
        m1_0.created_at,
        m1_0.email,
        m1_0.name,
        m1_0.updated_at
    from
        member m1_0
    where
        m1_0.member_id=?
2026-08-19T21:37:20.692+09:00 TRACE 83049 --- [schedule-api] [nio-8080-exec-1] org.hibernate.orm.jdbc.bind              : binding parameter (1:BIGINT) <- [780]
2026-08-19T21:37:20.694+09:00 DEBUG 83049 --- [schedule-api] [nio-8080-exec-1] org.hibernate.SQL                        :
    select
        m1_0.member_id,
        m1_0.created_at,
        m1_0.email,
        m1_0.name,
        m1_0.updated_at
    from
        member m1_0
    where
        m1_0.member_id=?
2026-08-19T21:37:20.694+09:00 TRACE 83049 --- [schedule-api] [nio-8080-exec-1] org.hibernate.orm.jdbc.bind              : binding parameter (1:BIGINT) <- [781]
2026-08-19T21:37:20.694+09:00 DEBUG 83049 --- [schedule-api] [nio-8080-exec-1] org.hibernate.SQL                        :
    select
        m1_0.member_id,
        m1_0.created_at,
        m1_0.email,
        m1_0.name,
        m1_0.updated_at
    from
        member m1_0
    where
        m1_0.member_id=?
2026-08-19T21:37:20.694+09:00 TRACE 83049 --- [schedule-api] [nio-8080-exec-1] org.hibernate.orm.jdbc.bind              : binding parameter (1:BIGINT) <- [782]
2026-08-19T21:37:20.694+09:00 DEBUG 83049 --- [schedule-api] [nio-8080-exec-1] org.hibernate.SQL                        :
    select
        m1_0.member_id,
        m1_0.created_at,
        m1_0.email,
        m1_0.name,
        m1_0.updated_at
    from
        member m1_0
    where
        m1_0.member_id=?
2026-08-19T21:37:20.694+09:00 TRACE 83049 --- [schedule-api] [nio-8080-exec-1] org.hibernate.orm.jdbc.bind              : binding parameter (1:BIGINT) <- [783]
2026-08-19T21:37:20.694+09:00 DEBUG 83049 --- [schedule-api] [nio-8080-exec-1] org.hibernate.SQL                        :
    select
        m1_0.member_id,
        m1_0.created_at,
        m1_0.email,
        m1_0.name,
        m1_0.updated_at
    from
        member m1_0
    where
        m1_0.member_id=?
2026-08-19T21:37:20.694+09:00 TRACE 83049 --- [schedule-api] [nio-8080-exec-1] org.hibernate.orm.jdbc.bind              : binding parameter (1:BIGINT) <- [784]
2026-08-19T21:37:20.694+09:00 DEBUG 83049 --- [schedule-api] [nio-8080-exec-1] org.hibernate.SQL                        :
    select
        m1_0.member_id,
        m1_0.created_at,
        m1_0.email,
        m1_0.name,
        m1_0.updated_at
    from
        member m1_0
    where
        m1_0.member_id=?
2026-08-19T21:37:20.694+09:00 TRACE 83049 --- [schedule-api] [nio-8080-exec-1] org.hibernate.orm.jdbc.bind              : binding parameter (1:BIGINT) <- [785]
2026-08-19T21:37:20.695+09:00 DEBUG 83049 --- [schedule-api] [nio-8080-exec-1] org.hibernate.SQL                        :
    select
        m1_0.member_id,
        m1_0.created_at,
        m1_0.email,
        m1_0.name,
        m1_0.updated_at
    from
        member m1_0
    where
        m1_0.member_id=?
2026-08-19T21:37:20.695+09:00 TRACE 83049 --- [schedule-api] [nio-8080-exec-1] org.hibernate.orm.jdbc.bind              : binding parameter (1:BIGINT) <- [786]
2026-08-19T21:37:20.695+09:00 DEBUG 83049 --- [schedule-api] [nio-8080-exec-1] org.hibernate.SQL                        :
    select
        m1_0.member_id,
        m1_0.created_at,
        m1_0.email,
        m1_0.name,
        m1_0.updated_at
    from
        member m1_0
    where
        m1_0.member_id=?
2026-08-19T21:37:20.695+09:00 TRACE 83049 --- [schedule-api] [nio-8080-exec-1] org.hibernate.orm.jdbc.bind              : binding parameter (1:BIGINT) <- [787]
2026-08-19T21:37:20.695+09:00 DEBUG 83049 --- [schedule-api] [nio-8080-exec-1] org.hibernate.SQL                        :
    select
        m1_0.member_id,
        m1_0.created_at,
        m1_0.email,
        m1_0.name,
        m1_0.updated_at
    from
        member m1_0
    where
        m1_0.member_id=?
2026-08-19T21:37:20.695+09:00 TRACE 83049 --- [schedule-api] [nio-8080-exec-1] org.hibernate.orm.jdbc.bind              : binding parameter (1:BIGINT) <- [788]
2026-08-19T21:37:20.695+09:00 DEBUG 83049 --- [schedule-api] [nio-8080-exec-1] org.hibernate.SQL                        :
    select
        m1_0.member_id,
        m1_0.created_at,
        m1_0.email,
        m1_0.name,
        m1_0.updated_at
    from
        member m1_0
    where
        m1_0.member_id=?
2026-08-19T21:37:20.695+09:00 TRACE 83049 --- [schedule-api] [nio-8080-exec-1] org.hibernate.orm.jdbc.bind              : binding parameter (1:BIGINT) <- [789]
2026-08-19T21:37:20.695+09:00 DEBUG 83049 --- [schedule-api] [nio-8080-exec-1] org.hibernate.SQL                        :
    select
        m1_0.member_id,
        m1_0.created_at,
        m1_0.email,
        m1_0.name,
        m1_0.updated_at
    from
        member m1_0
    where
        m1_0.member_id=?
2026-08-19T21:37:20.695+09:00 TRACE 83049 --- [schedule-api] [nio-8080-exec-1] org.hibernate.orm.jdbc.bind              : binding parameter (1:BIGINT) <- [790]
2026-08-19T21:37:20.695+09:00 DEBUG 83049 --- [schedule-api] [nio-8080-exec-1] org.hibernate.SQL                        :
    select
        m1_0.member_id,
        m1_0.created_at,
        m1_0.email,
        m1_0.name,
        m1_0.updated_at
    from
        member m1_0
    where
        m1_0.member_id=?
2026-08-19T21:37:20.695+09:00 TRACE 83049 --- [schedule-api] [nio-8080-exec-1] org.hibernate.orm.jdbc.bind              : binding parameter (1:BIGINT) <- [791]
2026-08-19T21:37:20.695+09:00 DEBUG 83049 --- [schedule-api] [nio-8080-exec-1] org.hibernate.SQL                        :
    select
        m1_0.member_id,
        m1_0.created_at,
        m1_0.email,
        m1_0.name,
        m1_0.updated_at
    from
        member m1_0
    where
        m1_0.member_id=?
2026-08-19T21:37:20.695+09:00 TRACE 83049 --- [schedule-api] [nio-8080-exec-1] org.hibernate.orm.jdbc.bind              : binding parameter (1:BIGINT) <- [792]
2026-08-19T21:37:20.695+09:00 DEBUG 83049 --- [schedule-api] [nio-8080-exec-1] org.hibernate.SQL                        :
    select
        m1_0.member_id,
        m1_0.created_at,
        m1_0.email,
        m1_0.name,
        m1_0.updated_at
    from
        member m1_0
    where
        m1_0.member_id=?
2026-08-19T21:37:20.695+09:00 TRACE 83049 --- [schedule-api] [nio-8080-exec-1] org.hibernate.orm.jdbc.bind              : binding parameter (1:BIGINT) <- [793]
2026-08-19T21:37:20.695+09:00 DEBUG 83049 --- [schedule-api] [nio-8080-exec-1] org.hibernate.SQL                        :
    select
        m1_0.member_id,
        m1_0.created_at,
        m1_0.email,
        m1_0.name,
        m1_0.updated_at
    from
        member m1_0
    where
        m1_0.member_id=?
2026-08-19T21:37:20.695+09:00 TRACE 83049 --- [schedule-api] [nio-8080-exec-1] org.hibernate.orm.jdbc.bind              : binding parameter (1:BIGINT) <- [794]
2026-08-19T21:37:20.695+09:00 DEBUG 83049 --- [schedule-api] [nio-8080-exec-1] org.hibernate.SQL                        :
    select
        m1_0.member_id,
        m1_0.created_at,
        m1_0.email,
        m1_0.name,
        m1_0.updated_at
    from
        member m1_0
    where
        m1_0.member_id=?
2026-08-19T21:37:20.695+09:00 TRACE 83049 --- [schedule-api] [nio-8080-exec-1] org.hibernate.orm.jdbc.bind              : binding parameter (1:BIGINT) <- [795]
2026-08-19T21:37:20.695+09:00 DEBUG 83049 --- [schedule-api] [nio-8080-exec-1] org.hibernate.SQL                        :
    select
        m1_0.member_id,
        m1_0.created_at,
        m1_0.email,
        m1_0.name,
        m1_0.updated_at
    from
        member m1_0
    where
        m1_0.member_id=?
2026-08-19T21:37:20.695+09:00 TRACE 83049 --- [schedule-api] [nio-8080-exec-1] org.hibernate.orm.jdbc.bind              : binding parameter (1:BIGINT) <- [796]
2026-08-19T21:37:20.696+09:00 DEBUG 83049 --- [schedule-api] [nio-8080-exec-1] org.hibernate.SQL                        :
    select
        m1_0.member_id,
        m1_0.created_at,
        m1_0.email,
        m1_0.name,
        m1_0.updated_at
    from
        member m1_0
    where
        m1_0.member_id=?
2026-08-19T21:37:20.696+09:00 TRACE 83049 --- [schedule-api] [nio-8080-exec-1] org.hibernate.orm.jdbc.bind              : binding parameter (1:BIGINT) <- [797]
2026-08-19T21:37:20.696+09:00 DEBUG 83049 --- [schedule-api] [nio-8080-exec-1] org.hibernate.SQL                        :
    select
        m1_0.member_id,
        m1_0.created_at,
        m1_0.email,
        m1_0.name,
        m1_0.updated_at
    from
        member m1_0
    where
        m1_0.member_id=?
2026-08-19T21:37:20.696+09:00 TRACE 83049 --- [schedule-api] [nio-8080-exec-1] org.hibernate.orm.jdbc.bind              : binding parameter (1:BIGINT) <- [798]
2026-08-19T21:37:20.696+09:00 DEBUG 83049 --- [schedule-api] [nio-8080-exec-1] org.hibernate.SQL                        :
    select
        m1_0.member_id,
        m1_0.created_at,
        m1_0.email,
        m1_0.name,
        m1_0.updated_at
    from
        member m1_0
    where
        m1_0.member_id=?
2026-08-19T21:37:20.696+09:00 TRACE 83049 --- [schedule-api] [nio-8080-exec-1] org.hibernate.orm.jdbc.bind              : binding parameter (1:BIGINT) <- [799]
2026-08-19T21:37:20.696+09:00 DEBUG 83049 --- [schedule-api] [nio-8080-exec-1] org.hibernate.SQL                        :
    select
        m1_0.member_id,
        m1_0.created_at,
        m1_0.email,
        m1_0.name,
        m1_0.updated_at
    from
        member m1_0
    where
        m1_0.member_id=?
2026-08-19T21:37:20.696+09:00 TRACE 83049 --- [schedule-api] [nio-8080-exec-1] org.hibernate.orm.jdbc.bind              : binding parameter (1:BIGINT) <- [800]
2026-08-19T21:37:20.696+09:00 DEBUG 83049 --- [schedule-api] [nio-8080-exec-1] org.hibernate.SQL                        :
    select
        m1_0.member_id,
        m1_0.created_at,
        m1_0.email,
        m1_0.name,
        m1_0.updated_at
    from
        member m1_0
    where
        m1_0.member_id=?
2026-08-19T21:37:20.696+09:00 TRACE 83049 --- [schedule-api] [nio-8080-exec-1] org.hibernate.orm.jdbc.bind              : binding parameter (1:BIGINT) <- [801]
2026-08-19T21:37:20.696+09:00 DEBUG 83049 --- [schedule-api] [nio-8080-exec-1] org.hibernate.SQL                        :
    select
        m1_0.member_id,
        m1_0.created_at,
        m1_0.email,
        m1_0.name,
        m1_0.updated_at
    from
        member m1_0
    where
        m1_0.member_id=?
2026-08-19T21:37:20.696+09:00 TRACE 83049 --- [schedule-api] [nio-8080-exec-1] org.hibernate.orm.jdbc.bind              : binding parameter (1:BIGINT) <- [802]
2026-08-19T21:37:20.696+09:00 DEBUG 83049 --- [schedule-api] [nio-8080-exec-1] org.hibernate.SQL                        :
    select
        m1_0.member_id,
        m1_0.created_at,
        m1_0.email,
        m1_0.name,
        m1_0.updated_at
    from
        member m1_0
    where
        m1_0.member_id=?
2026-08-19T21:37:20.696+09:00 TRACE 83049 --- [schedule-api] [nio-8080-exec-1] org.hibernate.orm.jdbc.bind              : binding parameter (1:BIGINT) <- [803]
2026-08-19T21:37:20.696+09:00 DEBUG 83049 --- [schedule-api] [nio-8080-exec-1] org.hibernate.SQL                        :
    select
        m1_0.member_id,
        m1_0.created_at,
        m1_0.email,
        m1_0.name,
        m1_0.updated_at
    from
        member m1_0
    where
        m1_0.member_id=?
2026-08-19T21:37:20.696+09:00 TRACE 83049 --- [schedule-api] [nio-8080-exec-1] org.hibernate.orm.jdbc.bind              : binding parameter (1:BIGINT) <- [804]
2026-08-19T21:37:20.696+09:00 DEBUG 83049 --- [schedule-api] [nio-8080-exec-1] org.hibernate.SQL                        :
    select
        m1_0.member_id,
        m1_0.created_at,
        m1_0.email,
        m1_0.name,
        m1_0.updated_at
    from
        member m1_0
    where
        m1_0.member_id=?
2026-08-19T21:37:20.696+09:00 TRACE 83049 --- [schedule-api] [nio-8080-exec-1] org.hibernate.orm.jdbc.bind              : binding parameter (1:BIGINT) <- [805]
2026-08-19T21:37:20.696+09:00 DEBUG 83049 --- [schedule-api] [nio-8080-exec-1] org.hibernate.SQL                        :
    select
        m1_0.member_id,
        m1_0.created_at,
        m1_0.email,
        m1_0.name,
        m1_0.updated_at
    from
        member m1_0
    where
        m1_0.member_id=?
2026-08-19T21:37:20.697+09:00 TRACE 83049 --- [schedule-api] [nio-8080-exec-1] org.hibernate.orm.jdbc.bind              : binding parameter (1:BIGINT) <- [806]
2026-08-19T21:37:20.697+09:00 DEBUG 83049 --- [schedule-api] [nio-8080-exec-1] org.hibernate.SQL                        :
    select
        m1_0.member_id,
        m1_0.created_at,
        m1_0.email,
        m1_0.name,
        m1_0.updated_at
    from
        member m1_0
    where
        m1_0.member_id=?
2026-08-19T21:37:20.697+09:00 TRACE 83049 --- [schedule-api] [nio-8080-exec-1] org.hibernate.orm.jdbc.bind              : binding parameter (1:BIGINT) <- [807]
2026-08-19T21:37:20.697+09:00 DEBUG 83049 --- [schedule-api] [nio-8080-exec-1] org.hibernate.SQL                        :
    select
        m1_0.member_id,
        m1_0.created_at,
        m1_0.email,
        m1_0.name,
        m1_0.updated_at
    from
        member m1_0
    where
        m1_0.member_id=?
2026-08-19T21:37:20.697+09:00 TRACE 83049 --- [schedule-api] [nio-8080-exec-1] org.hibernate.orm.jdbc.bind              : binding parameter (1:BIGINT) <- [808]
2026-08-19T21:37:20.697+09:00 DEBUG 83049 --- [schedule-api] [nio-8080-exec-1] org.hibernate.SQL                        :
    select
        m1_0.member_id,
        m1_0.created_at,
        m1_0.email,
        m1_0.name,
        m1_0.updated_at
    from
        member m1_0
    where
        m1_0.member_id=?
2026-08-19T21:37:20.697+09:00 TRACE 83049 --- [schedule-api] [nio-8080-exec-1] org.hibernate.orm.jdbc.bind              : binding parameter (1:BIGINT) <- [809]
2026-08-19T21:37:20.697+09:00 DEBUG 83049 --- [schedule-api] [nio-8080-exec-1] org.hibernate.SQL                        :
    select
        m1_0.member_id,
        m1_0.created_at,
        m1_0.email,
        m1_0.name,
        m1_0.updated_at
    from
        member m1_0
    where
        m1_0.member_id=?
2026-08-19T21:37:20.697+09:00 TRACE 83049 --- [schedule-api] [nio-8080-exec-1] org.hibernate.orm.jdbc.bind              : binding parameter (1:BIGINT) <- [810]
2026-08-19T21:37:20.697+09:00 DEBUG 83049 --- [schedule-api] [nio-8080-exec-1] org.hibernate.SQL                        :
    select
        m1_0.member_id,
        m1_0.created_at,
        m1_0.email,
        m1_0.name,
        m1_0.updated_at
    from
        member m1_0
    where
        m1_0.member_id=?
2026-08-19T21:37:20.697+09:00 TRACE 83049 --- [schedule-api] [nio-8080-exec-1] org.hibernate.orm.jdbc.bind              : binding parameter (1:BIGINT) <- [811]
2026-08-19T21:37:20.697+09:00 DEBUG 83049 --- [schedule-api] [nio-8080-exec-1] org.hibernate.SQL                        :
    select
        m1_0.member_id,
        m1_0.created_at,
        m1_0.email,
        m1_0.name,
        m1_0.updated_at
    from
        member m1_0
    where
        m1_0.member_id=?
2026-08-19T21:37:20.697+09:00 TRACE 83049 --- [schedule-api] [nio-8080-exec-1] org.hibernate.orm.jdbc.bind              : binding parameter (1:BIGINT) <- [812]
2026-08-19T21:37:20.697+09:00 DEBUG 83049 --- [schedule-api] [nio-8080-exec-1] org.hibernate.SQL                        :
    select
        m1_0.member_id,
        m1_0.created_at,
        m1_0.email,
        m1_0.name,
        m1_0.updated_at
    from
        member m1_0
    where
        m1_0.member_id=?
2026-08-19T21:37:20.697+09:00 TRACE 83049 --- [schedule-api] [nio-8080-exec-1] org.hibernate.orm.jdbc.bind              : binding parameter (1:BIGINT) <- [813]
2026-08-19T21:37:20.697+09:00 DEBUG 83049 --- [schedule-api] [nio-8080-exec-1] org.hibernate.SQL                        :
    select
        m1_0.member_id,
        m1_0.created_at,
        m1_0.email,
        m1_0.name,
        m1_0.updated_at
    from
        member m1_0
    where
        m1_0.member_id=?
2026-08-19T21:37:20.697+09:00 TRACE 83049 --- [schedule-api] [nio-8080-exec-1] org.hibernate.orm.jdbc.bind              : binding parameter (1:BIGINT) <- [814]
2026-08-19T21:37:20.698+09:00 DEBUG 83049 --- [schedule-api] [nio-8080-exec-1] org.hibernate.SQL                        :
    select
        m1_0.member_id,
        m1_0.created_at,
        m1_0.email,
        m1_0.name,
        m1_0.updated_at
    from
        member m1_0
    where
        m1_0.member_id=?
2026-08-19T21:37:20.700+09:00 TRACE 83049 --- [schedule-api] [nio-8080-exec-1] org.hibernate.orm.jdbc.bind              : binding parameter (1:BIGINT) <- [815]
2026-08-19T21:37:20.701+09:00 DEBUG 83049 --- [schedule-api] [nio-8080-exec-1] org.hibernate.SQL                        :
    select
        m1_0.member_id,
        m1_0.created_at,
        m1_0.email,
        m1_0.name,
        m1_0.updated_at
    from
        member m1_0
    where
        m1_0.member_id=?
2026-08-19T21:37:20.701+09:00 TRACE 83049 --- [schedule-api] [nio-8080-exec-1] org.hibernate.orm.jdbc.bind              : binding parameter (1:BIGINT) <- [816]
2026-08-19T21:37:20.701+09:00 DEBUG 83049 --- [schedule-api] [nio-8080-exec-1] org.hibernate.SQL                        :
    select
        m1_0.member_id,
        m1_0.created_at,
        m1_0.email,
        m1_0.name,
        m1_0.updated_at
    from
        member m1_0
    where
        m1_0.member_id=?
2026-08-19T21:37:20.701+09:00 TRACE 83049 --- [schedule-api] [nio-8080-exec-1] org.hibernate.orm.jdbc.bind              : binding parameter (1:BIGINT) <- [817]
2026-08-19T21:37:20.702+09:00 DEBUG 83049 --- [schedule-api] [nio-8080-exec-1] org.hibernate.SQL                        :
    select
        m1_0.member_id,
        m1_0.created_at,
        m1_0.email,
        m1_0.name,
        m1_0.updated_at
    from
        member m1_0
    where
        m1_0.member_id=?
2026-08-19T21:37:20.702+09:00 TRACE 83049 --- [schedule-api] [nio-8080-exec-1] org.hibernate.orm.jdbc.bind              : binding parameter (1:BIGINT) <- [818]
2026-08-19T21:37:20.702+09:00 DEBUG 83049 --- [schedule-api] [nio-8080-exec-1] org.hibernate.SQL                        :
    select
        m1_0.member_id,
        m1_0.created_at,
        m1_0.email,
        m1_0.name,
        m1_0.updated_at
    from
        member m1_0
    where
        m1_0.member_id=?
2026-08-19T21:37:20.702+09:00 TRACE 83049 --- [schedule-api] [nio-8080-exec-1] org.hibernate.orm.jdbc.bind              : binding parameter (1:BIGINT) <- [819]
2026-08-19T21:37:20.702+09:00 DEBUG 83049 --- [schedule-api] [nio-8080-exec-1] org.hibernate.SQL                        :
    select
        m1_0.member_id,
        m1_0.created_at,
        m1_0.email,
        m1_0.name,
        m1_0.updated_at
    from
        member m1_0
    where
        m1_0.member_id=?
2026-08-19T21:37:20.702+09:00 TRACE 83049 --- [schedule-api] [nio-8080-exec-1] org.hibernate.orm.jdbc.bind              : binding parameter (1:BIGINT) <- [820]
2026-08-19T21:37:20.702+09:00 DEBUG 83049 --- [schedule-api] [nio-8080-exec-1] org.hibernate.SQL                        :
    select
        m1_0.member_id,
        m1_0.created_at,
        m1_0.email,
        m1_0.name,
        m1_0.updated_at
    from
        member m1_0
    where
        m1_0.member_id=?
2026-08-19T21:37:20.702+09:00 TRACE 83049 --- [schedule-api] [nio-8080-exec-1] org.hibernate.orm.jdbc.bind              : binding parameter (1:BIGINT) <- [821]
2026-08-19T21:37:20.703+09:00 DEBUG 83049 --- [schedule-api] [nio-8080-exec-1] org.hibernate.SQL                        :
    select
        m1_0.member_id,
        m1_0.created_at,
        m1_0.email,
        m1_0.name,
        m1_0.updated_at
    from
        member m1_0
    where
        m1_0.member_id=?
2026-08-19T21:37:20.703+09:00 TRACE 83049 --- [schedule-api] [nio-8080-exec-1] org.hibernate.orm.jdbc.bind              : binding parameter (1:BIGINT) <- [822]
2026-08-19T21:37:20.703+09:00 DEBUG 83049 --- [schedule-api] [nio-8080-exec-1] org.hibernate.SQL                        :
    select
        m1_0.member_id,
        m1_0.created_at,
        m1_0.email,
        m1_0.name,
        m1_0.updated_at
    from
        member m1_0
    where
        m1_0.member_id=?
2026-08-19T21:37:20.703+09:00 TRACE 83049 --- [schedule-api] [nio-8080-exec-1] org.hibernate.orm.jdbc.bind              : binding parameter (1:BIGINT) <- [823]
2026-08-19T21:37:20.703+09:00 DEBUG 83049 --- [schedule-api] [nio-8080-exec-1] org.hibernate.SQL                        :
    select
        m1_0.member_id,
        m1_0.created_at,
        m1_0.email,
        m1_0.name,
        m1_0.updated_at
    from
        member m1_0
    where
        m1_0.member_id=?
2026-08-19T21:37:20.703+09:00 TRACE 83049 --- [schedule-api] [nio-8080-exec-1] org.hibernate.orm.jdbc.bind              : binding parameter (1:BIGINT) <- [824]
2026-08-19T21:37:20.704+09:00 DEBUG 83049 --- [schedule-api] [nio-8080-exec-1] org.hibernate.SQL                        :
    select
        m1_0.member_id,
        m1_0.created_at,
        m1_0.email,
        m1_0.name,
        m1_0.updated_at
    from
        member m1_0
    where
        m1_0.member_id=?
2026-08-19T21:37:20.704+09:00 TRACE 83049 --- [schedule-api] [nio-8080-exec-1] org.hibernate.orm.jdbc.bind              : binding parameter (1:BIGINT) <- [825]
2026-08-19T21:37:20.705+09:00 DEBUG 83049 --- [schedule-api] [nio-8080-exec-1] org.hibernate.SQL                        :
    select
        m1_0.member_id,
        m1_0.created_at,
        m1_0.email,
        m1_0.name,
        m1_0.updated_at
    from
        member m1_0
    where
        m1_0.member_id=?
2026-08-19T21:37:20.705+09:00 TRACE 83049 --- [schedule-api] [nio-8080-exec-1] org.hibernate.orm.jdbc.bind              : binding parameter (1:BIGINT) <- [826]
2026-08-19T21:37:20.705+09:00 DEBUG 83049 --- [schedule-api] [nio-8080-exec-1] org.hibernate.SQL                        :
    select
        m1_0.member_id,
        m1_0.created_at,
        m1_0.email,
        m1_0.name,
        m1_0.updated_at
    from
        member m1_0
    where
        m1_0.member_id=?
2026-08-19T21:37:20.705+09:00 TRACE 83049 --- [schedule-api] [nio-8080-exec-1] org.hibernate.orm.jdbc.bind              : binding parameter (1:BIGINT) <- [827]
2026-08-19T21:37:20.705+09:00 DEBUG 83049 --- [schedule-api] [nio-8080-exec-1] org.hibernate.SQL                        :
    select
        m1_0.member_id,
        m1_0.created_at,
        m1_0.email,
        m1_0.name,
        m1_0.updated_at
    from
        member m1_0
    where
        m1_0.member_id=?
2026-08-19T21:37:20.705+09:00 TRACE 83049 --- [schedule-api] [nio-8080-exec-1] org.hibernate.orm.jdbc.bind              : binding parameter (1:BIGINT) <- [828]
2026-08-19T21:37:20.705+09:00 DEBUG 83049 --- [schedule-api] [nio-8080-exec-1] org.hibernate.SQL                        :
    select
        m1_0.member_id,
        m1_0.created_at,
        m1_0.email,
        m1_0.name,
        m1_0.updated_at
    from
        member m1_0
    where
        m1_0.member_id=?
2026-08-19T21:37:20.705+09:00 TRACE 83049 --- [schedule-api] [nio-8080-exec-1] org.hibernate.orm.jdbc.bind              : binding parameter (1:BIGINT) <- [829]
2026-08-19T21:37:20.705+09:00 DEBUG 83049 --- [schedule-api] [nio-8080-exec-1] org.hibernate.SQL                        :
    select
        m1_0.member_id,
        m1_0.created_at,
        m1_0.email,
        m1_0.name,
        m1_0.updated_at
    from
        member m1_0
    where
        m1_0.member_id=?
2026-08-19T21:37:20.705+09:00 TRACE 83049 --- [schedule-api] [nio-8080-exec-1] org.hibernate.orm.jdbc.bind              : binding parameter (1:BIGINT) <- [830]
2026-08-19T21:37:20.705+09:00 DEBUG 83049 --- [schedule-api] [nio-8080-exec-1] org.hibernate.SQL                        :
    select
        m1_0.member_id,
        m1_0.created_at,
        m1_0.email,
        m1_0.name,
        m1_0.updated_at
    from
        member m1_0
    where
        m1_0.member_id=?
2026-08-19T21:37:20.705+09:00 TRACE 83049 --- [schedule-api] [nio-8080-exec-1] org.hibernate.orm.jdbc.bind              : binding parameter (1:BIGINT) <- [831]
2026-08-19T21:37:20.705+09:00 DEBUG 83049 --- [schedule-api] [nio-8080-exec-1] org.hibernate.SQL                        :
    select
        m1_0.member_id,
        m1_0.created_at,
        m1_0.email,
        m1_0.name,
        m1_0.updated_at
    from
        member m1_0
    where
        m1_0.member_id=?
2026-08-19T21:37:20.705+09:00 TRACE 83049 --- [schedule-api] [nio-8080-exec-1] org.hibernate.orm.jdbc.bind              : binding parameter (1:BIGINT) <- [832]
2026-08-19T21:37:20.706+09:00 DEBUG 83049 --- [schedule-api] [nio-8080-exec-1] org.hibernate.SQL                        :
    select
        m1_0.member_id,
        m1_0.created_at,
        m1_0.email,
        m1_0.name,
        m1_0.updated_at
    from
        member m1_0
    where
        m1_0.member_id=?
2026-08-19T21:37:20.706+09:00 TRACE 83049 --- [schedule-api] [nio-8080-exec-1] org.hibernate.orm.jdbc.bind              : binding parameter (1:BIGINT) <- [833]
2026-08-19T21:37:20.706+09:00 DEBUG 83049 --- [schedule-api] [nio-8080-exec-1] org.hibernate.SQL                        :
    select
        m1_0.member_id,
        m1_0.created_at,
        m1_0.email,
        m1_0.name,
        m1_0.updated_at
    from
        member m1_0
    where
        m1_0.member_id=?
2026-08-19T21:37:20.706+09:00 TRACE 83049 --- [schedule-api] [nio-8080-exec-1] org.hibernate.orm.jdbc.bind              : binding parameter (1:BIGINT) <- [834]
2026-08-19T21:37:20.706+09:00 DEBUG 83049 --- [schedule-api] [nio-8080-exec-1] org.hibernate.SQL                        :
    select
        m1_0.member_id,
        m1_0.created_at,
        m1_0.email,
        m1_0.name,
        m1_0.updated_at
    from
        member m1_0
    where
        m1_0.member_id=?
2026-08-19T21:37:20.706+09:00 TRACE 83049 --- [schedule-api] [nio-8080-exec-1] org.hibernate.orm.jdbc.bind              : binding parameter (1:BIGINT) <- [835]
2026-08-19T21:37:20.706+09:00 DEBUG 83049 --- [schedule-api] [nio-8080-exec-1] org.hibernate.SQL                        :
    select
        m1_0.member_id,
        m1_0.created_at,
        m1_0.email,
        m1_0.name,
        m1_0.updated_at
    from
        member m1_0
    where
        m1_0.member_id=?
2026-08-19T21:37:20.706+09:00 TRACE 83049 --- [schedule-api] [nio-8080-exec-1] org.hibernate.orm.jdbc.bind              : binding parameter (1:BIGINT) <- [836]
2026-08-19T21:37:20.706+09:00 DEBUG 83049 --- [schedule-api] [nio-8080-exec-1] org.hibernate.SQL                        :
    select
        m1_0.member_id,
        m1_0.created_at,
        m1_0.email,
        m1_0.name,
        m1_0.updated_at
    from
        member m1_0
    where
        m1_0.member_id=?
2026-08-19T21:37:20.706+09:00 TRACE 83049 --- [schedule-api] [nio-8080-exec-1] org.hibernate.orm.jdbc.bind              : binding parameter (1:BIGINT) <- [837]
2026-08-19T21:37:20.706+09:00 DEBUG 83049 --- [schedule-api] [nio-8080-exec-1] org.hibernate.SQL                        :
    select
        m1_0.member_id,
        m1_0.created_at,
        m1_0.email,
        m1_0.name,
        m1_0.updated_at
    from
        member m1_0
    where
        m1_0.member_id=?
2026-08-19T21:37:20.706+09:00 TRACE 83049 --- [schedule-api] [nio-8080-exec-1] org.hibernate.orm.jdbc.bind              : binding parameter (1:BIGINT) <- [838]
2026-08-19T21:37:20.706+09:00 DEBUG 83049 --- [schedule-api] [nio-8080-exec-1] org.hibernate.SQL                        :
    select
        m1_0.member_id,
        m1_0.created_at,
        m1_0.email,
        m1_0.name,
        m1_0.updated_at
    from
        member m1_0
    where
        m1_0.member_id=?
2026-08-19T21:37:20.706+09:00 TRACE 83049 --- [schedule-api] [nio-8080-exec-1] org.hibernate.orm.jdbc.bind              : binding parameter (1:BIGINT) <- [839]
2026-08-19T21:37:20.706+09:00 DEBUG 83049 --- [schedule-api] [nio-8080-exec-1] org.hibernate.SQL                        :
    select
        m1_0.member_id,
        m1_0.created_at,
        m1_0.email,
        m1_0.name,
        m1_0.updated_at
    from
        member m1_0
    where
        m1_0.member_id=?
2026-08-19T21:37:20.706+09:00 TRACE 83049 --- [schedule-api] [nio-8080-exec-1] org.hibernate.orm.jdbc.bind              : binding parameter (1:BIGINT) <- [840]
2026-08-19T21:37:20.707+09:00 DEBUG 83049 --- [schedule-api] [nio-8080-exec-1] org.hibernate.SQL                        :
    select
        m1_0.member_id,
        m1_0.created_at,
        m1_0.email,
        m1_0.name,
        m1_0.updated_at
    from
        member m1_0
    where
        m1_0.member_id=?
2026-08-19T21:37:20.707+09:00 TRACE 83049 --- [schedule-api] [nio-8080-exec-1] org.hibernate.orm.jdbc.bind              : binding parameter (1:BIGINT) <- [841]
2026-08-19T21:37:20.707+09:00 DEBUG 83049 --- [schedule-api] [nio-8080-exec-1] org.hibernate.SQL                        :
    select
        m1_0.member_id,
        m1_0.created_at,
        m1_0.email,
        m1_0.name,
        m1_0.updated_at
    from
        member m1_0
    where
        m1_0.member_id=?
2026-08-19T21:37:20.707+09:00 TRACE 83049 --- [schedule-api] [nio-8080-exec-1] org.hibernate.orm.jdbc.bind              : binding parameter (1:BIGINT) <- [842]
2026-08-19T21:37:20.707+09:00 DEBUG 83049 --- [schedule-api] [nio-8080-exec-1] org.hibernate.SQL                        :
    select
        m1_0.member_id,
        m1_0.created_at,
        m1_0.email,
        m1_0.name,
        m1_0.updated_at
    from
        member m1_0
    where
        m1_0.member_id=?
2026-08-19T21:37:20.707+09:00 TRACE 83049 --- [schedule-api] [nio-8080-exec-1] org.hibernate.orm.jdbc.bind              : binding parameter (1:BIGINT) <- [843]
2026-08-19T21:37:20.707+09:00 DEBUG 83049 --- [schedule-api] [nio-8080-exec-1] org.hibernate.SQL                        :
    select
        m1_0.member_id,
        m1_0.created_at,
        m1_0.email,
        m1_0.name,
        m1_0.updated_at
    from
        member m1_0
    where
        m1_0.member_id=?
2026-08-19T21:37:20.707+09:00 TRACE 83049 --- [schedule-api] [nio-8080-exec-1] org.hibernate.orm.jdbc.bind              : binding parameter (1:BIGINT) <- [844]
2026-08-19T21:37:20.707+09:00 DEBUG 83049 --- [schedule-api] [nio-8080-exec-1] org.hibernate.SQL                        :
    select
        m1_0.member_id,
        m1_0.created_at,
        m1_0.email,
        m1_0.name,
        m1_0.updated_at
    from
        member m1_0
    where
        m1_0.member_id=?
2026-08-19T21:37:20.707+09:00 TRACE 83049 --- [schedule-api] [nio-8080-exec-1] org.hibernate.orm.jdbc.bind              : binding parameter (1:BIGINT) <- [845]
2026-08-19T21:37:20.707+09:00 DEBUG 83049 --- [schedule-api] [nio-8080-exec-1] org.hibernate.SQL                        :
    select
        m1_0.member_id,
        m1_0.created_at,
        m1_0.email,
        m1_0.name,
        m1_0.updated_at
    from
        member m1_0
    where
        m1_0.member_id=?
2026-08-19T21:37:20.707+09:00 TRACE 83049 --- [schedule-api] [nio-8080-exec-1] org.hibernate.orm.jdbc.bind              : binding parameter (1:BIGINT) <- [846]
2026-08-19T21:37:20.707+09:00 DEBUG 83049 --- [schedule-api] [nio-8080-exec-1] org.hibernate.SQL                        :
    select
        m1_0.member_id,
        m1_0.created_at,
        m1_0.email,
        m1_0.name,
        m1_0.updated_at
    from
        member m1_0
    where
        m1_0.member_id=?
2026-08-19T21:37:20.707+09:00 TRACE 83049 --- [schedule-api] [nio-8080-exec-1] org.hibernate.orm.jdbc.bind              : binding parameter (1:BIGINT) <- [847]
2026-08-19T21:37:20.708+09:00 DEBUG 83049 --- [schedule-api] [nio-8080-exec-1] org.hibernate.SQL                        :
    select
        m1_0.member_id,
        m1_0.created_at,
        m1_0.email,
        m1_0.name,
        m1_0.updated_at
    from
        member m1_0
    where
        m1_0.member_id=?
2026-08-19T21:37:20.708+09:00 TRACE 83049 --- [schedule-api] [nio-8080-exec-1] org.hibernate.orm.jdbc.bind              : binding parameter (1:BIGINT) <- [848]
2026-08-19T21:37:20.708+09:00 DEBUG 83049 --- [schedule-api] [nio-8080-exec-1] org.hibernate.SQL                        :
    select
        m1_0.member_id,
        m1_0.created_at,
        m1_0.email,
        m1_0.name,
        m1_0.updated_at
    from
        member m1_0
    where
        m1_0.member_id=?
2026-08-19T21:37:20.708+09:00 TRACE 83049 --- [schedule-api] [nio-8080-exec-1] org.hibernate.orm.jdbc.bind              : binding parameter (1:BIGINT) <- [849]
2026-08-19T21:37:20.708+09:00 DEBUG 83049 --- [schedule-api] [nio-8080-exec-1] org.hibernate.SQL                        :
    select
        m1_0.member_id,
        m1_0.created_at,
        m1_0.email,
        m1_0.name,
        m1_0.updated_at
    from
        member m1_0
    where
        m1_0.member_id=?
2026-08-19T21:37:20.708+09:00 TRACE 83049 --- [schedule-api] [nio-8080-exec-1] org.hibernate.orm.jdbc.bind              : binding parameter (1:BIGINT) <- [850]
2026-08-19T21:37:20.708+09:00 DEBUG 83049 --- [schedule-api] [nio-8080-exec-1] org.hibernate.SQL                        :
    select
        m1_0.member_id,
        m1_0.created_at,
        m1_0.email,
        m1_0.name,
        m1_0.updated_at
    from
        member m1_0
    where
        m1_0.member_id=?
2026-08-19T21:37:20.708+09:00 TRACE 83049 --- [schedule-api] [nio-8080-exec-1] org.hibernate.orm.jdbc.bind              : binding parameter (1:BIGINT) <- [851]
2026-08-19T21:37:20.708+09:00 DEBUG 83049 --- [schedule-api] [nio-8080-exec-1] org.hibernate.SQL                        :
    select
        m1_0.member_id,
        m1_0.created_at,
        m1_0.email,
        m1_0.name,
        m1_0.updated_at
    from
        member m1_0
    where
        m1_0.member_id=?
2026-08-19T21:37:20.708+09:00 TRACE 83049 --- [schedule-api] [nio-8080-exec-1] org.hibernate.orm.jdbc.bind              : binding parameter (1:BIGINT) <- [852]
2026-08-19T21:37:20.708+09:00 DEBUG 83049 --- [schedule-api] [nio-8080-exec-1] org.hibernate.SQL                        :
    select
        m1_0.member_id,
        m1_0.created_at,
        m1_0.email,
        m1_0.name,
        m1_0.updated_at
    from
        member m1_0
    where
        m1_0.member_id=?
2026-08-19T21:37:20.708+09:00 TRACE 83049 --- [schedule-api] [nio-8080-exec-1] org.hibernate.orm.jdbc.bind              : binding parameter (1:BIGINT) <- [853]
2026-08-19T21:37:20.708+09:00 DEBUG 83049 --- [schedule-api] [nio-8080-exec-1] org.hibernate.SQL                        :
    select
        m1_0.member_id,
        m1_0.created_at,
        m1_0.email,
        m1_0.name,
        m1_0.updated_at
    from
        member m1_0
    where
        m1_0.member_id=?
2026-08-19T21:37:20.708+09:00 TRACE 83049 --- [schedule-api] [nio-8080-exec-1] org.hibernate.orm.jdbc.bind              : binding parameter (1:BIGINT) <- [854]
2026-08-19T21:37:20.708+09:00 DEBUG 83049 --- [schedule-api] [nio-8080-exec-1] org.hibernate.SQL                        :
    select
        m1_0.member_id,
        m1_0.created_at,
        m1_0.email,
        m1_0.name,
        m1_0.updated_at
    from
        member m1_0
    where
        m1_0.member_id=?
2026-08-19T21:37:20.708+09:00 TRACE 83049 --- [schedule-api] [nio-8080-exec-1] org.hibernate.orm.jdbc.bind              : binding parameter (1:BIGINT) <- [855]
2026-08-19T21:37:20.708+09:00 DEBUG 83049 --- [schedule-api] [nio-8080-exec-1] org.hibernate.SQL                        :
    select
        m1_0.member_id,
        m1_0.created_at,
        m1_0.email,
        m1_0.name,
        m1_0.updated_at
    from
        member m1_0
    where
        m1_0.member_id=?
2026-08-19T21:37:20.708+09:00 TRACE 83049 --- [schedule-api] [nio-8080-exec-1] org.hibernate.orm.jdbc.bind              : binding parameter (1:BIGINT) <- [856]
2026-08-19T21:37:20.708+09:00 DEBUG 83049 --- [schedule-api] [nio-8080-exec-1] org.hibernate.SQL                        :
    select
        m1_0.member_id,
        m1_0.created_at,
        m1_0.email,
        m1_0.name,
        m1_0.updated_at
    from
        member m1_0
    where
        m1_0.member_id=?
2026-08-19T21:37:20.708+09:00 TRACE 83049 --- [schedule-api] [nio-8080-exec-1] org.hibernate.orm.jdbc.bind              : binding parameter (1:BIGINT) <- [857]
2026-08-19T21:37:20.708+09:00 DEBUG 83049 --- [schedule-api] [nio-8080-exec-1] org.hibernate.SQL                        :
    select
        m1_0.member_id,
        m1_0.created_at,
        m1_0.email,
        m1_0.name,
        m1_0.updated_at
    from
        member m1_0
    where
        m1_0.member_id=?
2026-08-19T21:37:20.708+09:00 TRACE 83049 --- [schedule-api] [nio-8080-exec-1] org.hibernate.orm.jdbc.bind              : binding parameter (1:BIGINT) <- [858]
2026-08-19T21:37:20.709+09:00 DEBUG 83049 --- [schedule-api] [nio-8080-exec-1] org.hibernate.SQL                        :
    select
        m1_0.member_id,
        m1_0.created_at,
        m1_0.email,
        m1_0.name,
        m1_0.updated_at
    from
        member m1_0
    where
        m1_0.member_id=?
2026-08-19T21:37:20.709+09:00 TRACE 83049 --- [schedule-api] [nio-8080-exec-1] org.hibernate.orm.jdbc.bind              : binding parameter (1:BIGINT) <- [859]
2026-08-19T21:37:20.709+09:00 DEBUG 83049 --- [schedule-api] [nio-8080-exec-1] org.hibernate.SQL                        :
    select
        m1_0.member_id,
        m1_0.created_at,
        m1_0.email,
        m1_0.name,
        m1_0.updated_at
    from
        member m1_0
    where
        m1_0.member_id=?
2026-08-19T21:37:20.709+09:00 TRACE 83049 --- [schedule-api] [nio-8080-exec-1] org.hibernate.orm.jdbc.bind              : binding parameter (1:BIGINT) <- [860]
2026-08-19T21:37:20.709+09:00 DEBUG 83049 --- [schedule-api] [nio-8080-exec-1] org.hibernate.SQL                        :
    select
        m1_0.member_id,
        m1_0.created_at,
        m1_0.email,
        m1_0.name,
        m1_0.updated_at
    from
        member m1_0
    where
        m1_0.member_id=?
2026-08-19T21:37:20.709+09:00 TRACE 83049 --- [schedule-api] [nio-8080-exec-1] org.hibernate.orm.jdbc.bind              : binding parameter (1:BIGINT) <- [861]
2026-08-19T21:37:20.709+09:00 DEBUG 83049 --- [schedule-api] [nio-8080-exec-1] org.hibernate.SQL                        :
    select
        m1_0.member_id,
        m1_0.created_at,
        m1_0.email,
        m1_0.name,
        m1_0.updated_at
    from
        member m1_0
    where
        m1_0.member_id=?
2026-08-19T21:37:20.709+09:00 TRACE 83049 --- [schedule-api] [nio-8080-exec-1] org.hibernate.orm.jdbc.bind              : binding parameter (1:BIGINT) <- [862]
2026-08-19T21:37:20.709+09:00 DEBUG 83049 --- [schedule-api] [nio-8080-exec-1] org.hibernate.SQL                        :
    select
        m1_0.member_id,
        m1_0.created_at,
        m1_0.email,
        m1_0.name,
        m1_0.updated_at
    from
        member m1_0
    where
        m1_0.member_id=?
2026-08-19T21:37:20.709+09:00 TRACE 83049 --- [schedule-api] [nio-8080-exec-1] org.hibernate.orm.jdbc.bind              : binding parameter (1:BIGINT) <- [863]
2026-08-19T21:37:20.709+09:00 DEBUG 83049 --- [schedule-api] [nio-8080-exec-1] org.hibernate.SQL                        :
    select
        m1_0.member_id,
        m1_0.created_at,
        m1_0.email,
        m1_0.name,
        m1_0.updated_at
    from
        member m1_0
    where
        m1_0.member_id=?
2026-08-19T21:37:20.709+09:00 TRACE 83049 --- [schedule-api] [nio-8080-exec-1] org.hibernate.orm.jdbc.bind              : binding parameter (1:BIGINT) <- [864]
2026-08-19T21:37:20.709+09:00 DEBUG 83049 --- [schedule-api] [nio-8080-exec-1] org.hibernate.SQL                        :
    select
        m1_0.member_id,
        m1_0.created_at,
        m1_0.email,
        m1_0.name,
        m1_0.updated_at
    from
        member m1_0
    where
        m1_0.member_id=?
2026-08-19T21:37:20.709+09:00 TRACE 83049 --- [schedule-api] [nio-8080-exec-1] org.hibernate.orm.jdbc.bind              : binding parameter (1:BIGINT) <- [865]
2026-08-19T21:37:20.709+09:00 DEBUG 83049 --- [schedule-api] [nio-8080-exec-1] org.hibernate.SQL                        :
    select
        m1_0.member_id,
        m1_0.created_at,
        m1_0.email,
        m1_0.name,
        m1_0.updated_at
    from
        member m1_0
    where
        m1_0.member_id=?
2026-08-19T21:37:20.709+09:00 TRACE 83049 --- [schedule-api] [nio-8080-exec-1] org.hibernate.orm.jdbc.bind              : binding parameter (1:BIGINT) <- [866]
2026-08-19T21:37:20.709+09:00 DEBUG 83049 --- [schedule-api] [nio-8080-exec-1] org.hibernate.SQL                        :
    select
        m1_0.member_id,
        m1_0.created_at,
        m1_0.email,
        m1_0.name,
        m1_0.updated_at
    from
        member m1_0
    where
        m1_0.member_id=?
2026-08-19T21:37:20.709+09:00 TRACE 83049 --- [schedule-api] [nio-8080-exec-1] org.hibernate.orm.jdbc.bind              : binding parameter (1:BIGINT) <- [867]
2026-08-19T21:37:20.709+09:00 DEBUG 83049 --- [schedule-api] [nio-8080-exec-1] org.hibernate.SQL                        :
    select
        m1_0.member_id,
        m1_0.created_at,
        m1_0.email,
        m1_0.name,
        m1_0.updated_at
    from
        member m1_0
    where
        m1_0.member_id=?
2026-08-19T21:37:20.709+09:00 TRACE 83049 --- [schedule-api] [nio-8080-exec-1] org.hibernate.orm.jdbc.bind              : binding parameter (1:BIGINT) <- [868]
2026-08-19T21:37:20.709+09:00 DEBUG 83049 --- [schedule-api] [nio-8080-exec-1] org.hibernate.SQL                        :
    select
        m1_0.member_id,
        m1_0.created_at,
        m1_0.email,
        m1_0.name,
        m1_0.updated_at
    from
        member m1_0
    where
        m1_0.member_id=?
2026-08-19T21:37:20.710+09:00 TRACE 83049 --- [schedule-api] [nio-8080-exec-1] org.hibernate.orm.jdbc.bind              : binding parameter (1:BIGINT) <- [869]
2026-08-19T21:37:20.710+09:00 DEBUG 83049 --- [schedule-api] [nio-8080-exec-1] org.hibernate.SQL                        :
    select
        m1_0.member_id,
        m1_0.created_at,
        m1_0.email,
        m1_0.name,
        m1_0.updated_at
    from
        member m1_0
    where
        m1_0.member_id=?
2026-08-19T21:37:20.710+09:00 TRACE 83049 --- [schedule-api] [nio-8080-exec-1] org.hibernate.orm.jdbc.bind              : binding parameter (1:BIGINT) <- [870]
2026-08-19T21:37:20.710+09:00 DEBUG 83049 --- [schedule-api] [nio-8080-exec-1] org.hibernate.SQL                        :
    select
        m1_0.member_id,
        m1_0.created_at,
        m1_0.email,
        m1_0.name,
        m1_0.updated_at
    from
        member m1_0
    where
        m1_0.member_id=?
2026-08-19T21:37:20.710+09:00 TRACE 83049 --- [schedule-api] [nio-8080-exec-1] org.hibernate.orm.jdbc.bind              : binding parameter (1:BIGINT) <- [871]
2026-08-19T21:37:20.710+09:00 DEBUG 83049 --- [schedule-api] [nio-8080-exec-1] org.hibernate.SQL                        :
    select
        m1_0.member_id,
        m1_0.created_at,
        m1_0.email,
        m1_0.name,
        m1_0.updated_at
    from
        member m1_0
    where
        m1_0.member_id=?
2026-08-19T21:37:20.710+09:00 TRACE 83049 --- [schedule-api] [nio-8080-exec-1] org.hibernate.orm.jdbc.bind              : binding parameter (1:BIGINT) <- [872]
2026-08-19T21:37:20.710+09:00 DEBUG 83049 --- [schedule-api] [nio-8080-exec-1] org.hibernate.SQL                        :
    select
        m1_0.member_id,
        m1_0.created_at,
        m1_0.email,
        m1_0.name,
        m1_0.updated_at
    from
        member m1_0
    where
        m1_0.member_id=?
2026-08-19T21:37:20.710+09:00 TRACE 83049 --- [schedule-api] [nio-8080-exec-1] org.hibernate.orm.jdbc.bind              : binding parameter (1:BIGINT) <- [873]
2026-08-19T21:37:20.710+09:00 DEBUG 83049 --- [schedule-api] [nio-8080-exec-1] org.hibernate.SQL                        :
    select
        m1_0.member_id,
        m1_0.created_at,
        m1_0.email,
        m1_0.name,
        m1_0.updated_at
    from
        member m1_0
    where
        m1_0.member_id=?
2026-08-19T21:37:20.710+09:00 TRACE 83049 --- [schedule-api] [nio-8080-exec-1] org.hibernate.orm.jdbc.bind              : binding parameter (1:BIGINT) <- [874]
2026-08-19T21:37:20.710+09:00 DEBUG 83049 --- [schedule-api] [nio-8080-exec-1] org.hibernate.SQL                        :
    select
        m1_0.member_id,
        m1_0.created_at,
        m1_0.email,
        m1_0.name,
        m1_0.updated_at
    from
        member m1_0
    where
        m1_0.member_id=?
2026-08-19T21:37:20.710+09:00 TRACE 83049 --- [schedule-api] [nio-8080-exec-1] org.hibernate.orm.jdbc.bind              : binding parameter (1:BIGINT) <- [875]
2026-08-19T21:37:20.710+09:00 DEBUG 83049 --- [schedule-api] [nio-8080-exec-1] org.hibernate.SQL                        :
    select
        m1_0.member_id,
        m1_0.created_at,
        m1_0.email,
        m1_0.name,
        m1_0.updated_at
    from
        member m1_0
    where
        m1_0.member_id=?
2026-08-19T21:37:20.710+09:00 TRACE 83049 --- [schedule-api] [nio-8080-exec-1] org.hibernate.orm.jdbc.bind              : binding parameter (1:BIGINT) <- [876]
2026-08-19T21:37:20.710+09:00 DEBUG 83049 --- [schedule-api] [nio-8080-exec-1] org.hibernate.SQL                        :
    select
        m1_0.member_id,
        m1_0.created_at,
        m1_0.email,
        m1_0.name,
        m1_0.updated_at
    from
        member m1_0
    where
        m1_0.member_id=?
2026-08-19T21:37:20.710+09:00 TRACE 83049 --- [schedule-api] [nio-8080-exec-1] org.hibernate.orm.jdbc.bind              : binding parameter (1:BIGINT) <- [877]
2026-08-19T21:37:20.710+09:00 DEBUG 83049 --- [schedule-api] [nio-8080-exec-1] org.hibernate.SQL                        :
    select
        m1_0.member_id,
        m1_0.created_at,
        m1_0.email,
        m1_0.name,
        m1_0.updated_at
    from
        member m1_0
    where
        m1_0.member_id=?
2026-08-19T21:37:20.710+09:00 TRACE 83049 --- [schedule-api] [nio-8080-exec-1] org.hibernate.orm.jdbc.bind              : binding parameter (1:BIGINT) <- [878]
2026-08-19T21:37:20.711+09:00 DEBUG 83049 --- [schedule-api] [nio-8080-exec-1] org.hibernate.SQL                        :
    select
        m1_0.member_id,
        m1_0.created_at,
        m1_0.email,
        m1_0.name,
        m1_0.updated_at
    from
        member m1_0
    where
        m1_0.member_id=?
2026-08-19T21:37:20.711+09:00 TRACE 83049 --- [schedule-api] [nio-8080-exec-1] org.hibernate.orm.jdbc.bind              : binding parameter (1:BIGINT) <- [879]
2026-08-19T21:37:20.711+09:00 DEBUG 83049 --- [schedule-api] [nio-8080-exec-1] org.hibernate.SQL                        :
    select
        m1_0.member_id,
        m1_0.created_at,
        m1_0.email,
        m1_0.name,
        m1_0.updated_at
    from
        member m1_0
    where
        m1_0.member_id=?
2026-08-19T21:37:20.711+09:00 TRACE 83049 --- [schedule-api] [nio-8080-exec-1] org.hibernate.orm.jdbc.bind              : binding parameter (1:BIGINT) <- [880]
2026-08-19T21:37:20.711+09:00 DEBUG 83049 --- [schedule-api] [nio-8080-exec-1] org.hibernate.SQL                        :
    select
        m1_0.member_id,
        m1_0.created_at,
        m1_0.email,
        m1_0.name,
        m1_0.updated_at
    from
        member m1_0
    where
        m1_0.member_id=?
2026-08-19T21:37:20.711+09:00 TRACE 83049 --- [schedule-api] [nio-8080-exec-1] org.hibernate.orm.jdbc.bind              : binding parameter (1:BIGINT) <- [881]
2026-08-19T21:37:20.712+09:00 DEBUG 83049 --- [schedule-api] [nio-8080-exec-1] org.hibernate.SQL                        :
    select
        m1_0.member_id,
        m1_0.created_at,
        m1_0.email,
        m1_0.name,
        m1_0.updated_at
    from
        member m1_0
    where
        m1_0.member_id=?
2026-08-19T21:37:20.712+09:00 TRACE 83049 --- [schedule-api] [nio-8080-exec-1] org.hibernate.orm.jdbc.bind              : binding parameter (1:BIGINT) <- [882]
2026-08-19T21:37:20.712+09:00 DEBUG 83049 --- [schedule-api] [nio-8080-exec-1] org.hibernate.SQL                        :
    select
        m1_0.member_id,
        m1_0.created_at,
        m1_0.email,
        m1_0.name,
        m1_0.updated_at
    from
        member m1_0
    where
        m1_0.member_id=?
2026-08-19T21:37:20.712+09:00 TRACE 83049 --- [schedule-api] [nio-8080-exec-1] org.hibernate.orm.jdbc.bind              : binding parameter (1:BIGINT) <- [883]
2026-08-19T21:37:20.713+09:00 DEBUG 83049 --- [schedule-api] [nio-8080-exec-1] org.hibernate.SQL                        :
    select
        m1_0.member_id,
        m1_0.created_at,
        m1_0.email,
        m1_0.name,
        m1_0.updated_at
    from
        member m1_0
    where
        m1_0.member_id=?
2026-08-19T21:37:20.713+09:00 TRACE 83049 --- [schedule-api] [nio-8080-exec-1] org.hibernate.orm.jdbc.bind              : binding parameter (1:BIGINT) <- [884]
2026-08-19T21:37:20.714+09:00 DEBUG 83049 --- [schedule-api] [nio-8080-exec-1] org.hibernate.SQL                        :
    select
        m1_0.member_id,
        m1_0.created_at,
        m1_0.email,
        m1_0.name,
        m1_0.updated_at
    from
        member m1_0
    where
        m1_0.member_id=?
2026-08-19T21:37:20.714+09:00 TRACE 83049 --- [schedule-api] [nio-8080-exec-1] org.hibernate.orm.jdbc.bind              : binding parameter (1:BIGINT) <- [885]
2026-08-19T21:37:20.716+09:00 DEBUG 83049 --- [schedule-api] [nio-8080-exec-1] org.hibernate.SQL                        :
    select
        m1_0.member_id,
        m1_0.created_at,
        m1_0.email,
        m1_0.name,
        m1_0.updated_at
    from
        member m1_0
    where
        m1_0.member_id=?
2026-08-19T21:37:20.716+09:00 TRACE 83049 --- [schedule-api] [nio-8080-exec-1] org.hibernate.orm.jdbc.bind              : binding parameter (1:BIGINT) <- [886]
2026-08-19T21:37:20.717+09:00 DEBUG 83049 --- [schedule-api] [nio-8080-exec-1] org.hibernate.SQL                        :
    select
        m1_0.member_id,
        m1_0.created_at,
        m1_0.email,
        m1_0.name,
        m1_0.updated_at
    from
        member m1_0
    where
        m1_0.member_id=?
2026-08-19T21:37:20.718+09:00 TRACE 83049 --- [schedule-api] [nio-8080-exec-1] org.hibernate.orm.jdbc.bind              : binding parameter (1:BIGINT) <- [887]
2026-08-19T21:37:20.718+09:00 DEBUG 83049 --- [schedule-api] [nio-8080-exec-1] org.hibernate.SQL                        :
    select
        m1_0.member_id,
        m1_0.created_at,
        m1_0.email,
        m1_0.name,
        m1_0.updated_at
    from
        member m1_0
    where
        m1_0.member_id=?
2026-08-19T21:37:20.718+09:00 TRACE 83049 --- [schedule-api] [nio-8080-exec-1] org.hibernate.orm.jdbc.bind              : binding parameter (1:BIGINT) <- [888]
2026-08-19T21:37:20.718+09:00 DEBUG 83049 --- [schedule-api] [nio-8080-exec-1] org.hibernate.SQL                        :
    select
        m1_0.member_id,
        m1_0.created_at,
        m1_0.email,
        m1_0.name,
        m1_0.updated_at
    from
        member m1_0
    where
        m1_0.member_id=?
2026-08-19T21:37:20.718+09:00 TRACE 83049 --- [schedule-api] [nio-8080-exec-1] org.hibernate.orm.jdbc.bind              : binding parameter (1:BIGINT) <- [889]
2026-08-19T21:37:20.718+09:00 DEBUG 83049 --- [schedule-api] [nio-8080-exec-1] org.hibernate.SQL                        :
    select
        m1_0.member_id,
        m1_0.created_at,
        m1_0.email,
        m1_0.name,
        m1_0.updated_at
    from
        member m1_0
    where
        m1_0.member_id=?
2026-08-19T21:37:20.718+09:00 TRACE 83049 --- [schedule-api] [nio-8080-exec-1] org.hibernate.orm.jdbc.bind              : binding parameter (1:BIGINT) <- [890]
2026-08-19T21:37:20.718+09:00 DEBUG 83049 --- [schedule-api] [nio-8080-exec-1] org.hibernate.SQL                        :
    select
        m1_0.member_id,
        m1_0.created_at,
        m1_0.email,
        m1_0.name,
        m1_0.updated_at
    from
        member m1_0
    where
        m1_0.member_id=?
2026-08-19T21:37:20.718+09:00 TRACE 83049 --- [schedule-api] [nio-8080-exec-1] org.hibernate.orm.jdbc.bind              : binding parameter (1:BIGINT) <- [891]
2026-08-19T21:37:20.718+09:00 DEBUG 83049 --- [schedule-api] [nio-8080-exec-1] org.hibernate.SQL                        :
    select
        m1_0.member_id,
        m1_0.created_at,
        m1_0.email,
        m1_0.name,
        m1_0.updated_at
    from
        member m1_0
    where
        m1_0.member_id=?
2026-08-19T21:37:20.718+09:00 TRACE 83049 --- [schedule-api] [nio-8080-exec-1] org.hibernate.orm.jdbc.bind              : binding parameter (1:BIGINT) <- [892]
2026-08-19T21:37:20.718+09:00 DEBUG 83049 --- [schedule-api] [nio-8080-exec-1] org.hibernate.SQL                        :
    select
        m1_0.member_id,
        m1_0.created_at,
        m1_0.email,
        m1_0.name,
        m1_0.updated_at
    from
        member m1_0
    where
        m1_0.member_id=?
2026-08-19T21:37:20.718+09:00 TRACE 83049 --- [schedule-api] [nio-8080-exec-1] org.hibernate.orm.jdbc.bind              : binding parameter (1:BIGINT) <- [893]
2026-08-19T21:37:20.718+09:00 DEBUG 83049 --- [schedule-api] [nio-8080-exec-1] org.hibernate.SQL                        :
    select
        m1_0.member_id,
        m1_0.created_at,
        m1_0.email,
        m1_0.name,
        m1_0.updated_at
    from
        member m1_0
    where
        m1_0.member_id=?
2026-08-19T21:37:20.718+09:00 TRACE 83049 --- [schedule-api] [nio-8080-exec-1] org.hibernate.orm.jdbc.bind              : binding parameter (1:BIGINT) <- [894]
2026-08-19T21:37:20.718+09:00 DEBUG 83049 --- [schedule-api] [nio-8080-exec-1] org.hibernate.SQL                        :
    select
        m1_0.member_id,
        m1_0.created_at,
        m1_0.email,
        m1_0.name,
        m1_0.updated_at
    from
        member m1_0
    where
        m1_0.member_id=?
2026-08-19T21:37:20.718+09:00 TRACE 83049 --- [schedule-api] [nio-8080-exec-1] org.hibernate.orm.jdbc.bind              : binding parameter (1:BIGINT) <- [895]
2026-08-19T21:37:20.720+09:00 DEBUG 83049 --- [schedule-api] [nio-8080-exec-1] org.hibernate.SQL                        :
    select
        m1_0.member_id,
        m1_0.created_at,
        m1_0.email,
        m1_0.name,
        m1_0.updated_at
    from
        member m1_0
    where
        m1_0.member_id=?
2026-08-19T21:37:20.721+09:00 TRACE 83049 --- [schedule-api] [nio-8080-exec-1] org.hibernate.orm.jdbc.bind              : binding parameter (1:BIGINT) <- [896]
2026-08-19T21:37:20.722+09:00 DEBUG 83049 --- [schedule-api] [nio-8080-exec-1] org.hibernate.SQL                        :
    select
        m1_0.member_id,
        m1_0.created_at,
        m1_0.email,
        m1_0.name,
        m1_0.updated_at
    from
        member m1_0
    where
        m1_0.member_id=?
2026-08-19T21:37:20.722+09:00 TRACE 83049 --- [schedule-api] [nio-8080-exec-1] org.hibernate.orm.jdbc.bind              : binding parameter (1:BIGINT) <- [897]
2026-08-19T21:37:20.725+09:00 DEBUG 83049 --- [schedule-api] [nio-8080-exec-1] org.hibernate.SQL                        :
    select
        m1_0.member_id,
        m1_0.created_at,
        m1_0.email,
        m1_0.name,
        m1_0.updated_at
    from
        member m1_0
    where
        m1_0.member_id=?
2026-08-19T21:37:20.725+09:00 TRACE 83049 --- [schedule-api] [nio-8080-exec-1] org.hibernate.orm.jdbc.bind              : binding parameter (1:BIGINT) <- [898]
2026-08-19T21:37:20.727+09:00 DEBUG 83049 --- [schedule-api] [nio-8080-exec-1] org.hibernate.SQL                        :
    select
        m1_0.member_id,
        m1_0.created_at,
        m1_0.email,
        m1_0.name,
        m1_0.updated_at
    from
        member m1_0
    where
        m1_0.member_id=?
2026-08-19T21:37:20.727+09:00 TRACE 83049 --- [schedule-api] [nio-8080-exec-1] org.hibernate.orm.jdbc.bind              : binding parameter (1:BIGINT) <- [899]
2026-08-19T21:37:20.727+09:00 DEBUG 83049 --- [schedule-api] [nio-8080-exec-1] org.hibernate.SQL                        :
    select
        m1_0.member_id,
        m1_0.created_at,
        m1_0.email,
        m1_0.name,
        m1_0.updated_at
    from
        member m1_0
    where
        m1_0.member_id=?
2026-08-19T21:37:20.727+09:00 TRACE 83049 --- [schedule-api] [nio-8080-exec-1] org.hibernate.orm.jdbc.bind              : binding parameter (1:BIGINT) <- [900]
2026-08-19T21:37:20.728+09:00 DEBUG 83049 --- [schedule-api] [nio-8080-exec-1] org.hibernate.SQL                        :
    select
        m1_0.member_id,
        m1_0.created_at,
        m1_0.email,
        m1_0.name,
        m1_0.updated_at
    from
        member m1_0
    where
        m1_0.member_id=?
2026-08-19T21:37:20.728+09:00 TRACE 83049 --- [schedule-api] [nio-8080-exec-1] org.hibernate.orm.jdbc.bind              : binding parameter (1:BIGINT) <- [901]
2026-08-19T21:37:20.728+09:00 DEBUG 83049 --- [schedule-api] [nio-8080-exec-1] org.hibernate.SQL                        :
    select
        m1_0.member_id,
        m1_0.created_at,
        m1_0.email,
        m1_0.name,
        m1_0.updated_at
    from
        member m1_0
    where
        m1_0.member_id=?
2026-08-19T21:37:20.728+09:00 TRACE 83049 --- [schedule-api] [nio-8080-exec-1] org.hibernate.orm.jdbc.bind              : binding parameter (1:BIGINT) <- [902]
2026-08-19T21:37:20.728+09:00 DEBUG 83049 --- [schedule-api] [nio-8080-exec-1] org.hibernate.SQL                        :
    select
        m1_0.member_id,
        m1_0.created_at,
        m1_0.email,
        m1_0.name,
        m1_0.updated_at
    from
        member m1_0
    where
        m1_0.member_id=?
2026-08-19T21:37:20.728+09:00 TRACE 83049 --- [schedule-api] [nio-8080-exec-1] org.hibernate.orm.jdbc.bind              : binding parameter (1:BIGINT) <- [903]
2026-08-19T21:37:20.728+09:00 DEBUG 83049 --- [schedule-api] [nio-8080-exec-1] org.hibernate.SQL                        :
    select
        m1_0.member_id,
        m1_0.created_at,
        m1_0.email,
        m1_0.name,
        m1_0.updated_at
    from
        member m1_0
    where
        m1_0.member_id=?
2026-08-19T21:37:20.728+09:00 TRACE 83049 --- [schedule-api] [nio-8080-exec-1] org.hibernate.orm.jdbc.bind              : binding parameter (1:BIGINT) <- [904]
2026-08-19T21:37:20.728+09:00 DEBUG 83049 --- [schedule-api] [nio-8080-exec-1] org.hibernate.SQL                        :
    select
        m1_0.member_id,
        m1_0.created_at,
        m1_0.email,
        m1_0.name,
        m1_0.updated_at
    from
        member m1_0
    where
        m1_0.member_id=?
2026-08-19T21:37:20.728+09:00 TRACE 83049 --- [schedule-api] [nio-8080-exec-1] org.hibernate.orm.jdbc.bind              : binding parameter (1:BIGINT) <- [905]
2026-08-19T21:37:20.729+09:00 DEBUG 83049 --- [schedule-api] [nio-8080-exec-1] org.hibernate.SQL                        :
    select
        m1_0.member_id,
        m1_0.created_at,
        m1_0.email,
        m1_0.name,
        m1_0.updated_at
    from
        member m1_0
    where
        m1_0.member_id=?
2026-08-19T21:37:20.729+09:00 TRACE 83049 --- [schedule-api] [nio-8080-exec-1] org.hibernate.orm.jdbc.bind              : binding parameter (1:BIGINT) <- [906]
2026-08-19T21:37:20.729+09:00 DEBUG 83049 --- [schedule-api] [nio-8080-exec-1] org.hibernate.SQL                        :
    select
        m1_0.member_id,
        m1_0.created_at,
        m1_0.email,
        m1_0.name,
        m1_0.updated_at
    from
        member m1_0
    where
        m1_0.member_id=?
2026-08-19T21:37:20.729+09:00 TRACE 83049 --- [schedule-api] [nio-8080-exec-1] org.hibernate.orm.jdbc.bind              : binding parameter (1:BIGINT) <- [907]
2026-08-19T21:37:20.729+09:00 DEBUG 83049 --- [schedule-api] [nio-8080-exec-1] org.hibernate.SQL                        :
    select
        m1_0.member_id,
        m1_0.created_at,
        m1_0.email,
        m1_0.name,
        m1_0.updated_at
    from
        member m1_0
    where
        m1_0.member_id=?
2026-08-19T21:37:20.729+09:00 TRACE 83049 --- [schedule-api] [nio-8080-exec-1] org.hibernate.orm.jdbc.bind              : binding parameter (1:BIGINT) <- [908]
2026-08-19T21:37:20.729+09:00 DEBUG 83049 --- [schedule-api] [nio-8080-exec-1] org.hibernate.SQL                        :
    select
        m1_0.member_id,
        m1_0.created_at,
        m1_0.email,
        m1_0.name,
        m1_0.updated_at
    from
        member m1_0
    where
        m1_0.member_id=?
2026-08-19T21:37:20.729+09:00 TRACE 83049 --- [schedule-api] [nio-8080-exec-1] org.hibernate.orm.jdbc.bind              : binding parameter (1:BIGINT) <- [909]
2026-08-19T21:37:20.729+09:00 DEBUG 83049 --- [schedule-api] [nio-8080-exec-1] org.hibernate.SQL                        :
    select
        m1_0.member_id,
        m1_0.created_at,
        m1_0.email,
        m1_0.name,
        m1_0.updated_at
    from
        member m1_0
    where
        m1_0.member_id=?
2026-08-19T21:37:20.730+09:00 TRACE 83049 --- [schedule-api] [nio-8080-exec-1] org.hibernate.orm.jdbc.bind              : binding parameter (1:BIGINT) <- [910]
2026-08-19T21:37:20.730+09:00 DEBUG 83049 --- [schedule-api] [nio-8080-exec-1] org.hibernate.SQL                        :
    select
        m1_0.member_id,
        m1_0.created_at,
        m1_0.email,
        m1_0.name,
        m1_0.updated_at
    from
        member m1_0
    where
        m1_0.member_id=?
2026-08-19T21:37:20.730+09:00 TRACE 83049 --- [schedule-api] [nio-8080-exec-1] org.hibernate.orm.jdbc.bind              : binding parameter (1:BIGINT) <- [911]
2026-08-19T21:37:20.730+09:00 DEBUG 83049 --- [schedule-api] [nio-8080-exec-1] org.hibernate.SQL                        :
    select
        m1_0.member_id,
        m1_0.created_at,
        m1_0.email,
        m1_0.name,
        m1_0.updated_at
    from
        member m1_0
    where
        m1_0.member_id=?
2026-08-19T21:37:20.730+09:00 TRACE 83049 --- [schedule-api] [nio-8080-exec-1] org.hibernate.orm.jdbc.bind              : binding parameter (1:BIGINT) <- [912]
2026-08-19T21:37:20.730+09:00 DEBUG 83049 --- [schedule-api] [nio-8080-exec-1] org.hibernate.SQL                        :
    select
        m1_0.member_id,
        m1_0.created_at,
        m1_0.email,
        m1_0.name,
        m1_0.updated_at
    from
        member m1_0
    where
        m1_0.member_id=?
2026-08-19T21:37:20.730+09:00 TRACE 83049 --- [schedule-api] [nio-8080-exec-1] org.hibernate.orm.jdbc.bind              : binding parameter (1:BIGINT) <- [913]
2026-08-19T21:37:20.730+09:00 DEBUG 83049 --- [schedule-api] [nio-8080-exec-1] org.hibernate.SQL                        :
    select
        m1_0.member_id,
        m1_0.created_at,
        m1_0.email,
        m1_0.name,
        m1_0.updated_at
    from
        member m1_0
    where
        m1_0.member_id=?
2026-08-19T21:37:20.730+09:00 TRACE 83049 --- [schedule-api] [nio-8080-exec-1] org.hibernate.orm.jdbc.bind              : binding parameter (1:BIGINT) <- [914]
2026-08-19T21:37:20.730+09:00 DEBUG 83049 --- [schedule-api] [nio-8080-exec-1] org.hibernate.SQL                        :
    select
        m1_0.member_id,
        m1_0.created_at,
        m1_0.email,
        m1_0.name,
        m1_0.updated_at
    from
        member m1_0
    where
        m1_0.member_id=?
2026-08-19T21:37:20.730+09:00 TRACE 83049 --- [schedule-api] [nio-8080-exec-1] org.hibernate.orm.jdbc.bind              : binding parameter (1:BIGINT) <- [915]
2026-08-19T21:37:20.730+09:00 DEBUG 83049 --- [schedule-api] [nio-8080-exec-1] org.hibernate.SQL                        :
    select
        m1_0.member_id,
        m1_0.created_at,
        m1_0.email,
        m1_0.name,
        m1_0.updated_at
    from
        member m1_0
    where
        m1_0.member_id=?
2026-08-19T21:37:20.730+09:00 TRACE 83049 --- [schedule-api] [nio-8080-exec-1] org.hibernate.orm.jdbc.bind              : binding parameter (1:BIGINT) <- [916]
2026-08-19T21:37:20.730+09:00 DEBUG 83049 --- [schedule-api] [nio-8080-exec-1] org.hibernate.SQL                        :
    select
        m1_0.member_id,
        m1_0.created_at,
        m1_0.email,
        m1_0.name,
        m1_0.updated_at
    from
        member m1_0
    where
        m1_0.member_id=?
2026-08-19T21:37:20.730+09:00 TRACE 83049 --- [schedule-api] [nio-8080-exec-1] org.hibernate.orm.jdbc.bind              : binding parameter (1:BIGINT) <- [917]
2026-08-19T21:37:20.730+09:00 DEBUG 83049 --- [schedule-api] [nio-8080-exec-1] org.hibernate.SQL                        :
    select
        m1_0.member_id,
        m1_0.created_at,
        m1_0.email,
        m1_0.name,
        m1_0.updated_at
    from
        member m1_0
    where
        m1_0.member_id=?
2026-08-19T21:37:20.730+09:00 TRACE 83049 --- [schedule-api] [nio-8080-exec-1] org.hibernate.orm.jdbc.bind              : binding parameter (1:BIGINT) <- [918]
2026-08-19T21:37:20.730+09:00 DEBUG 83049 --- [schedule-api] [nio-8080-exec-1] org.hibernate.SQL                        :
    select
        m1_0.member_id,
        m1_0.created_at,
        m1_0.email,
        m1_0.name,
        m1_0.updated_at
    from
        member m1_0
    where
        m1_0.member_id=?
2026-08-19T21:37:20.730+09:00 TRACE 83049 --- [schedule-api] [nio-8080-exec-1] org.hibernate.orm.jdbc.bind              : binding parameter (1:BIGINT) <- [919]
2026-08-19T21:37:20.731+09:00 DEBUG 83049 --- [schedule-api] [nio-8080-exec-1] org.hibernate.SQL                        :
    select
        m1_0.member_id,
        m1_0.created_at,
        m1_0.email,
        m1_0.name,
        m1_0.updated_at
    from
        member m1_0
    where
        m1_0.member_id=?
2026-08-19T21:37:20.731+09:00 TRACE 83049 --- [schedule-api] [nio-8080-exec-1] org.hibernate.orm.jdbc.bind              : binding parameter (1:BIGINT) <- [920]
2026-08-19T21:37:20.731+09:00 DEBUG 83049 --- [schedule-api] [nio-8080-exec-1] org.hibernate.SQL                        :
    select
        m1_0.member_id,
        m1_0.created_at,
        m1_0.email,
        m1_0.name,
        m1_0.updated_at
    from
        member m1_0
    where
        m1_0.member_id=?
2026-08-19T21:37:20.731+09:00 TRACE 83049 --- [schedule-api] [nio-8080-exec-1] org.hibernate.orm.jdbc.bind              : binding parameter (1:BIGINT) <- [921]
2026-08-19T21:37:20.731+09:00 DEBUG 83049 --- [schedule-api] [nio-8080-exec-1] org.hibernate.SQL                        :
    select
        m1_0.member_id,
        m1_0.created_at,
        m1_0.email,
        m1_0.name,
        m1_0.updated_at
    from
        member m1_0
    where
        m1_0.member_id=?
2026-08-19T21:37:20.731+09:00 TRACE 83049 --- [schedule-api] [nio-8080-exec-1] org.hibernate.orm.jdbc.bind              : binding parameter (1:BIGINT) <- [922]
2026-08-19T21:37:20.731+09:00 DEBUG 83049 --- [schedule-api] [nio-8080-exec-1] org.hibernate.SQL                        :
    select
        m1_0.member_id,
        m1_0.created_at,
        m1_0.email,
        m1_0.name,
        m1_0.updated_at
    from
        member m1_0
    where
        m1_0.member_id=?
2026-08-19T21:37:20.731+09:00 TRACE 83049 --- [schedule-api] [nio-8080-exec-1] org.hibernate.orm.jdbc.bind              : binding parameter (1:BIGINT) <- [923]
2026-08-19T21:37:20.731+09:00 DEBUG 83049 --- [schedule-api] [nio-8080-exec-1] org.hibernate.SQL                        :
    select
        m1_0.member_id,
        m1_0.created_at,
        m1_0.email,
        m1_0.name,
        m1_0.updated_at
    from
        member m1_0
    where
        m1_0.member_id=?
2026-08-19T21:37:20.731+09:00 TRACE 83049 --- [schedule-api] [nio-8080-exec-1] org.hibernate.orm.jdbc.bind              : binding parameter (1:BIGINT) <- [924]
2026-08-19T21:37:20.731+09:00 DEBUG 83049 --- [schedule-api] [nio-8080-exec-1] org.hibernate.SQL                        :
    select
        m1_0.member_id,
        m1_0.created_at,
        m1_0.email,
        m1_0.name,
        m1_0.updated_at
    from
        member m1_0
    where
        m1_0.member_id=?
2026-08-19T21:37:20.731+09:00 TRACE 83049 --- [schedule-api] [nio-8080-exec-1] org.hibernate.orm.jdbc.bind              : binding parameter (1:BIGINT) <- [925]
2026-08-19T21:37:20.731+09:00 DEBUG 83049 --- [schedule-api] [nio-8080-exec-1] org.hibernate.SQL                        :
    select
        m1_0.member_id,
        m1_0.created_at,
        m1_0.email,
        m1_0.name,
        m1_0.updated_at
    from
        member m1_0
    where
        m1_0.member_id=?
2026-08-19T21:37:20.731+09:00 TRACE 83049 --- [schedule-api] [nio-8080-exec-1] org.hibernate.orm.jdbc.bind              : binding parameter (1:BIGINT) <- [926]
2026-08-19T21:37:20.731+09:00 DEBUG 83049 --- [schedule-api] [nio-8080-exec-1] org.hibernate.SQL                        :
    select
        m1_0.member_id,
        m1_0.created_at,
        m1_0.email,
        m1_0.name,
        m1_0.updated_at
    from
        member m1_0
    where
        m1_0.member_id=?
2026-08-19T21:37:20.731+09:00 TRACE 83049 --- [schedule-api] [nio-8080-exec-1] org.hibernate.orm.jdbc.bind              : binding parameter (1:BIGINT) <- [927]
2026-08-19T21:37:20.731+09:00 DEBUG 83049 --- [schedule-api] [nio-8080-exec-1] org.hibernate.SQL                        :
    select
        m1_0.member_id,
        m1_0.created_at,
        m1_0.email,
        m1_0.name,
        m1_0.updated_at
    from
        member m1_0
    where
        m1_0.member_id=?
2026-08-19T21:37:20.731+09:00 TRACE 83049 --- [schedule-api] [nio-8080-exec-1] org.hibernate.orm.jdbc.bind              : binding parameter (1:BIGINT) <- [928]
2026-08-19T21:37:20.731+09:00 DEBUG 83049 --- [schedule-api] [nio-8080-exec-1] org.hibernate.SQL                        :
    select
        m1_0.member_id,
        m1_0.created_at,
        m1_0.email,
        m1_0.name,
        m1_0.updated_at
    from
        member m1_0
    where
        m1_0.member_id=?
2026-08-19T21:37:20.731+09:00 TRACE 83049 --- [schedule-api] [nio-8080-exec-1] org.hibernate.orm.jdbc.bind              : binding parameter (1:BIGINT) <- [929]
2026-08-19T21:37:20.732+09:00 DEBUG 83049 --- [schedule-api] [nio-8080-exec-1] org.hibernate.SQL                        :
    select
        m1_0.member_id,
        m1_0.created_at,
        m1_0.email,
        m1_0.name,
        m1_0.updated_at
    from
        member m1_0
    where
        m1_0.member_id=?
2026-08-19T21:37:20.732+09:00 TRACE 83049 --- [schedule-api] [nio-8080-exec-1] org.hibernate.orm.jdbc.bind              : binding parameter (1:BIGINT) <- [930]
2026-08-19T21:37:20.732+09:00 DEBUG 83049 --- [schedule-api] [nio-8080-exec-1] org.hibernate.SQL                        :
    select
        m1_0.member_id,
        m1_0.created_at,
        m1_0.email,
        m1_0.name,
        m1_0.updated_at
    from
        member m1_0
    where
        m1_0.member_id=?
2026-08-19T21:37:20.732+09:00 TRACE 83049 --- [schedule-api] [nio-8080-exec-1] org.hibernate.orm.jdbc.bind              : binding parameter (1:BIGINT) <- [931]
2026-08-19T21:37:20.732+09:00 DEBUG 83049 --- [schedule-api] [nio-8080-exec-1] org.hibernate.SQL                        :
    select
        m1_0.member_id,
        m1_0.created_at,
        m1_0.email,
        m1_0.name,
        m1_0.updated_at
    from
        member m1_0
    where
        m1_0.member_id=?
2026-08-19T21:37:20.732+09:00 TRACE 83049 --- [schedule-api] [nio-8080-exec-1] org.hibernate.orm.jdbc.bind              : binding parameter (1:BIGINT) <- [932]
2026-08-19T21:37:20.732+09:00 DEBUG 83049 --- [schedule-api] [nio-8080-exec-1] org.hibernate.SQL                        :
    select
        m1_0.member_id,
        m1_0.created_at,
        m1_0.email,
        m1_0.name,
        m1_0.updated_at
    from
        member m1_0
    where
        m1_0.member_id=?
2026-08-19T21:37:20.732+09:00 TRACE 83049 --- [schedule-api] [nio-8080-exec-1] org.hibernate.orm.jdbc.bind              : binding parameter (1:BIGINT) <- [933]
2026-08-19T21:37:20.732+09:00 DEBUG 83049 --- [schedule-api] [nio-8080-exec-1] org.hibernate.SQL                        :
    select
        m1_0.member_id,
        m1_0.created_at,
        m1_0.email,
        m1_0.name,
        m1_0.updated_at
    from
        member m1_0
    where
        m1_0.member_id=?
2026-08-19T21:37:20.732+09:00 TRACE 83049 --- [schedule-api] [nio-8080-exec-1] org.hibernate.orm.jdbc.bind              : binding parameter (1:BIGINT) <- [934]
2026-08-19T21:37:20.732+09:00 DEBUG 83049 --- [schedule-api] [nio-8080-exec-1] org.hibernate.SQL                        :
    select
        m1_0.member_id,
        m1_0.created_at,
        m1_0.email,
        m1_0.name,
        m1_0.updated_at
    from
        member m1_0
    where
        m1_0.member_id=?
2026-08-19T21:37:20.732+09:00 TRACE 83049 --- [schedule-api] [nio-8080-exec-1] org.hibernate.orm.jdbc.bind              : binding parameter (1:BIGINT) <- [935]
2026-08-19T21:37:20.732+09:00 DEBUG 83049 --- [schedule-api] [nio-8080-exec-1] org.hibernate.SQL                        :
    select
        m1_0.member_id,
        m1_0.created_at,
        m1_0.email,
        m1_0.name,
        m1_0.updated_at
    from
        member m1_0
    where
        m1_0.member_id=?
2026-08-19T21:37:20.732+09:00 TRACE 83049 --- [schedule-api] [nio-8080-exec-1] org.hibernate.orm.jdbc.bind              : binding parameter (1:BIGINT) <- [936]
2026-08-19T21:37:20.732+09:00 DEBUG 83049 --- [schedule-api] [nio-8080-exec-1] org.hibernate.SQL                        :
    select
        m1_0.member_id,
        m1_0.created_at,
        m1_0.email,
        m1_0.name,
        m1_0.updated_at
    from
        member m1_0
    where
        m1_0.member_id=?
2026-08-19T21:37:20.732+09:00 TRACE 83049 --- [schedule-api] [nio-8080-exec-1] org.hibernate.orm.jdbc.bind              : binding parameter (1:BIGINT) <- [937]
2026-08-19T21:37:20.734+09:00 DEBUG 83049 --- [schedule-api] [nio-8080-exec-1] org.hibernate.SQL                        :
    select
        m1_0.member_id,
        m1_0.created_at,
        m1_0.email,
        m1_0.name,
        m1_0.updated_at
    from
        member m1_0
    where
        m1_0.member_id=?
2026-08-19T21:37:20.734+09:00 TRACE 83049 --- [schedule-api] [nio-8080-exec-1] org.hibernate.orm.jdbc.bind              : binding parameter (1:BIGINT) <- [938]
2026-08-19T21:37:20.734+09:00 DEBUG 83049 --- [schedule-api] [nio-8080-exec-1] org.hibernate.SQL                        :
    select
        m1_0.member_id,
        m1_0.created_at,
        m1_0.email,
        m1_0.name,
        m1_0.updated_at
    from
        member m1_0
    where
        m1_0.member_id=?
2026-08-19T21:37:20.734+09:00 TRACE 83049 --- [schedule-api] [nio-8080-exec-1] org.hibernate.orm.jdbc.bind              : binding parameter (1:BIGINT) <- [939]
2026-08-19T21:37:20.734+09:00 DEBUG 83049 --- [schedule-api] [nio-8080-exec-1] org.hibernate.SQL                        :
    select
        m1_0.member_id,
        m1_0.created_at,
        m1_0.email,
        m1_0.name,
        m1_0.updated_at
    from
        member m1_0
    where
        m1_0.member_id=?
2026-08-19T21:37:20.734+09:00 TRACE 83049 --- [schedule-api] [nio-8080-exec-1] org.hibernate.orm.jdbc.bind              : binding parameter (1:BIGINT) <- [940]
2026-08-19T21:37:20.734+09:00 DEBUG 83049 --- [schedule-api] [nio-8080-exec-1] org.hibernate.SQL                        :
    select
        m1_0.member_id,
        m1_0.created_at,
        m1_0.email,
        m1_0.name,
        m1_0.updated_at
    from
        member m1_0
    where
        m1_0.member_id=?
2026-08-19T21:37:20.734+09:00 TRACE 83049 --- [schedule-api] [nio-8080-exec-1] org.hibernate.orm.jdbc.bind              : binding parameter (1:BIGINT) <- [941]
2026-08-19T21:37:20.735+09:00 DEBUG 83049 --- [schedule-api] [nio-8080-exec-1] org.hibernate.SQL                        :
    select
        m1_0.member_id,
        m1_0.created_at,
        m1_0.email,
        m1_0.name,
        m1_0.updated_at
    from
        member m1_0
    where
        m1_0.member_id=?
2026-08-19T21:37:20.735+09:00 TRACE 83049 --- [schedule-api] [nio-8080-exec-1] org.hibernate.orm.jdbc.bind              : binding parameter (1:BIGINT) <- [942]
2026-08-19T21:37:20.736+09:00 DEBUG 83049 --- [schedule-api] [nio-8080-exec-1] org.hibernate.SQL                        :
    select
        m1_0.member_id,
        m1_0.created_at,
        m1_0.email,
        m1_0.name,
        m1_0.updated_at
    from
        member m1_0
    where
        m1_0.member_id=?
2026-08-19T21:37:20.736+09:00 TRACE 83049 --- [schedule-api] [nio-8080-exec-1] org.hibernate.orm.jdbc.bind              : binding parameter (1:BIGINT) <- [943]
2026-08-19T21:37:20.737+09:00 DEBUG 83049 --- [schedule-api] [nio-8080-exec-1] org.hibernate.SQL                        :
    select
        m1_0.member_id,
        m1_0.created_at,
        m1_0.email,
        m1_0.name,
        m1_0.updated_at
    from
        member m1_0
    where
        m1_0.member_id=?
2026-08-19T21:37:20.737+09:00 TRACE 83049 --- [schedule-api] [nio-8080-exec-1] org.hibernate.orm.jdbc.bind              : binding parameter (1:BIGINT) <- [944]
2026-08-19T21:37:20.737+09:00 DEBUG 83049 --- [schedule-api] [nio-8080-exec-1] org.hibernate.SQL                        :
    select
        m1_0.member_id,
        m1_0.created_at,
        m1_0.email,
        m1_0.name,
        m1_0.updated_at
    from
        member m1_0
    where
        m1_0.member_id=?
2026-08-19T21:37:20.737+09:00 TRACE 83049 --- [schedule-api] [nio-8080-exec-1] org.hibernate.orm.jdbc.bind              : binding parameter (1:BIGINT) <- [945]
2026-08-19T21:37:20.737+09:00 DEBUG 83049 --- [schedule-api] [nio-8080-exec-1] org.hibernate.SQL                        :
    select
        m1_0.member_id,
        m1_0.created_at,
        m1_0.email,
        m1_0.name,
        m1_0.updated_at
    from
        member m1_0
    where
        m1_0.member_id=?
2026-08-19T21:37:20.737+09:00 TRACE 83049 --- [schedule-api] [nio-8080-exec-1] org.hibernate.orm.jdbc.bind              : binding parameter (1:BIGINT) <- [946]
2026-08-19T21:37:20.738+09:00 DEBUG 83049 --- [schedule-api] [nio-8080-exec-1] org.hibernate.SQL                        :
    select
        m1_0.member_id,
        m1_0.created_at,
        m1_0.email,
        m1_0.name,
        m1_0.updated_at
    from
        member m1_0
    where
        m1_0.member_id=?
2026-08-19T21:37:20.738+09:00 TRACE 83049 --- [schedule-api] [nio-8080-exec-1] org.hibernate.orm.jdbc.bind              : binding parameter (1:BIGINT) <- [947]
2026-08-19T21:37:20.738+09:00 DEBUG 83049 --- [schedule-api] [nio-8080-exec-1] org.hibernate.SQL                        :
    select
        m1_0.member_id,
        m1_0.created_at,
        m1_0.email,
        m1_0.name,
        m1_0.updated_at
    from
        member m1_0
    where
        m1_0.member_id=?
2026-08-19T21:37:20.738+09:00 TRACE 83049 --- [schedule-api] [nio-8080-exec-1] org.hibernate.orm.jdbc.bind              : binding parameter (1:BIGINT) <- [948]
2026-08-19T21:37:20.738+09:00 DEBUG 83049 --- [schedule-api] [nio-8080-exec-1] org.hibernate.SQL                        :
    select
        m1_0.member_id,
        m1_0.created_at,
        m1_0.email,
        m1_0.name,
        m1_0.updated_at
    from
        member m1_0
    where
        m1_0.member_id=?
2026-08-19T21:37:20.738+09:00 TRACE 83049 --- [schedule-api] [nio-8080-exec-1] org.hibernate.orm.jdbc.bind              : binding parameter (1:BIGINT) <- [949]
2026-08-19T21:37:20.738+09:00 DEBUG 83049 --- [schedule-api] [nio-8080-exec-1] org.hibernate.SQL                        :
    select
        m1_0.member_id,
        m1_0.created_at,
        m1_0.email,
        m1_0.name,
        m1_0.updated_at
    from
        member m1_0
    where
        m1_0.member_id=?
2026-08-19T21:37:20.738+09:00 TRACE 83049 --- [schedule-api] [nio-8080-exec-1] org.hibernate.orm.jdbc.bind              : binding parameter (1:BIGINT) <- [950]
2026-08-19T21:37:20.738+09:00 DEBUG 83049 --- [schedule-api] [nio-8080-exec-1] org.hibernate.SQL                        :
    select
        m1_0.member_id,
        m1_0.created_at,
        m1_0.email,
        m1_0.name,
        m1_0.updated_at
    from
        member m1_0
    where
        m1_0.member_id=?
2026-08-19T21:37:20.738+09:00 TRACE 83049 --- [schedule-api] [nio-8080-exec-1] org.hibernate.orm.jdbc.bind              : binding parameter (1:BIGINT) <- [951]
2026-08-19T21:37:20.738+09:00 DEBUG 83049 --- [schedule-api] [nio-8080-exec-1] org.hibernate.SQL                        :
    select
        m1_0.member_id,
        m1_0.created_at,
        m1_0.email,
        m1_0.name,
        m1_0.updated_at
    from
        member m1_0
    where
        m1_0.member_id=?
2026-08-19T21:37:20.738+09:00 TRACE 83049 --- [schedule-api] [nio-8080-exec-1] org.hibernate.orm.jdbc.bind              : binding parameter (1:BIGINT) <- [952]
2026-08-19T21:37:20.739+09:00 DEBUG 83049 --- [schedule-api] [nio-8080-exec-1] org.hibernate.SQL                        :
    select
        m1_0.member_id,
        m1_0.created_at,
        m1_0.email,
        m1_0.name,
        m1_0.updated_at
    from
        member m1_0
    where
        m1_0.member_id=?
2026-08-19T21:37:20.739+09:00 TRACE 83049 --- [schedule-api] [nio-8080-exec-1] org.hibernate.orm.jdbc.bind              : binding parameter (1:BIGINT) <- [953]
2026-08-19T21:37:20.739+09:00 DEBUG 83049 --- [schedule-api] [nio-8080-exec-1] org.hibernate.SQL                        :
    select
        m1_0.member_id,
        m1_0.created_at,
        m1_0.email,
        m1_0.name,
        m1_0.updated_at
    from
        member m1_0
    where
        m1_0.member_id=?
2026-08-19T21:37:20.739+09:00 TRACE 83049 --- [schedule-api] [nio-8080-exec-1] org.hibernate.orm.jdbc.bind              : binding parameter (1:BIGINT) <- [954]
2026-08-19T21:37:20.739+09:00 DEBUG 83049 --- [schedule-api] [nio-8080-exec-1] org.hibernate.SQL                        :
    select
        m1_0.member_id,
        m1_0.created_at,
        m1_0.email,
        m1_0.name,
        m1_0.updated_at
    from
        member m1_0
    where
        m1_0.member_id=?
2026-08-19T21:37:20.739+09:00 TRACE 83049 --- [schedule-api] [nio-8080-exec-1] org.hibernate.orm.jdbc.bind              : binding parameter (1:BIGINT) <- [955]
2026-08-19T21:37:20.739+09:00 DEBUG 83049 --- [schedule-api] [nio-8080-exec-1] org.hibernate.SQL                        :
    select
        m1_0.member_id,
        m1_0.created_at,
        m1_0.email,
        m1_0.name,
        m1_0.updated_at
    from
        member m1_0
    where
        m1_0.member_id=?
2026-08-19T21:37:20.739+09:00 TRACE 83049 --- [schedule-api] [nio-8080-exec-1] org.hibernate.orm.jdbc.bind              : binding parameter (1:BIGINT) <- [956]
2026-08-19T21:37:20.739+09:00 DEBUG 83049 --- [schedule-api] [nio-8080-exec-1] org.hibernate.SQL                        :
    select
        m1_0.member_id,
        m1_0.created_at,
        m1_0.email,
        m1_0.name,
        m1_0.updated_at
    from
        member m1_0
    where
        m1_0.member_id=?
2026-08-19T21:37:20.739+09:00 TRACE 83049 --- [schedule-api] [nio-8080-exec-1] org.hibernate.orm.jdbc.bind              : binding parameter (1:BIGINT) <- [957]
2026-08-19T21:37:20.739+09:00 DEBUG 83049 --- [schedule-api] [nio-8080-exec-1] org.hibernate.SQL                        :
    select
        m1_0.member_id,
        m1_0.created_at,
        m1_0.email,
        m1_0.name,
        m1_0.updated_at
    from
        member m1_0
    where
        m1_0.member_id=?
2026-08-19T21:37:20.739+09:00 TRACE 83049 --- [schedule-api] [nio-8080-exec-1] org.hibernate.orm.jdbc.bind              : binding parameter (1:BIGINT) <- [958]
2026-08-19T21:37:20.739+09:00 DEBUG 83049 --- [schedule-api] [nio-8080-exec-1] org.hibernate.SQL                        :
    select
        m1_0.member_id,
        m1_0.created_at,
        m1_0.email,
        m1_0.name,
        m1_0.updated_at
    from
        member m1_0
    where
        m1_0.member_id=?
2026-08-19T21:37:20.739+09:00 TRACE 83049 --- [schedule-api] [nio-8080-exec-1] org.hibernate.orm.jdbc.bind              : binding parameter (1:BIGINT) <- [959]
2026-08-19T21:37:20.739+09:00 DEBUG 83049 --- [schedule-api] [nio-8080-exec-1] org.hibernate.SQL                        :
    select
        m1_0.member_id,
        m1_0.created_at,
        m1_0.email,
        m1_0.name,
        m1_0.updated_at
    from
        member m1_0
    where
        m1_0.member_id=?
2026-08-19T21:37:20.739+09:00 TRACE 83049 --- [schedule-api] [nio-8080-exec-1] org.hibernate.orm.jdbc.bind              : binding parameter (1:BIGINT) <- [960]
2026-08-19T21:37:20.739+09:00 DEBUG 83049 --- [schedule-api] [nio-8080-exec-1] org.hibernate.SQL                        :
    select
        m1_0.member_id,
        m1_0.created_at,
        m1_0.email,
        m1_0.name,
        m1_0.updated_at
    from
        member m1_0
    where
        m1_0.member_id=?
2026-08-19T21:37:20.739+09:00 TRACE 83049 --- [schedule-api] [nio-8080-exec-1] org.hibernate.orm.jdbc.bind              : binding parameter (1:BIGINT) <- [961]
2026-08-19T21:37:20.739+09:00 DEBUG 83049 --- [schedule-api] [nio-8080-exec-1] org.hibernate.SQL                        :
    select
        m1_0.member_id,
        m1_0.created_at,
        m1_0.email,
        m1_0.name,
        m1_0.updated_at
    from
        member m1_0
    where
        m1_0.member_id=?
2026-08-19T21:37:20.739+09:00 TRACE 83049 --- [schedule-api] [nio-8080-exec-1] org.hibernate.orm.jdbc.bind              : binding parameter (1:BIGINT) <- [962]
2026-08-19T21:37:20.740+09:00 DEBUG 83049 --- [schedule-api] [nio-8080-exec-1] org.hibernate.SQL                        :
    select
        m1_0.member_id,
        m1_0.created_at,
        m1_0.email,
        m1_0.name,
        m1_0.updated_at
    from
        member m1_0
    where
        m1_0.member_id=?
2026-08-19T21:37:20.740+09:00 TRACE 83049 --- [schedule-api] [nio-8080-exec-1] org.hibernate.orm.jdbc.bind              : binding parameter (1:BIGINT) <- [963]
2026-08-19T21:37:20.740+09:00 DEBUG 83049 --- [schedule-api] [nio-8080-exec-1] org.hibernate.SQL                        :
    select
        m1_0.member_id,
        m1_0.created_at,
        m1_0.email,
        m1_0.name,
        m1_0.updated_at
    from
        member m1_0
    where
        m1_0.member_id=?
2026-08-19T21:37:20.740+09:00 TRACE 83049 --- [schedule-api] [nio-8080-exec-1] org.hibernate.orm.jdbc.bind              : binding parameter (1:BIGINT) <- [964]
2026-08-19T21:37:20.740+09:00 DEBUG 83049 --- [schedule-api] [nio-8080-exec-1] org.hibernate.SQL                        :
    select
        m1_0.member_id,
        m1_0.created_at,
        m1_0.email,
        m1_0.name,
        m1_0.updated_at
    from
        member m1_0
    where
        m1_0.member_id=?
2026-08-19T21:37:20.740+09:00 TRACE 83049 --- [schedule-api] [nio-8080-exec-1] org.hibernate.orm.jdbc.bind              : binding parameter (1:BIGINT) <- [965]
2026-08-19T21:37:20.740+09:00 DEBUG 83049 --- [schedule-api] [nio-8080-exec-1] org.hibernate.SQL                        :
    select
        m1_0.member_id,
        m1_0.created_at,
        m1_0.email,
        m1_0.name,
        m1_0.updated_at
    from
        member m1_0
    where
        m1_0.member_id=?
2026-08-19T21:37:20.740+09:00 TRACE 83049 --- [schedule-api] [nio-8080-exec-1] org.hibernate.orm.jdbc.bind              : binding parameter (1:BIGINT) <- [966]
2026-08-19T21:37:20.740+09:00 DEBUG 83049 --- [schedule-api] [nio-8080-exec-1] org.hibernate.SQL                        :
    select
        m1_0.member_id,
        m1_0.created_at,
        m1_0.email,
        m1_0.name,
        m1_0.updated_at
    from
        member m1_0
    where
        m1_0.member_id=?
2026-08-19T21:37:20.740+09:00 TRACE 83049 --- [schedule-api] [nio-8080-exec-1] org.hibernate.orm.jdbc.bind              : binding parameter (1:BIGINT) <- [967]
2026-08-19T21:37:20.740+09:00 DEBUG 83049 --- [schedule-api] [nio-8080-exec-1] org.hibernate.SQL                        :
    select
        m1_0.member_id,
        m1_0.created_at,
        m1_0.email,
        m1_0.name,
        m1_0.updated_at
    from
        member m1_0
    where
        m1_0.member_id=?
2026-08-19T21:37:20.740+09:00 TRACE 83049 --- [schedule-api] [nio-8080-exec-1] org.hibernate.orm.jdbc.bind              : binding parameter (1:BIGINT) <- [968]
2026-08-19T21:37:20.740+09:00 DEBUG 83049 --- [schedule-api] [nio-8080-exec-1] org.hibernate.SQL                        :
    select
        m1_0.member_id,
        m1_0.created_at,
        m1_0.email,
        m1_0.name,
        m1_0.updated_at
    from
        member m1_0
    where
        m1_0.member_id=?
2026-08-19T21:37:20.740+09:00 TRACE 83049 --- [schedule-api] [nio-8080-exec-1] org.hibernate.orm.jdbc.bind              : binding parameter (1:BIGINT) <- [969]
2026-08-19T21:37:20.741+09:00 DEBUG 83049 --- [schedule-api] [nio-8080-exec-1] org.hibernate.SQL                        :
    select
        m1_0.member_id,
        m1_0.created_at,
        m1_0.email,
        m1_0.name,
        m1_0.updated_at
    from
        member m1_0
    where
        m1_0.member_id=?
2026-08-19T21:37:20.741+09:00 TRACE 83049 --- [schedule-api] [nio-8080-exec-1] org.hibernate.orm.jdbc.bind              : binding parameter (1:BIGINT) <- [970]
2026-08-19T21:37:20.741+09:00 DEBUG 83049 --- [schedule-api] [nio-8080-exec-1] org.hibernate.SQL                        :
    select
        m1_0.member_id,
        m1_0.created_at,
        m1_0.email,
        m1_0.name,
        m1_0.updated_at
    from
        member m1_0
    where
        m1_0.member_id=?
2026-08-19T21:37:20.741+09:00 TRACE 83049 --- [schedule-api] [nio-8080-exec-1] org.hibernate.orm.jdbc.bind              : binding parameter (1:BIGINT) <- [971]
2026-08-19T21:37:20.741+09:00 DEBUG 83049 --- [schedule-api] [nio-8080-exec-1] org.hibernate.SQL                        :
    select
        m1_0.member_id,
        m1_0.created_at,
        m1_0.email,
        m1_0.name,
        m1_0.updated_at
    from
        member m1_0
    where
        m1_0.member_id=?
2026-08-19T21:37:20.741+09:00 TRACE 83049 --- [schedule-api] [nio-8080-exec-1] org.hibernate.orm.jdbc.bind              : binding parameter (1:BIGINT) <- [972]
2026-08-19T21:37:20.741+09:00 DEBUG 83049 --- [schedule-api] [nio-8080-exec-1] org.hibernate.SQL                        :
    select
        m1_0.member_id,
        m1_0.created_at,
        m1_0.email,
        m1_0.name,
        m1_0.updated_at
    from
        member m1_0
    where
        m1_0.member_id=?
2026-08-19T21:37:20.741+09:00 TRACE 83049 --- [schedule-api] [nio-8080-exec-1] org.hibernate.orm.jdbc.bind              : binding parameter (1:BIGINT) <- [973]
2026-08-19T21:37:20.741+09:00 DEBUG 83049 --- [schedule-api] [nio-8080-exec-1] org.hibernate.SQL                        :
    select
        m1_0.member_id,
        m1_0.created_at,
        m1_0.email,
        m1_0.name,
        m1_0.updated_at
    from
        member m1_0
    where
        m1_0.member_id=?
2026-08-19T21:37:20.741+09:00 TRACE 83049 --- [schedule-api] [nio-8080-exec-1] org.hibernate.orm.jdbc.bind              : binding parameter (1:BIGINT) <- [974]
2026-08-19T21:37:20.741+09:00 DEBUG 83049 --- [schedule-api] [nio-8080-exec-1] org.hibernate.SQL                        :
    select
        m1_0.member_id,
        m1_0.created_at,
        m1_0.email,
        m1_0.name,
        m1_0.updated_at
    from
        member m1_0
    where
        m1_0.member_id=?
2026-08-19T21:37:20.741+09:00 TRACE 83049 --- [schedule-api] [nio-8080-exec-1] org.hibernate.orm.jdbc.bind              : binding parameter (1:BIGINT) <- [975]
2026-08-19T21:37:20.741+09:00 DEBUG 83049 --- [schedule-api] [nio-8080-exec-1] org.hibernate.SQL                        :
    select
        m1_0.member_id,
        m1_0.created_at,
        m1_0.email,
        m1_0.name,
        m1_0.updated_at
    from
        member m1_0
    where
        m1_0.member_id=?
2026-08-19T21:37:20.741+09:00 TRACE 83049 --- [schedule-api] [nio-8080-exec-1] org.hibernate.orm.jdbc.bind              : binding parameter (1:BIGINT) <- [976]
2026-08-19T21:37:20.741+09:00 DEBUG 83049 --- [schedule-api] [nio-8080-exec-1] org.hibernate.SQL                        :
    select
        m1_0.member_id,
        m1_0.created_at,
        m1_0.email,
        m1_0.name,
        m1_0.updated_at
    from
        member m1_0
    where
        m1_0.member_id=?
2026-08-19T21:37:20.741+09:00 TRACE 83049 --- [schedule-api] [nio-8080-exec-1] org.hibernate.orm.jdbc.bind              : binding parameter (1:BIGINT) <- [977]
2026-08-19T21:37:20.741+09:00 DEBUG 83049 --- [schedule-api] [nio-8080-exec-1] org.hibernate.SQL                        :
    select
        m1_0.member_id,
        m1_0.created_at,
        m1_0.email,
        m1_0.name,
        m1_0.updated_at
    from
        member m1_0
    where
        m1_0.member_id=?
2026-08-19T21:37:20.741+09:00 TRACE 83049 --- [schedule-api] [nio-8080-exec-1] org.hibernate.orm.jdbc.bind              : binding parameter (1:BIGINT) <- [978]
2026-08-19T21:37:20.742+09:00 DEBUG 83049 --- [schedule-api] [nio-8080-exec-1] org.hibernate.SQL                        :
    select
        m1_0.member_id,
        m1_0.created_at,
        m1_0.email,
        m1_0.name,
        m1_0.updated_at
    from
        member m1_0
    where
        m1_0.member_id=?
2026-08-19T21:37:20.742+09:00 TRACE 83049 --- [schedule-api] [nio-8080-exec-1] org.hibernate.orm.jdbc.bind              : binding parameter (1:BIGINT) <- [979]
2026-08-19T21:37:20.742+09:00 DEBUG 83049 --- [schedule-api] [nio-8080-exec-1] org.hibernate.SQL                        :
    select
        m1_0.member_id,
        m1_0.created_at,
        m1_0.email,
        m1_0.name,
        m1_0.updated_at
    from
        member m1_0
    where
        m1_0.member_id=?
2026-08-19T21:37:20.742+09:00 TRACE 83049 --- [schedule-api] [nio-8080-exec-1] org.hibernate.orm.jdbc.bind              : binding parameter (1:BIGINT) <- [980]
2026-08-19T21:37:20.742+09:00 DEBUG 83049 --- [schedule-api] [nio-8080-exec-1] org.hibernate.SQL                        :
    select
        m1_0.member_id,
        m1_0.created_at,
        m1_0.email,
        m1_0.name,
        m1_0.updated_at
    from
        member m1_0
    where
        m1_0.member_id=?
2026-08-19T21:37:20.742+09:00 TRACE 83049 --- [schedule-api] [nio-8080-exec-1] org.hibernate.orm.jdbc.bind              : binding parameter (1:BIGINT) <- [981]
2026-08-19T21:37:20.742+09:00 DEBUG 83049 --- [schedule-api] [nio-8080-exec-1] org.hibernate.SQL                        :
    select
        m1_0.member_id,
        m1_0.created_at,
        m1_0.email,
        m1_0.name,
        m1_0.updated_at
    from
        member m1_0
    where
        m1_0.member_id=?
2026-08-19T21:37:20.742+09:00 TRACE 83049 --- [schedule-api] [nio-8080-exec-1] org.hibernate.orm.jdbc.bind              : binding parameter (1:BIGINT) <- [982]
2026-08-19T21:37:20.742+09:00 DEBUG 83049 --- [schedule-api] [nio-8080-exec-1] org.hibernate.SQL                        :
    select
        m1_0.member_id,
        m1_0.created_at,
        m1_0.email,
        m1_0.name,
        m1_0.updated_at
    from
        member m1_0
    where
        m1_0.member_id=?
2026-08-19T21:37:20.742+09:00 TRACE 83049 --- [schedule-api] [nio-8080-exec-1] org.hibernate.orm.jdbc.bind              : binding parameter (1:BIGINT) <- [983]
2026-08-19T21:37:20.743+09:00 DEBUG 83049 --- [schedule-api] [nio-8080-exec-1] org.hibernate.SQL                        :
    select
        m1_0.member_id,
        m1_0.created_at,
        m1_0.email,
        m1_0.name,
        m1_0.updated_at
    from
        member m1_0
    where
        m1_0.member_id=?
2026-08-19T21:37:20.743+09:00 TRACE 83049 --- [schedule-api] [nio-8080-exec-1] org.hibernate.orm.jdbc.bind              : binding parameter (1:BIGINT) <- [984]
2026-08-19T21:37:20.743+09:00 DEBUG 83049 --- [schedule-api] [nio-8080-exec-1] org.hibernate.SQL                        :
    select
        m1_0.member_id,
        m1_0.created_at,
        m1_0.email,
        m1_0.name,
        m1_0.updated_at
    from
        member m1_0
    where
        m1_0.member_id=?
2026-08-19T21:37:20.743+09:00 TRACE 83049 --- [schedule-api] [nio-8080-exec-1] org.hibernate.orm.jdbc.bind              : binding parameter (1:BIGINT) <- [985]
2026-08-19T21:37:20.743+09:00 DEBUG 83049 --- [schedule-api] [nio-8080-exec-1] org.hibernate.SQL                        :
    select
        m1_0.member_id,
        m1_0.created_at,
        m1_0.email,
        m1_0.name,
        m1_0.updated_at
    from
        member m1_0
    where
        m1_0.member_id=?
2026-08-19T21:37:20.743+09:00 TRACE 83049 --- [schedule-api] [nio-8080-exec-1] org.hibernate.orm.jdbc.bind              : binding parameter (1:BIGINT) <- [986]
2026-08-19T21:37:20.743+09:00 DEBUG 83049 --- [schedule-api] [nio-8080-exec-1] org.hibernate.SQL                        :
    select
        m1_0.member_id,
        m1_0.created_at,
        m1_0.email,
        m1_0.name,
        m1_0.updated_at
    from
        member m1_0
    where
        m1_0.member_id=?
2026-08-19T21:37:20.743+09:00 TRACE 83049 --- [schedule-api] [nio-8080-exec-1] org.hibernate.orm.jdbc.bind              : binding parameter (1:BIGINT) <- [987]
2026-08-19T21:37:20.743+09:00 DEBUG 83049 --- [schedule-api] [nio-8080-exec-1] org.hibernate.SQL                        :
    select
        m1_0.member_id,
        m1_0.created_at,
        m1_0.email,
        m1_0.name,
        m1_0.updated_at
    from
        member m1_0
    where
        m1_0.member_id=?
2026-08-19T21:37:20.743+09:00 TRACE 83049 --- [schedule-api] [nio-8080-exec-1] org.hibernate.orm.jdbc.bind              : binding parameter (1:BIGINT) <- [988]
2026-08-19T21:37:20.743+09:00 DEBUG 83049 --- [schedule-api] [nio-8080-exec-1] org.hibernate.SQL                        :
    select
        m1_0.member_id,
        m1_0.created_at,
        m1_0.email,
        m1_0.name,
        m1_0.updated_at
    from
        member m1_0
    where
        m1_0.member_id=?
2026-08-19T21:37:20.743+09:00 TRACE 83049 --- [schedule-api] [nio-8080-exec-1] org.hibernate.orm.jdbc.bind              : binding parameter (1:BIGINT) <- [989]
2026-08-19T21:37:20.743+09:00 DEBUG 83049 --- [schedule-api] [nio-8080-exec-1] org.hibernate.SQL                        :
    select
        m1_0.member_id,
        m1_0.created_at,
        m1_0.email,
        m1_0.name,
        m1_0.updated_at
    from
        member m1_0
    where
        m1_0.member_id=?
2026-08-19T21:37:20.743+09:00 TRACE 83049 --- [schedule-api] [nio-8080-exec-1] org.hibernate.orm.jdbc.bind              : binding parameter (1:BIGINT) <- [990]
2026-08-19T21:37:20.743+09:00 DEBUG 83049 --- [schedule-api] [nio-8080-exec-1] org.hibernate.SQL                        :
    select
        m1_0.member_id,
        m1_0.created_at,
        m1_0.email,
        m1_0.name,
        m1_0.updated_at
    from
        member m1_0
    where
        m1_0.member_id=?
2026-08-19T21:37:20.743+09:00 TRACE 83049 --- [schedule-api] [nio-8080-exec-1] org.hibernate.orm.jdbc.bind              : binding parameter (1:BIGINT) <- [991]
2026-08-19T21:37:20.743+09:00 DEBUG 83049 --- [schedule-api] [nio-8080-exec-1] org.hibernate.SQL                        :
    select
        m1_0.member_id,
        m1_0.created_at,
        m1_0.email,
        m1_0.name,
        m1_0.updated_at
    from
        member m1_0
    where
        m1_0.member_id=?
2026-08-19T21:37:20.743+09:00 TRACE 83049 --- [schedule-api] [nio-8080-exec-1] org.hibernate.orm.jdbc.bind              : binding parameter (1:BIGINT) <- [992]
2026-08-19T21:37:20.744+09:00 DEBUG 83049 --- [schedule-api] [nio-8080-exec-1] org.hibernate.SQL                        :
    select
        m1_0.member_id,
        m1_0.created_at,
        m1_0.email,
        m1_0.name,
        m1_0.updated_at
    from
        member m1_0
    where
        m1_0.member_id=?
2026-08-19T21:37:20.744+09:00 TRACE 83049 --- [schedule-api] [nio-8080-exec-1] org.hibernate.orm.jdbc.bind              : binding parameter (1:BIGINT) <- [993]
2026-08-19T21:37:20.744+09:00 DEBUG 83049 --- [schedule-api] [nio-8080-exec-1] org.hibernate.SQL                        :
    select
        m1_0.member_id,
        m1_0.created_at,
        m1_0.email,
        m1_0.name,
        m1_0.updated_at
    from
        member m1_0
    where
        m1_0.member_id=?
2026-08-19T21:37:20.744+09:00 TRACE 83049 --- [schedule-api] [nio-8080-exec-1] org.hibernate.orm.jdbc.bind              : binding parameter (1:BIGINT) <- [994]
2026-08-19T21:37:20.744+09:00 DEBUG 83049 --- [schedule-api] [nio-8080-exec-1] org.hibernate.SQL                        :
    select
        m1_0.member_id,
        m1_0.created_at,
        m1_0.email,
        m1_0.name,
        m1_0.updated_at
    from
        member m1_0
    where
        m1_0.member_id=?
2026-08-19T21:37:20.744+09:00 TRACE 83049 --- [schedule-api] [nio-8080-exec-1] org.hibernate.orm.jdbc.bind              : binding parameter (1:BIGINT) <- [995]
2026-08-19T21:37:20.744+09:00 DEBUG 83049 --- [schedule-api] [nio-8080-exec-1] org.hibernate.SQL                        :
    select
        m1_0.member_id,
        m1_0.created_at,
        m1_0.email,
        m1_0.name,
        m1_0.updated_at
    from
        member m1_0
    where
        m1_0.member_id=?
2026-08-19T21:37:20.744+09:00 TRACE 83049 --- [schedule-api] [nio-8080-exec-1] org.hibernate.orm.jdbc.bind              : binding parameter (1:BIGINT) <- [996]
2026-08-19T21:37:20.745+09:00 DEBUG 83049 --- [schedule-api] [nio-8080-exec-1] org.hibernate.SQL                        :
    select
        m1_0.member_id,
        m1_0.created_at,
        m1_0.email,
        m1_0.name,
        m1_0.updated_at
    from
        member m1_0
    where
        m1_0.member_id=?
2026-08-19T21:37:20.745+09:00 TRACE 83049 --- [schedule-api] [nio-8080-exec-1] org.hibernate.orm.jdbc.bind              : binding parameter (1:BIGINT) <- [997]
2026-08-19T21:37:20.745+09:00 DEBUG 83049 --- [schedule-api] [nio-8080-exec-1] org.hibernate.SQL                        :
    select
        m1_0.member_id,
        m1_0.created_at,
        m1_0.email,
        m1_0.name,
        m1_0.updated_at
    from
        member m1_0
    where
        m1_0.member_id=?
2026-08-19T21:37:20.745+09:00 TRACE 83049 --- [schedule-api] [nio-8080-exec-1] org.hibernate.orm.jdbc.bind              : binding parameter (1:BIGINT) <- [998]
2026-08-19T21:37:20.747+09:00 DEBUG 83049 --- [schedule-api] [nio-8080-exec-1] org.hibernate.SQL                        :
    select
        m1_0.member_id,
        m1_0.created_at,
        m1_0.email,
        m1_0.name,
        m1_0.updated_at
    from
        member m1_0
    where
        m1_0.member_id=?
2026-08-19T21:37:20.747+09:00 TRACE 83049 --- [schedule-api] [nio-8080-exec-1] org.hibernate.orm.jdbc.bind              : binding parameter (1:BIGINT) <- [999]
2026-08-19T21:37:20.747+09:00 DEBUG 83049 --- [schedule-api] [nio-8080-exec-1] org.hibernate.SQL                        :
    select
        m1_0.member_id,
        m1_0.created_at,
        m1_0.email,
        m1_0.name,
        m1_0.updated_at
    from
        member m1_0
    where
        m1_0.member_id=?
2026-08-19T21:37:20.747+09:00 TRACE 83049 --- [schedule-api] [nio-8080-exec-1] org.hibernate.orm.jdbc.bind              : binding parameter (1:BIGINT) <- [1000]
>>> 소요시간: 2431ms
